unitid,name,city,state,website,admit_rate,applicants,post_slug
110404,California Institute of Technology,Pasadena,CA,www.caltech.edu/,0.0314,13107,caltech
166027,Harvard University,Cambridge,MA,www.harvard.edu/,0.0345,56937,harvard
484844,Minerva University,San Francisco,CA,https://minerva.edu/,0.0355,9856,minerva-university
243744,Stanford University,Stanford,CA,www.stanford.edu/,0.0391,53733,stanford
190150,Columbia University in the City of New York,New York,NY,www.columbia.edu/,0.0423,57613,columbia
130794,Yale University,New Haven,CT,https://www.yale.edu/,0.045,51803,yale
186131,Princeton University,Princeton,NJ,www.princeton.edu/,0.045,39644,princeton
166683,Massachusetts Institute of Technology,Cambridge,MA,web.mit.edu/,0.0474,26904,mit
144050,University of Chicago,Chicago,IL,www.uchicago.edu/,0.0479,38631,chicago
217156,Brown University,Providence,RI,www.brown.edu/,0.0523,51316,brown
167358,Northeastern University,Boston,MA,www.northeastern.edu/,0.0565,96631,northeastern
215062,University of Pennsylvania,Philadelphia,PA,www.upenn.edu/,0.0587,59465,upenn
182670,Dartmouth College,Hanover,NH,https://dartmouth.edu/,0.0623,28841,dartmouth
221999,Vanderbilt University,Nashville,TN,www.vanderbilt.edu/,0.0628,45313,vanderbilt
121345,Pomona College,Claremont,CA,www.pomona.edu/,0.0676,12121,pomona
198419,Duke University,Durham,NC,www.duke.edu/,0.0678,46365,duke
161086,Colby College,Waterville,ME,www.colby.edu/,0.0683,17786,colby
216287,Swarthmore College,Swarthmore,PA,www.swarthmore.edu/,0.0694,14287,swarthmore
147767,Northwestern University,Evanston,IL,www.northwestern.edu/,0.0715,51769,northwestern
162928,Johns Hopkins University,Baltimore,MD,www.jhu.edu/,0.0756,38926,johns-hopkins
227757,Rice University,Houston,TX,www.rice.edu/,0.0788,31059,rice
189097,Barnard College,New York,NY,www.barnard.edu/,0.0796,11803,barnard
161004,Bowdoin College,Brunswick,ME,https://www.bowdoin.edu/,0.0802,10966,bowdoin-college
190415,Cornell University,Ithaca,NY,www.cornell.edu/,0.0816,65635,cornell
110662,University of California-Los Angeles,Los Angeles,CA,www.ucla.edu/,0.0873,145903,ucla
192110,The Juilliard School,New York,NY,www.juilliard.edu/,0.0896,2020,the-juilliard-school
164155,United States Naval Academy,Annapolis,MD,www.usna.edu/,0.0936,14727,naval-academy
193900,New York University,New York,NY,https://www.nyu.edu/,0.0941,113578,nyu
164465,Amherst College,Amherst,MA,www.amherst.edu/,0.0982,12727,amherst
168342,Williams College,Williamstown,MA,https://www.williams.edu/,0.0999,11465,williams
123961,University of Southern California,Los Angeles,CA,www.usc.edu/,0.1002,80808,usc
168148,Tufts University,Medford,MA,https://www.tufts.edu/,0.1013,34003,tufts
230959,Middlebury College,Middlebury,VT,https://www.middlebury.edu/college/,0.1037,13297,middlebury
164988,Boston University,Boston,MA,www.bu.edu/,0.1085,80495,boston-university
139658,Emory University,Atlanta,GA,www.emory.edu/,0.111,31929,emory
112260,Claremont McKenna College,Claremont,CA,www.cmc.edu/,0.1112,5799,claremont-mckenna
446561,Stanbridge University,Irvine,CA,www.stanbridge.edu/,0.1137,2700,
211440,Carnegie Mellon University,Pittsburgh,PA,www.cmu.edu/,0.114,33707,carnegie-mellon
110635,University of California-Berkeley,Berkeley,CA,www.berkeley.edu/,0.1166,125910,uc-berkeley
191515,Hamilton College,Clinton,NY,https://www.hamilton.edu/,0.1177,9643,hamilton
190099,Colgate University,Hamilton,NY,https://www.colgate.edu/,0.1195,21130,colgate
179867,Washington University in St Louis,St. Louis,MO,https://washu.edu/,0.1196,32240,washu
152080,University of Notre Dame,Notre Dame,IN,www.nd.edu/,0.1238,28353,notre-dame
153384,Grinnell College,Grinnell,IA,www.grinnell.edu/,0.1268,9988,grinnell
212911,Haverford College,Haverford,PA,https://www.haverford.edu/,0.1291,6391,haverford
160977,Bates College,Lewiston,ME,www.bates.edu/,0.1302,8937,bates-college
115409,Harvey Mudd College,Claremont,CA,https://www.hmc.edu/,0.1306,4792,harvey-mudd
131496,Georgetown University,Washington,DC,https://www.georgetown.edu/,0.1308,25485,
217493,Rhode Island School of Design,Providence,RI,https://www.risd.edu/,0.1381,7126,rhode-island-school-of-design
168218,Wellesley College,Wellesley,MA,www.wellesley.edu/,0.1391,8184,wellesley
128328,United States Air Force Academy,USAF Academy,CO,www.usafa.edu/,0.1393,9543,air-force-academy
197036,United States Military Academy,West  Point,NY,www.westpoint.edu/,0.1398,11430,west-point
198385,Davidson College,Davidson,NC,https://davidson.edu/,0.1448,7347,davidson
160755,Tulane University of Louisiana,New Orleans,LA,https://tulane.edu/,0.1459,27936,tulane-university-of-louisiana
178697,College of the Ozarks,Point Lookout,MO,www.cofo.edu/,0.1487,2495,college-of-the-ozarks
164924,Boston College,Chestnut Hill,MA,www.bc.edu/,0.1565,36069,boston-college
139755,Georgia Institute of Technology-Main Campus,Atlanta,GA,www.gatech.edu/,0.1646,52377,georgia-tech
118888,Northeastern University Oakland,Oakland,CA,https://oakland.northeastern.edu/,0.1654,17177,
121257,Pitzer College,Claremont,CA,https://www.pitzer.edu/,0.1666,3464,pitzer
234076,University of Virginia-Main Campus,Charlottesville,VA,https://www.virginia.edu/,0.1686,56528,virginia
202523,Denison University,Granville,OH,https://www.denison.edu/,0.1693,14580,denison
130697,Wesleyan University,Middletown,CT,https://www.wesleyan.edu/,0.171,14500,wesleyan-university
234207,Washington and Lee University,Lexington,VA,www.wlu.edu/,0.1736,6820,washington-and-lee
197133,Vassar College,Poughkeepsie,NY,www.vassar.edu/,0.1773,12145,vassar
170976,University of Michigan-Ann Arbor,Ann Arbor,MI,https://umich.edu/,0.1794,87632,michigan
135726,University of Miami,Coral Gables,FL,www.miami.edu/,0.1851,48286,university-of-miami
199120,University of North Carolina at Chapel Hill,Chapel Hill,NC,https://www.unc.edu/,0.1874,57902,unc
190372,The Cooper Union for the Advancement of Science and Art,New York,NY,https://www.cooper.edu/,0.1905,1790,cooper-union-for-the-advancement-of-science-and-art
167835,Smith College,Northampton,MA,www.smith.edu/,0.1973,9869,smith
164580,Babson College,Wellesley,MA,www.babson.edu/,0.1974,7995,babson
126678,Colorado College,Colorado Springs,CO,www.coloradocollege.edu/,0.2003,7532,colorado-college
170286,Hillsdale College,Hillsdale,MI,https://www.hillsdale.edu/,0.2059,2773,hillsdale
166124,College of the Holy Cross,Worcester,MA,www.holycross.edu/,0.211,8670,college-of-the-holy-cross
133650,Florida Agricultural and Mechanical University,Tallahassee,FL,www.famu.edu/,0.2112,22713,florida-agricultural-and-mechanical-university
199847,Wake Forest University,Winston-Salem,NC,www.wfu.edu/,0.2156,17479,wake-forest-university
441982,Franklin W Olin College of Engineering,Needham,MA,www.olin.edu/,0.2166,928,olin
173258,Carleton College,Northfield,MN,https://www.carleton.edu/,0.2228,6464,carleton
195526,Skidmore College,Saratoga Springs,NY,www.skidmore.edu/,0.2292,12144,skidmore-college
233374,University of Richmond,University of Richmond,VA,https://www.richmond.edu/,0.2331,15121,university-of-richmond
159009,Grambling State University,Grambling,LA,www.gram.edu/,0.2368,24521,grambling-state-university
134130,University of Florida,Gainesville,FL,https://www.ufl.edu/,0.2403,65375,florida
130624,United States Coast Guard Academy,New London,CT,https://www.uscga.edu/,0.2432,1789,coast-guard-academy
110680,University of California-San Diego,La Jolla,CA,www.ucsd.edu/,0.2452,130771,uc-san-diego
175342,Alcorn State University,Alcorn State,MS,www.alcorn.edu/,0.2466,7511,alcorn-state-university
188854,American Musical and Dramatic Academy,New York,NY,www.amda.edu/,0.2471,6580,american-musical-and-dramatic-academy
216597,Villanova University,Villanova,PA,www.villanova.edu/,0.2512,23127,villanova
134097,Florida State University,Tallahassee,FL,https://www.fsu.edu/,0.2538,74038,florida-state-university
110653,University of California-Irvine,Irvine,CA,www.uci.edu/,0.2557,121101,uc-irvine
211477,Central Penn College,Summerdale,PA,https://www.centralpenn.edu/,0.2593,594,
111081,California Institute of the Arts,Valencia,CA,https://www.calarts.edu/,0.2595,2023,california-institute-of-the-arts
209922,Reed College,Portland,OR,https://www.reed.edu/,0.2716,10045,reed
110705,University of California-Santa Barbara,Santa Barbara,CA,www.ucsb.edu/,0.2778,110871,uc-santa-barbara
229267,Trinity University,San Antonio,TX,https://new.trinity.edu/,0.2816,11425,trinity-university
173902,Macalester College,Saint Paul,MN,www.macalester.edu/,0.2821,8099,macalester
201645,Case Western Reserve University,Cleveland,OH,www.case.edu/,0.2868,39033,case-western
228778,The University of Texas at Austin,Austin,TX,https://www.utexas.edu/,0.2912,66109,ut-austin
213543,Lehigh University,Bethlehem,PA,www.lehigh.edu/,0.2926,18415,lehigh
110422,California Polytechnic State University-San Luis Obispo,San Luis Obispo,CA,calpoly.edu/,0.2975,63736,cal-poly-slo
194499,Plaza College,Forest Hills,NY,www.plazacollege.edu/,0.3,1410,plaza-college
199643,Shaw University,Raleigh,NC,www.shawu.edu/,0.3048,10699,shaw-university
203535,Kenyon College,Gambier,OH,https://www.kenyon.edu/,0.3071,8218,kenyon
211273,Bryn Mawr College,Bryn Mawr,PA,www.brynmawr.edu/,0.3106,3278,bryn-mawr
102377,Tuskegee University,Tuskegee,AL,https://www.tuskegee.edu/,0.3143,11742,tuskegee-university
213385,Lafayette College,Easton,PA,https://www.lafayette.edu/,0.3147,9874,lafayette-college
212577,Franklin and Marshall College,Lancaster,PA,https://www.fandm.edu/,0.3183,9231,franklin-and-marshall-college
211291,Bucknell University,Lewisburg,PA,www.bucknell.edu/,0.3201,11010,bucknell-university
217624,Allen University,Columbia,SC,https://www.allenuniversity.edu/,0.3212,3658,allen-university
197027,United States Merchant Marine Academy,Kings Point,NY,https://www.usmma.edu/,0.3247,1392,united-states-merchant-marine-academy
156295,Berea College,Berea,KY,https://www.berea.edu/,0.3271,2073,berea-college
231624,William & Mary,Williamsburg,VA,https://www.wm.edu/,0.3272,17548,william-mary
204501,Oberlin College,Oberlin,OH,www.oberlin.edu/,0.3298,11039,oberlin-college
199184,University of North Carolina School of the Arts,Winston Salem,NC,www.uncsa.edu/,0.331,1423,university-of-north-carolina-school-of-the-arts
201061,Art Academy of Cincinnati,Cincinnati,OH,https://www.artacademy.edu/,0.3314,1056,art-academy-of-cincinnati
130590,Trinity College,Hartford,CT,https://www.trincoll.edu/,0.3352,6396,trinity
197993,Bennett College,Greensboro,NC,https://www.bennett.edu/,0.3361,723,
227429,Paul Quinn College,Dallas,TX,https://paulquinn.edu/,0.3381,3398,paul-quinn-college
123165,Scripps College,Claremont,CA,www.scrippscollege.edu/,0.3394,3082,scripps
489937,Carolina University,Winston-Salem,NC,https://www.carolinau.edu/,0.34,547,carolina-university
141060,Spelman College,Atlanta,GA,www.spelman.edu/,0.3409,10610,spelman
179955,William Jewell College,Liberty,MO,https://www.jewell.edu/,0.3429,2132,william-jewell-college
122409,San Diego State University,San Diego,CA,https://www.sdsu.edu/,0.3444,82800,san-diego-state
156356,Brescia University,Owensboro,KY,www.brescia.edu/,0.3461,2534,brescia-university
176318,Rust College,Holly Springs,MS,www.rustcollege.edu/,0.3469,1715,rust-college
131520,Howard University,Washington,DC,www.howard.edu/,0.3489,30342,
165015,Brandeis University,Waltham,MA,https://www.brandeis.edu/,0.3531,11282,brandeis
120537,Hope International University,Fullerton,CA,www.hiu.edu/,0.3539,828,hope-international-university
242680,Inter American University of Puerto Rico-Fajardo,Fajardo,PR,www.fajardo.inter.edu/,0.3556,793,
195030,University of Rochester,Rochester,NY,https://www.rochester.edu/,0.3585,21680,university-of-rochester
242705,Inter American University of Puerto Rico-Bayamon,Bayamon,PR,bayamon.inter.edu/,0.3642,2054,
139959,University of Georgia,Athens,GA,www.uga.edu/,0.372,43419,georgia
172334,Spring Arbor University,Spring Arbor,MI,https://www.arbor.edu/,0.3733,3145,spring-arbor-university
196079,Binghamton University,Vestal,NY,www.binghamton.edu/,0.3773,49513,
242635,Inter American University of Puerto Rico-Arecibo,Arecibo,PR,www.arecibo.inter.edu/,0.3778,1056,
230047,Brigham Young University-Hawaii,Laie,HI,www.byuh.edu/,0.3787,1270,brigham-young-university-hawaii
217882,Clemson University,Clemson,SC,www.clemson.edu/,0.3805,60122,clemson
128902,Connecticut College,New London,CT,www.conncoll.edu/,0.3828,9397,connecticut-college
166939,Mount Holyoke College,South Hadley,MA,https://www.mtholyoke.edu/,0.3829,5030,mount-holyoke
111966,Charles R Drew University of Medicine and Science,Los Angeles,CA,www.cdrewu.edu/,0.3878,985,charles-r-drew-university-of-medicine-and-science
228343,Southwestern University,Georgetown,TX,https://www.southwestern.edu/,0.3907,6585,southwestern-university
445188,University of California-Merced,Merced,CA,ucmerced.edu/,0.3918,67891,university-of-california-merced
198066,Brevard College,Brevard,NC,https://www.brevard.edu/,0.395,2582,brevard-college
132903,University of Central Florida,Orlando,FL,https://www.ucf.edu/,0.3952,60627,university-of-central-florida
199193,North Carolina State University at Raleigh,Raleigh,NC,www.ncsu.edu/,0.3985,40049,nc-state
464226,Ottawa University-Surprise,Surprise,AZ,www.ottawa.edu/ouaz/home,0.3988,1359,ottawa-university-surprise
120254,Occidental College,Los Angeles,CA,https://www.oxy.edu/,0.3989,6573,occidental-college
201964,Ohio Christian University,Circleville,OH,www.ohiochristian.edu/,0.399,1223,ohio-christian-university
192712,Manhattan School of Music,New York,NY,https://www.msmnyc.edu/,0.3994,1432,manhattan-school-of-music
117946,Loyola Marymount University,Los Angeles,CA,https://www.lmu.edu/,0.4029,23361,loyola-marymount
158802,Dillard University,New Orleans,LA,https://www.dillard.edu/,0.4051,8065,dillard-university
144005,Chicago State University,Chicago,IL,www.csu.edu/,0.4052,9458,chicago-state-university
136950,Rollins College,Winter Park,FL,https://www.rollins.edu/,0.4056,9796,rollins-college
226231,LeTourneau University,Longview,TX,www.letu.edu/,0.4068,3518,letourneau-university
137847,The University of Tampa,Tampa,FL,https://www.ut.edu/,0.4093,35353,the-university-of-tampa
137351,University of South Florida,Tampa,FL,www.usf.edu/,0.4096,65187,university-of-south-florida-main-campus
231651,Regent University,Virginia Beach,VA,https://www.regent.edu/,0.4118,7261,regent-university
110644,University of California-Davis,Davis,CA,ucdavis.edu/,0.4163,94637,uc-davis
165334,Clark University,Worcester,MA,www.clarku.edu/,0.4167,10730,clark-university
196413,Syracuse University,Syracuse,NY,https://www.syracuse.edu/,0.4169,42089,syracuse-university
202514,Defiance College,Defiance,OH,www.defiance.edu/,0.4243,1546,defiance-college
120865,Pacific Union College,Angwin,CA,https://www.puc.edu/,0.4248,1323,pacific-union-college
236948,University of Washington-Seattle Campus,Seattle,WA,https://www.washington.edu/,0.4253,62428,washington
228875,Texas Christian University,Fort Worth,TX,https://www.tcu.edu/,0.426,20517,texas-christian-university
167057,The New England Conservatory of Music,Boston,MA,https://necmusic.edu/,0.4275,959,the-new-england-conservatory-of-music
198756,Johnson C Smith University,Charlotte,NC,https://www.jcsu.edu/,0.4287,4273,johnson-c-smith-university
212009,Dickinson College,Carlisle,PA,https://www.dickinson.edu/,0.4308,7185,dickinson-college
141167,Thomas University,Thomasville,GA,www.thomasu.edu/,0.4316,526,thomas-university
482477,DeVry University-Illinois,Lisle,IL,https://www.devry.edu/,0.4325,6314,devry-university-illinois
240444,University of Wisconsin-Madison,Madison,WI,www.wisc.edu/,0.4335,63505,wisconsin
186867,Stevens Institute of Technology,Hoboken,NJ,www.stevens.edu/,0.4344,14170,stevens
131469,George Washington University,Washington,DC,https://www.gwu.edu/,0.4354,27094,
145637,University of Illinois Urbana-Champaign,Champaign,IL,www.illinois.edu/,0.4369,67398,uiuc
196866,Union College,Schenectady,NY,www.union.edu/,0.4379,9295,union-college
122931,Santa Clara University,Santa Clara,CA,www.scu.edu/,0.4384,18843,santa-clara-university
163976,St. John's College,Annapolis,MD,www.sjc.edu/,0.4429,1059,st-johns
446048,Ave Maria University,Ave Maria,FL,www.avemaria.edu/,0.4481,2448,ave-maria-university
163286,University of Maryland-College Park,College Park,MD,www.umd.edu/,0.4484,59377,umd
129242,Fairfield University,Fairfield,CT,fairfield.edu/,0.4498,15463,fairfield-university
490133,Westcliff University,Irvine,CA,www.westcliff.edu/,0.4513,1458,westcliff-university
145646,Illinois Wesleyan University,Bloomington,IL,www.iwu.edu/,0.4517,6128,illinois-wesleyan
162210,Washington Adventist University,Takoma Park,MD,https://www.wau.edu/,0.4536,1691,washington-adventist-university
215053,Pennsylvania College of Art and Design,Lancaster,PA,pcad.edu/,0.4594,677,pennsylvania-college-of-art-and-design
226152,Texas A & M International University,Laredo,TX,www.tamiu.edu/,0.4596,8309,texas-a-and-m-international-university
221759,The University of Tennessee-Knoxville,Knoxville,TN,www.utk.edu/,0.4599,50488,
201690,Central State University,Wilberforce,OH,https://www.centralstate.edu/,0.46,3291,central-state-university
199102,North Carolina A & T State University,Greensboro,NC,www.ncat.edu/,0.4617,30717,north-carolina-a-and-t-state-university
222983,Austin College,Sherman,TX,www.austincollege.edu/,0.4666,5474,austin-college
242626,Inter American University of Puerto Rico-Aguadilla,Aguadilla,PR,aguadilla.inter.edu/,0.4674,1474,
122436,University of San Diego,San Diego,CA,www.sandiego.edu/,0.4675,15953,san-diego
110583,California State University-Long Beach,Long Beach,CA,www.csulb.edu/,0.4712,79680,california-state-university-long-beach
221971,Union University,Jackson,TN,www.uu.edu/,0.4718,3012,union
142294,The College of Idaho,Caldwell,ID,www.collegeofidaho.edu/,0.4722,4553,the-college-of-idaho
131159,American University,Washington,DC,www.american.edu/,0.4738,17786,
165662,Emerson College,Boston,MA,www.emerson.edu/,0.4748,11092,emerson-college
212674,Gettysburg College,Gettysburg,PA,https://www.gettysburg.edu/,0.4751,7123,gettysburg-college
155335,Newman University,Wichita,KS,www.newmanu.edu/,0.4761,985,newman-university
181853,York University,York,NE,www.york.edu/,0.4763,506,york-college
138275,Warner University,Lake Wales,FL,www.warner.edu/,0.4779,1628,warner-university
231420,Averett University,Danville,VA,https://www.averett.edu/,0.478,3322,averett-university
230816,Bennington College,Bennington,VT,https://www.bennington.edu/,0.4804,2825,bennington-college
219198,Mount Marty University,Yankton,SD,www.mountmarty.edu/,0.4814,1290,mount-marty-college
232265,Hampton University,Hampton,VA,www.hamptonu.edu/,0.4827,12119,hampton-university
188641,Alfred University,Alfred,NY,www.alfred.edu/,0.4833,7761,alfred-university
174127,Minneapolis College of Art and Design,Minneapolis,MN,https://mcad.edu/,0.4836,885,minneapolis-college-of-art-and-design
164739,Bentley University,Waltham,MA,www.bentley.edu/,0.4844,10482,bentley-university
117140,University of La Verne,La Verne,CA,https://www.laverne.edu/,0.4848,10813,university-of-la-verne
242699,Inter American University of Puerto Rico-Guayama,Guayama,PR,www.guayama.inter.edu/,0.485,501,
217402,Providence College,Providence,RI,https://www.providence.edu/,0.4872,12469,providence-college
176053,Mississippi College,Clinton,MS,www.mc.edu/,0.4887,3315,mississippi-college
196097,Stony Brook University,Stony Brook,NY,https://www.stonybrook.edu/,0.4901,50341,stony-brook
175980,Millsaps College,Jackson,MS,www.millsaps.edu/,0.4903,2058,millsaps-college
141334,University of West Georgia,Carrollton,GA,www.westga.edu/,0.4937,8399,university-of-west-georgia
162283,Coppin State University,Baltimore,MD,www.coppin.edu/,0.4956,4703,coppin-state-university
221351,Rhodes College,Memphis,TN,www.rhodes.edu/,0.4968,6025,rhodes
215293,University of Pittsburgh-Pittsburgh Campus,Pittsburgh,PA,www.pitt.edu/,0.497,58416,pitt
169327,Cleary University,Howell,MI,www.cleary.edu/,0.4975,593,cleary-university
121150,Pepperdine University,Malibu,CA,www.pepperdine.edu/,0.4985,12457,pepperdine-university
160621,Southern University and A & M College,Baton Rouge,LA,www.subr.edu/,0.4987,12221,southern-university-and-a-m-college
148131,Quincy University,Quincy,IL,https://www.quincy.edu/,0.4989,2197,quincy-university
164748,Berklee College of Music,Boston,MA,www.berklee.edu/,0.4991,7167,berklee-college-of-music
237057,Whitman College,Walla Walla,WA,www.whitman.edu/,0.4999,6185,whitman-college
