unitid,name,cds_year,file_url,page_url,link_url,match,checked_on
128498,Albertus Magnus College,2024-25,https://drive.usercontent.google.com/download?id=1cb-7QPm2EL_CSJP4lw1RN1qLEKfHiQiF&export=download,https://www.albertus.edu/policy-reports/institutional-research-and-assessment/common-data-set.php,https://drive.google.com/file/d/1cb-7QPm2EL_CSJP4lw1RN1qLEKfHiQiF/view?usp=sharing,Google file ID,2026-10-02
219709,Belmont University,2024-25,https://drive.usercontent.google.com/download?id=1S3YOAXK782hvRvBduoIGgF02dXedYafp&export=download,https://www.belmont.edu/irsa/facts-figures/common-data-set.html,https://www.belmont.edu/irsa/_files/data-sets/cds-2024-2025.pdf,same file (SHA-256),2026-10-02
164924,Boston College,2024-25,https://drive.usercontent.google.com/download?id=1Wz4J6SRfCTTibOEHavBLweEnYAxG_oJR&export=download,https://www.bc.edu/content/bc-web/sites/common-data-set.html,https://www.bc.edu/content/dam/bc1/offices/irp/ir/cds/Boston_College_CDS_2024-2025_Final.pdf,same file (SHA-256),2026-10-02
143358,Bradley University,2024-25,https://drive.usercontent.google.com/download?id=1jV0iWll0uRYQr5alcn6WbbAot8IlLx1p&export=download,https://www.bradley.edu/academics/academic-offices/institutional-effectiveness/,https://www.bradley.edu/wp-content/uploads/CDS_2024_2025-1.pdf,same file (SHA-256),2026-10-02
190512,CUNY Bernard M Baruch College,2024-25,https://drive.usercontent.google.com/download?id=12Y-yqkMAUDhkjU3tuhYWJ6wTNPUvhlZl&export=download,https://ir.baruch.cuny.edu/consumer-information/,https://ir.baruch.cuny.edu/wp-content/uploads/sites/23/2025/07/CDS-2024-2025-FINAL-Jun-12.pdf,same file (SHA-256),2026-10-02
110422,California Polytechnic State University-San Luis Obispo,2025-26,https://content-calpoly-edu.s3.amazonaws.com/ir/1/images/CDS-PDF-2025-2026_final_web_0.pdf,https://ir.calpoly.edu/content/publications_reports/cds/index,https://content-calpoly-edu.s3.amazonaws.com/ir/1/images/CDS-PDF-2025-2026_final_web_0.pdf,file path,2026-10-02
110565,California State University-Fullerton,2024-25,https://doc-00-60-sheets.googleusercontent.com/export/54bogvaave6cua4cdnls17ksc4/rdif47gcac31s70rrcm11ibj7k/1776619520000/105250506097979753968/*/1zg-f6N2sMBcTDZKbvxEsACFfVkutyzAK?format=xlsx,http://www.fullerton.edu/data/institutional-research/facts-and-figures.html,http://www.fullerton.edu/data/_resources/pdfs/institutional-research/cds/CDS-2024-2025.xlsx,same file (SHA-256),2026-10-02
110583,California State University-Long Beach,2024-25,https://drive.usercontent.google.com/download?id=1Jmfc1Ed7ucf7wTBjEphzcAJReyYPu8jJ&export=download,https://www.csulb.edu/institutional-research-analytics/common-data-set,https://www.csulb.edu/sites/default/files/2025/documents/CDS%202024%20-%202025%20%28PDF%29_2.pdf,same file (SHA-256),2026-10-02
110608,California State University-Northridge,2024-25,https://live-csu-northridge.pantheonsite.io/sites/default/files/2025-02/CDS%202024.xlsx,https://www.csun.edu/institutional-research/common-data-set/,https://live-csu-northridge.pantheonsite.io/sites/default/files/2025-02/CDS%202024.xlsx,file path,2026-10-02
190099,Colgate University,2024-25,https://drive.usercontent.google.com/download?id=1IqjJEZCqBf_tRwZlSjj65BYUabxaHyoB&export=download,https://www.colgate.edu/about/offices-centers-institutes/office-institutional-analysis/common-data-set,https://www.colgate.edu/sites/default/files/2025-07/Colgate%202024-25%20CDS%20for%20Website_0.pdf,same file (SHA-256),2026-10-02
202523,Denison University,2024-25,https://drive.usercontent.google.com/download?id=1gmNXk-Ziz_x3o1ybWE3CAhrRtckOryqU&export=download,https://denison.edu/forms/common-data-set,https://denison.edu/sites/default/files/forms/2025-11/denison-university-common-data-set--2024-2025_0.pdf,same file (SHA-256),2026-10-02
224554,East Texas A&M University,2025-26,https://www.etamu.edu/wp-content/uploads/2026/07/CDS_2025-2026-2.pdf,https://www.tamuc.edu/ir/,https://www.etamu.edu/wp-content/uploads/2026/07/CDS_2025-2026-2.pdf,file path,2026-10-02
133492,Eckerd College,2024-25,https://drive.usercontent.google.com/download?id=0B1YlcpfxYuReWkE4NzlQUnFiamM&export=download,https://www.eckerd.edu/about/factsheet/,https://drive.google.com/open?id=0B1YlcpfxYuReWkE4NzlQUnFiamM,Google file ID,2026-10-02
198516,Elon University,2024-25,https://doc-08-60-sheets.googleusercontent.com/export/54bogvaave6cua4cdnls17ksc4/meqpl9sf0vh5q90iq222eh13og/1776619620000/105250506097979753968/*/1n6Ohmk5B6OiXXih1maoo5WrVydFrBr3c?format=xlsx,http://www.elon.edu/u/administration/institutional-effectiveness/cds/,https://eloncdn.blob.core.windows.net/eu3/sites/521/2025/04/CDS2024-2025FinalTOUSE.xlsx,same file (SHA-256),2026-10-02
433660,Florida Gulf Coast University,2024-25,https://drive.usercontent.google.com/download?id=1adQcqwkHToXN9XmWPSjI48GFgTTrV0ag&export=download,https://www.fgcu.edu/planning/institutionalresearch/datareports,https://www.fgcu.edu/planning/institutionalresearch/files/cds-2024-2025-ada.pdf,same file (SHA-256),2026-10-02
441982,Franklin W Olin College of Engineering,2023-24,https://drive.usercontent.google.com/download?id=1ozXKVHV9qsewEEZROvNH25ldoAKsmSnt&export=download,https://www.olin.edu/about-offices-and-services/institutional-research-and-decision-support,https://www.olin.edu/sites/default/files/2024-05/CDS_2023_2024%20%282%29.pdf,same file (SHA-256),2026-10-02
131496,Georgetown University,2025-26,https://public.boxcloud.com/d/1/b1!44kQs5sOMtg7cXLLw_SgnrfalGX4xSdcAOaZn8RZ62HHFCKz1x7Mpx8ShyC23Ni1MlCjXAxSDMQGZY8mT4PxtS1bhRr_f9TzEK9BQhemVhIMLjZub1KxlaQhVi0f5SAEGdYFEUoCPzdFJunNK1mH8St6kIIV8wPw6OqL6WgJFj-ss2y4X3HC59dyRROSJSkG7_YHaK7LMnrBD3yrWMN3uKO1xXBGuJ29IJpYiZbMwHO9hTW2aaWum4geR7nMqctii9KrKZi2zp5S0UEzXB0tOWH1_WdZU4O3AVagSt0Efgv5eZEo2wihXX9C4mdYOGUPyYsK53rJdUdZAfaHRY3fWaed5YU3aTqktznA1GkllDIkxW10k2EehYP8O9a3BinZpjxnb5COnt9RqWBPDOmGm1f5iD5r8TaJQMSkZfrUnH02LMJAM_N6IJIDB5n0tl-UvytZdXnYUttt-MioMKfcxjfdXu5yGJw5-lNZjEccmittSyCoBgfQ6N4qoI_kWrp2ZtGn0ii_1oF_5tkNvrC2k8yUmWGnepnneXB3FJQ2_PyZ8546DBeqgMATitBnDPX87nPqep8gbEIVPFE3IeFMecnjeWfi7Fh80mbedfGvyM7Idn7ysIubAuCM4oHPuAcI__s4xllCbfOzzpM5xpPKvmcQlLiWF68IeyaQrsolbQU7tpIgSHjZOCuX81WWxZrAfnUPHNZydqGBSIJIDjZDoq9ugVeK4gORGX09WfTPym5BJh0v0zcxGTyujh_rBVGG-tQcAbLmXG_LUp-hHnlQNqiHUAZzIjv4C8lWncel5FFURtb40Nm9KMSD_iCi2LP-Okle7xXsVyTeJbW4EF1RYF-rSIluVV8SqVysfa6r35pHJh52zxy6lCXA-C0yrFlXLclQz0O3tLVFPTaSulrDkDDP1UeZNd_NvuGDgspw3SG2emUzjwcoOQWQoHfgQtF4oXbnDTy_TBShEt6MYlGVLbkbJrusJFr27irEgA7e5zhNfImAsVIsjOdXP1UzpvUBkgcW4Fo6SHEWj2R1QOzBvXsq6SQ4RTRLtnHyDaI8FJipDMkBiEPzNNUk-f04nn2Ddv7X5wVWtS-6drwgu1jSmVEpizb6BwPVmFSFquPstX0zTO7MToHCykHjJFHFcogXkaNqg64wYURzY5TJ00biXscTui60aslosuLMMUoSCIpDgZYpF6Jj9xeB-8r4oF6jxRHtRJTx5ynbg9odrfiNYpVXlO16Dkil_qsj5AnHpMA-xvb767pTIjr7hht8XmH3yc0tUIjHIxQ0u5PHSL3ep7PYJt9wzVpD2-ockybcI33-EIfRepuRVwemhWu2kkWfdiL9eZvyn70pAh2Wq946Eu69IMSo6vi9qUxY6WUYpTsS5jH66-OT7XzlDmT6oP0hbgj6hbt5DRPIvuIdhxC-ZdjqWKQhIRTxP0bqtZ7fHXsLIZQYNkEW8-w2gnDD3x5cqOwDq-3N1o6CPA4H-dSpZsF2z_Ot76sBUX7b_RuR-0R6en4KeTJ2wtwCLLpnP9hyQrWAuI84pYZXHUVybtcNtcKnf0aet94cgnhG6_JEqRw37TFaK4YDKxslpDqc/download,https://oads.georgetown.edu/commondataset/,https://georgetown.box.com/s/0r8akn4cbm52zjkll6i7uttlb9k36px2,same file (SHA-256),2026-10-02
166027,Harvard University,2025-26,https://bpb-us-e1.wpmucdn.com/sites.harvard.edu/dist/6/210/files/2026/07/CDS_2025-2026.pdf,https://oira.harvard.edu/common-data-set/,https://oira.harvard.edu/files/2026/07/CDS_2025-2026.pdf,file path,2026-10-02
145725,Illinois Institute of Technology,2023-24,https://drive.usercontent.google.com/download?id=1yxJibejN_DbM9-M4CVYR05FvyHSPwMIp&export=download,https://www.iit.edu/oii/common-data-set,https://www.iit.edu/sites/default/files/2024-07/Full-2023-2024-Common-Data-Set.pdf,same file (SHA-256),2026-10-02
145646,Illinois Wesleyan University,2024-25,https://drive.usercontent.google.com/download?id=1n2smyitAMGAXYMiFVJFa6IWE9kXfelqr&export=download,https://www.iwu.edu/institutional-effectiveness/dataset/cds-historical-information.html,https://www.iwu.edu/institutional-effectiveness/dataset/cds-iwu-03262025.pdf,same file (SHA-256),2026-10-02
203368,John Carroll University,2025-26,https://drive.usercontent.google.com/download?id=19A4F69gxe520JXxubBCEQH0m422gYRWn&export=download,https://www.jcu.edu/offices-and-services/institutional-effectiveness/,https://drive.google.com/file/d/19A4F69gxe520JXxubBCEQH0m422gYRWn/view?usp=sharing,Google file ID,2026-10-02
167288,Massachusetts College of Liberal Arts,2023-24,https://drive.usercontent.google.com/download?id=1k38GxY_NKR6mtoL_3ZiTJuNy2YBy9dI2&export=download,https://www.mcla.edu/administration/administrative-offices/institutional-research/institutional-data.php,https://www.mcla.edu/_pdfs/administration/administration-offices/institutional-research/2024-spring/MCLA-Common-Data-Set-2023-2024.pdf,same file (SHA-256),2026-10-02
166692,Massachusetts Maritime Academy,2025-26,https://drive.usercontent.google.com/download?id=1XQOmQ5A4oAmSpKIFz25yGE44dXSArLFk&export=download,https://www.maritime.edu/facts-figures,https://drive.google.com/file/d/1XQOmQ5A4oAmSpKIFz25yGE44dXSArLFk/view?usp=drive_link,Google file ID,2026-10-02
171100,Michigan State University,2025-26,https://edge.sitecorecloud.io/michiganstab57e-msustrategi129d-prod9868-7e5e/media/project/msu/ir/docs/cds/cds-2025-2026.pdf,https://ir.msu.edu/cds,https://edge.sitecorecloud.io/michiganstab57e-msustrategi129d-prod9868-7e5e/media/project/msu/ir/docs/cds/cds-2025-2026.pdf,file path,2026-10-02
209612,Pacific University,2025-26,https://public.boxcloud.com/d/1/b1!4cSa1RdGLTbdY8bMqUAcQu52SZg-fGEaRiidaskcUOUz-KD86qUNyVVN4oDT6-KzbYngiJhZENIHg5IMKJLsD_1Qei2qtO8bps6pFqa8Fk9BBrXDTvPCg67FkjduLCvlFn2lG55GzskGz9s5W2mzpbSmjvGCtYnZKHr3ZxIibO2wIue1HHBqkwCBoBHaPFjoyqzariWm5v0mflamtK1u6lsluMiavvQnzUDDkvc2USCsh72mxlPiIfUdHW3UOU8zN_FHaCJFgVep8ipL04IzhoY_RhMR38rUcN6Qsr84_qsPmBU-8-x-Fpra1L2GSlgPp8g7OA4U1b06mM4Omt37SRXu7zZvP3970hyVdo1y13YhdHbJPinQ8DFR7dIxt9GmpEHhgBt8XAcZcpgEjL-TGMARS2H-3InyIAWDfxGJxcYLVo_kLfdJfkZwQppaFN0bkocv6_kSN2uABy7twcqHV1vtCPjw5x0mWgw4WaXomE3b1rO7VaRuEFP7rNMuhn7Md80esjTIoGpNT60zlR_V6_FozHsXEMeBlPoTyaPAV424pBVMHGTPBtxRzYEe0MJap1MDy-DFsz7Isf0t-sEFsFoDjPtXMi_QjQ-Y5kOW4yysHWh0846yU2QKieK1aqJ_ZU1O-X5YYRAZZBDjAFnRMJVU_OzWKwvyK3Cbr1BpM8IvcE81_fb1eZ1dIUWpyjyTH3tJdGNz2Ioi_hn_KXy2cu2Hw1xzfGe2x1d86YEdgOnNQ0uZ1oTuixZ8kubZGGZa1n-BqY6Yt91Bl73W_jWYQjtea91YOf2GWcswwpjBOGIYymVgePeFR_AVju45CepxoQyOhCjYuO2YPuY2qymOZChEceuCwhIThb4x2lhZn9APyO5DBfqRAc-7E3I1_VDgQnT_ikJ6wMzoATC28SGviTV0jFfEtqAtWlV8ln_5IfgsmIW144slHxvgQT3VYwlRZaR3N6H99VbjQ5SV7YL7r7Uc_YSEhSMGfQFPvY84UOlBE4rZCq9cLbdrEVFtzIJmTE0ixFuecnOyx6iAicS8vtmuzntYdOoa2yU07DXVPy_UJbFR1u_e2lRclfvZ9sr5lMb5vUgOHgLN_GSN2ucp9Nb0aj8x7Qt5AMH_aekYymQMH2qfrfDId0EKxOsQL_hAzDYnlEy127pLwFzmlIqbQhpxwKb2dYwH0zV3e6GCX5DnZjkkORQlAyIUhbNavuZwJNOFoIKzwyCRhN_IYl91UfEXoYjXQgnVM5lAr9TbFK8q4No_slqmrV5KtMlHsnnMU5N-FaFSTFqSOg49CYiaMOoTr8ZhVG_vV6Cv8APmf2R22sPcta6lyGcWIf3l0HbMMjZxumvK_7Rjtwk8wJ7OBSoz3RVzjYPJF5-f1axB6hbSoG0qfGoHj_EbtrHva9yLETP-OjkjOoTYtycDOZ2JCq6EEj3eZyDpKTTEcpB_U2GqFMlTRZBdlchEjBqiHhCUf09oDQ8hFCNpLyTYOh0gVIHRrqbTqkRH9bIA6H-FdK9bW7_NG7BUPtCemZe6ijGYwraI3NYwB-lQybojqKHE9YYGYRnczf97tUfTw3QtDMtyhF5dDq-buxeEtCimEANbGl4SUStB-gksGpLWlFka0dkJv3sSMrhmrhJZjXWJ-YHLSGzk7s2_P20MLNmolhveyFtlSm_eWeWCiHgcKrd_V8HJYQoZOe-G2xnu/download,http://www.pacificu.edu/directory/provost-academic-affairs/institutional-research-assessment/data-center,https://pacificu.box.com/s/riszqv47wlr5qz7kmrgoo5rty4d28k5f,same file (SHA-256),2026-10-02
130226,Quinnipiac University,2023-24,https://drive.usercontent.google.com/download?id=16c0gNBSeFftkIPb8QQE5TQzJZ7uNIW5W&export=download,https://www.qu.edu/about-quinnipiac/institutional-research/,https://www.qu.edu/499cca/globalassets/global/media/qu/documents/about/institutional-research/cds_2023-2024_quinnipiac.pdf,same file (SHA-256),2026-10-02
207661,Rogers State University,2025-26,https://rogersstateuniversity.b-cdn.net/app/uploads/2026/06/CDS-2025-26.pdf,https://www.rsu.edu/institutional-research/common-data-set/,https://rogersstateuniversity.b-cdn.net/app/uploads/2026/06/CDS-2025-26.pdf,file path,2026-10-02
243744,Stanford University,2025-26,https://drive.usercontent.google.com/download?id=1GIPKgVj1d86dkmLkHI_mZVCk_iY6kiCp&export=download,https://irds.stanford.edu/data-findings/cds,https://drive.google.com/file/d/1GIPKgVj1d86dkmLkHI_mZVCk_iY6kiCp/view?usp=sharing,Google file ID,2026-10-02
129020,University of Connecticut,2024-25,https://drive.usercontent.google.com/download?id=1BBILZKCO-i59J0oRpd2d3FK2NOzlMbIz&export=download,https://bpir.uconn.edu/home/institutional-research/data-resources/common-data-set/,https://bpir.media.uconn.edu/wp-content/uploads/sites/3452/2025/07/UConn_CDS_2024_2025.pdf,same file (SHA-256),2026-10-02
127060,University of Denver,2024-25,https://drive.usercontent.google.com/download?id=1YDF8c3INLr3Ke6cidxKfJLGZNn2S-yi1&export=download,https://www.du.edu/ir/data-analytics/institutional-data-sources/cds,https://www.du.edu/sites/default/files/2025-02/CDS_2024_2025.pdf,same file (SHA-256),2026-10-02
166513,University of Massachusetts-Lowell,2023-24,https://drive.usercontent.google.com/download?id=1HZZiaqLR4YtCF-1EpGKQL8AQRDcsc3Kh&export=download,https://www.uml.edu/institutional-research/common-data-set.aspx,https://www.uml.edu/docs/CDS_2023-2024_UMass_Lowell_%284-12-24%29_tcm18-383430.pdf,same file (SHA-256),2026-10-02
199111,University of North Carolina Asheville,2024-25,https://drive.usercontent.google.com/download?id=1BIr6_uomfl7Wr32enLCSJdDj2-ax2Nje&export=download,https://www.unca.edu/irep/publications/common-data-set/,https://drive.google.com/file/d/1BIr6_uomfl7Wr32enLCSJdDj2-ax2Nje/view?usp=drive_link,Google file ID,2026-10-02
215062,University of Pennsylvania,2025-26,https://public.boxcloud.com/d/1/b1!kiJRdUvri6ipapOkH_nwDp_l2ytkr9bpPvCj8WE3f5DqnENiiL1OTVAiqI4FqjMONRkVlKEdpEBaTEiOt8mbq5JPApFR3MromJv3m2V_zsbQ_XyT1DL-uIS9yYywgpXxHKhvkBFRp2BWJWnw-LpmNP8ws8Leoczo22hGZR0dwkHF6Jc2BBmE1EvuFyeAimzIvejUTK0yYvMsgPcLrccR5FM9kMdTVkCxFTmOsQJyNYo5jx1svCkcugoZmD9vWukQspJ4k1Z0jbKtXS5kigco6W7LClOi2HPcYMzL6XURIjW4tzFI3bqnfz7s8tiUH_HHLSpyigGBB6bJYCul_qyCUDq5xkCsy6qD45zettLEaoYgJOHpczFqZVle01xhvWnuwa2mxmL52IqyAqWsS5Ed4XI6wxAAoigx-WvWaPwkq3aZ0H_2aCjESPouZbUiacIBM_JHzZevBJhQyeQKZl_PwY-xaRAgMZvpCdDJlqfyKfBV2X7qoMShz384PdwDpqhyXxCguBBJszPHslzbtaA4hWNX6UJvN5eocp-4XnVtMtHG42UcMbkFSiwR-a274SGj5hgHBLEhn5t5APorqBXWe5lODR1eM82aBgCHcQsYkArEsaqbWmKYgXBRcuGXwC7vJZZrKUYw4Pwel0EKxrZ8wruOWRsRx5SAEpFVkcfIX7wccTU3Yi9EPRGcuRQ5ORiSbafBHfT_uwgmBnkTyqQKOKDijDqjLOM-Lc-JuNBEhvnDy_LBgFNnDWTxmburd-Tf_u6iWTTD9LXvmxRr89NNprfIQBpyLVyS_5l0mrIC7cLeQQRwmL1RPc7HslAuRIsD-M-sGcp4jLjzXIIRcyzvjLb_QRhV2xNDBgY_pD7drxt1iqfyKqdGNmVfbYiAoPDRc68jtFgcgf3KMWkScUEOviJVSKh0M_Jbf4hqRiB2DWmHBSWGxPOOW24E_zdJW_Zs7wQbK2zxIAYhqjkIBW1cKxng1ys_smJuoPltbfSRqTgpNAmlgmgKVnQGv9ToVbP-TviMEyTdkB7KtOjkSVSsHUIU9c0QbTLSIIOtfg9uATf6F-EDipIBNSYlUCVqGgmKKNuA7whxHcyE6VAOR6NozwiKR8dxJAXYsqcArSob8bhhlcHrgLAwZ4GyW6o9HqaOquBX-q0AoR649nojs0-acsLv92q8_W2SH6CCjMYBjOwKsWpsLo2iUHkwK9ag-WGBe1rozSsKZBczPkH0vypTtQ9BCXadHHRmswIa5Ssh1RmRZsu63DayQW1PXmX6HS8GNpQcnuY2_YfLOx1D09Hxr76vgxYs4suIGrWlcWCgkxhj8gb-odBwYnbT-NjhQqkcgNOxKT2738d90HvYPss1i8Tf9ANKsCEo4z6PsUCTSGb2Mvg1qdSNJ_qhUekp9AoQmy0WRAA3VH7HrYunHlcK3VcP1a6JVIkMu8GEV-kFi8L9akOZC5mZ9AMmOkuMLXdQxndJ1wnhAtkSgBS0vPHCnN8no8YTHUrpCOxagrLfhW7LV8DfKj_sD_PuWkKs-kSl9-bP3_L84Mj-VaB5wX0cszpfQElynLGY6Edr4dlIaq5NIA../download,https://ira.upenn.edu/penn-numbers/common-data-set,https://upenn.box.com/s/woo7d85yxpol6j9e2o121aucjc6dc1k5,same file (SHA-256),2026-10-02
236328,University of Puget Sound,2024-25,https://drive.usercontent.google.com/download?id=1OaFaCV_d54yJCHVUmPKSu6C7Rermnahs&export=download,https://www.pugetsound.edu/institutional-research/general-information,https://www.pugetsound.edu/sites/default/files/2025-02/CDS2024-25_0.pdf,same file (SHA-256),2026-10-02
161554,University of Southern Maine,2024-25,https://drive.usercontent.google.com/download?id=1_NikQCdk6Lfc3mvYccU1oXwcjF0Nlvd4&export=download,https://usm.maine.edu/department-of-analysis-applications-institutional-research/common-data-set-2024-2025/,https://drive.google.com/file/d/1_NikQCdk6Lfc3mvYccU1oXwcjF0Nlvd4/view?usp=drive_link,Google file ID,2026-10-02
168218,Wellesley College,2025-26,https://wellesley-college.files.svdcdn.com/production/administrative-departments/OIR/CDS_2025-2026-FINAL.pdf?dm=1773253066,https://www.wellesley.edu/about-us/offices-departments/office-of-institutional-research/public-data,https://wellesley-college.files.svdcdn.com/production/administrative-departments/OIR/CDS_2025-2026-FINAL.pdf?dm=1773253066,file path,2026-10-02
230807,Westminster University,2025-26,https://westminsteru.edu/_resources/files/default-source/common-data-set-2025-2026.xlsx,https://www.westminstercollege.edu/about/institutional-research/common-data-set.html,https://www.westminstercollege.edu/_resources/files/default-source/common-data-set-2025-2026.xlsx,file path,2026-10-02
