unitid,name,cds_year,read,sha256
138600,Agnes Scott College,2025-26,link,d22c312ade054ccf3219633fe8ac23ab13c3a84546bc9c2a7fff5c838728d2e7
128498,Albertus Magnus College,2024-25,link,85ad922aeeb460620ab20bc10418c8c97984803f134d88b35a64a596699fd0b3
168546,Albion College,2025-26,link,a5823d787bfd0e1732480d2f7229344d04b57004c3a49de604e5027b610749cb
188641,Alfred University,2023-24,link,e64500c1d54acd6be64f09370282c9a605dd599c5d1df475e5f0ae149c577be1
210669,Allegheny College,2025-26,link,ac7d72d91e3ab879bcd901ea5e4ef0488ae9239789127173752fe7e2043a38c5
131159,American University,2024-25,link,d59c878a63d3565a633f0eba2eb2b643e75ce9f8d38a6453744486839841b038
164465,Amherst College,2024-25,link,e4ca2052381e79a97fe06aefc408a3c53dd342ed049c7109c3fae62454badc31
197869,Appalachian State University,2024-25,link,9572a5e47fd5828b642c45c25cbfcb0c5fca86f7dcd17917199767e0b0598e20
168786,Aquinas College,2024-25,link,296ebf2ee29213eb3e0a3260b98ff146f4e5eccde61213e71d537eae313f0101
211088,Arcadia University,2023-24,link,453a582306b5f1173aab3770df9c69d2850e2d50976736d9685e47e1953d1e37
104151,Arizona State University Campus Immersion,2025-26,archived copy,f00341721add0e051460a5311e216a2e9657ddcf9c3edead28aa167b912d26a7
109651,Art Center College of Design,2025-26,link,5a1dfa78320b6df3b9e4546c5bfc4fffb0b28970efb027fc39c0f09f30c4ad27
201104,Ashland University,2023-24,link,b6afffe7e7a6cea38a97c2a2f8e925d4c6f1e7bc5740a38ee5392891c5866378
100858,Auburn University,2024-25,archived copy,976dac42702039d9eab19ded00b545b013f41fbc2da8b0b0db055b9295018b0d
100830,Auburn University at Montgomery,2024-25,link,b60a62762d359b45bddbe590449ea384274ed69cf1303a0cf29d8f93a0f34c81
143084,Augustana College,2025-26,link,fddb53b1e9edc102e06694ef27c9cd5a48233fef2f6dc17d933f8de8260fcc17
219000,Augustana University,2025-26,link,43286845463a41797d5984eb492dde5557272f957210725c62b51c9bfc08f8cc
143118,Aurora University,2025-26,link,5955c79c8ff0423ea13e509be70cfae31c339f09395bb137dbb6721e50cf8892
222983,Austin College,2025-26,link,9cb33cc75f93d1ecb9c2a83f475a1f3af1926c815977d97eaf76e4bd6edebee0
219602,Austin Peay State University,2025-26,link,02179110e23e1363d3eba7f7c7a687216a24c713d76e29a0ed5122b0c7b9ae60
164580,Babson College,2024-25,link,d2c362f93aa121594755c408cd39eae303866eff1e67fc5e17abab73faf6a19a
168847,Baker College,2025-26,link,7b427cdb9b7bd5280fed807e16d428dc2706fda28bad61ff6d974081aceabbbb
201195,Baldwin Wallace University,2025-26,link,6cd562d2ec432b99b18543817edcd9962d367d5066fbc9e15619a7fe85d7c403
189088,Bard College,2024-25,link,fa83e4f8593d938235d091f7126e0d593cc5d1cf31b925128c9c1c33a3fc803d
189097,Barnard College,2025-26,link,388e875e5686402323800da6961479c8f14ef94d40e9caa06a77a102cb272ba4
197911,Barton College,2025-26,link,a1c9ce3471ea473f61a6a569f1e4b974093db1cb706dd7471f0deb3a9fdabe5a
160977,Bates College,2025-26,link,5f3e152d2ecfc6834738437c5a23375cdbffe6b86c2f85e15a874706b1813a8f
223232,Baylor University,2024-25,link,4aab5df2979d096bba9ef4738047840c83f6375f5e89578e711659294a2e2391
219709,Belmont University,2024-25,link,e2c6c5de57785ff341896c424336a449660ae3b255549ddfba2f78d93ddb0342
238333,Beloit College,2025-26,link,14f5c38c36f38c758179e134f972a09984a80035f8d3c68355af4f94703192d1
145619,Benedictine University,2024-25,link,98eb1cef3d7a684ca6563769416d69374fb11715a5e0833e84909ca0bfc9ef2c
230816,Bennington College,2024-25,link,ea427d0e07f521bc27a4ad5a167733d27b7c8ac58e2121013ca42c490a1240db
164739,Bentley University,2024-25,link,3340cb930283abcb9865ac4b26bd1929d3eb2788f69ee6973f6bac2c517ab02e
164748,Berklee College of Music,2025-26,link,f3f60ed37c5c4414feae484839ea1a192c5817a33721eeb286ad14a96ccb6458
173160,Bethel University,2025-26,link,b9f3f85e42cb5f77777b1b320932cba594ffaf30362dea1738db789ccdc373ec
132602,Bethune-Cookman University,2024-25,link,78f057d2cc914d6b7492bd5ad7480223d177f8bda8c5d47301cf8a7a110eae18
196079,Binghamton University,2024-25,link,5c2311c1178ccd57ea8f4be784dddfe320d8a305e213f4710109a6fd44a95aee
142115,Boise State University,2025-26,link,823160d9826aeb758795a7e3215279539ecf373e29f739d29048786d918cce1f
164924,Boston College,2024-25,link,42f0948c44eae3641e73583e29608d2a8f932700392c27b30ec83a14f7c93e85
164988,Boston University,2025-26,link,4ce07f4dde799295d39353e235ab0e113b7ca4734529ad87cc87b78c7be656ad
161004,Bowdoin College,2025-26,link,d1dfe5ceb33c4d8f5ca6ae56f4d71a19e7ccc1b9ff46dde2a8c0f578d29338fa
143358,Bradley University,2024-25,link,df977f30053ab0596bbbeee0a3a848d48ea0064d2078ccc0108a3251e0b3e6c8
165015,Brandeis University,2025-26,archived copy,03b92116eb56943cdb7acb35ba2a0064c916097ef8f17def7bf9dfec2e78250f
230038,Brigham Young University,2025-26,archived copy,90ba09074ffd0fbaaf86dfc8383ceab374da4e842d891d0501458713dc338e0d
217156,Brown University,2025-26,archived copy,e45da2405f678ccaf78f36640359c83b4cec8c173a1b2ca93e7aefe3d899291c
211273,Bryn Mawr College,2024-25,link,653a7adfa819f17d883dc4eca1823d26cc8c83e35768e6d4e88dff497651f018
211291,Bucknell University,2024-25,link,77e4f6c8993beaa13b7d0755c0a42a59bbcdd096df1daabc05dc6aa9507d3ebb
150163,Butler University,2024-25,link,6b17d9491494446d158b66b5b4d34228acdfc1c290d7a056734fbb84d227096d
190512,CUNY Bernard M Baruch College,2024-25,link,759eecda320a9982e2206f24cb7d707bd10dc02d6884f7fd145ca36e03d27bd8
190567,CUNY City College,2024-25,link,8872170f05860579a021138be09e59b566b2a4e52e58d66dfd3c214be5a71723
190600,CUNY John Jay College of Criminal Justice,2023-24,link,ec305bf09798ece3e0496853f4f989e04dde3aeebd55b91a67c0614dc94cfb2b
110361,California Baptist University,2025-26,link,6934f5ad1a8e5f35b100deffc2059582406a0abeea781fd12b36168bb5899f94
110404,California Institute of Technology,2025-26,link,6aec64b941b2dc795c427840415fa9736f0141ac8f218b301da71f82f1d60438
110413,California Lutheran University,2024-25,link,29dd87c6b21550a41fd159551fc15534f747655c0fb930577585efa0fb2109d9
110422,California Polytechnic State University-San Luis Obispo,2025-26,link,8b797056f5cfc0f4519814a398cd7d3b861a3bde9c123cbe1af759e95bc67ee5
115755,California State Polytechnic University-Humboldt,2024-25,link,e76e810da6783184043a946918335e4179804ff2f55c299da6aa760981182407
110529,California State Polytechnic University-Pomona,2024-25,link,0f58fe56d02447922339231bdefc7ba321296eca5486550af33ab71d24f2520d
110486,California State University-Bakersfield,2025-26,archived copy,b3487e34210496f56ef0ec76691da095f821b39b8b51b286a027705299ada159
110538,California State University-Chico,2025-26,link,2b83e6037c58e29959dc15344ce8ab3dcb65373c53f705c018cdee663882ad29
110556,California State University-Fresno,2023-24,link,342857ef71ab2eb3af45d8a77dd61357fe1b383a8d2ac98ba57c2f8666d9f347
110565,California State University-Fullerton,2024-25,archived copy,c14c4895579df18e43ca5c6b1880030f7e15f8bdfb9ca545e848dab84f163ff4
110583,California State University-Long Beach,2024-25,link,ad4d044f9ba636cea2470b7ea5e8324885c78decfe4caf4428d048d5d51eb597
110592,California State University-Los Angeles,2024-25,link,a0957feef7ce3a3aaf2dcd8e220f252f73d2aa5b0fa2a0fd0aa2bbecf1b92c32
110608,California State University-Northridge,2024-25,link,0d52ca3a1acc276a8e0ac74781ac950f58719208534e819a1185d96175e7982f
110617,California State University-Sacramento,2025-26,link,9946a0d8bf54809a108dbdddf32ccd7ba8cc5aca265631fb6f3a6c2fd82453f3
110510,California State University-San Bernardino,2025-26,link,9c30339e1ce5972bc94999ee1383bb041feb92e83e84216461aafe82dee6e5e4
366711,California State University-San Marcos,2025-26,link,719a768262071a5ffcbccd16f85e04d569836766c9cb95211540d48c1c3149cb
206914,Cameron University,2025-26,link,a59814dcbce0a0c14f6d1b1e3dfe7b9b22aa7b36980b594b56eee3cef8e0ceff
189705,Canisius University,2023-24,link,42803dff181b8355dec0245247ea87e0681d2249655441c7027ba70facfd566c
201548,Capital University,2024-25,link,b03caed8d766bfb022bbf04587f0b87c6618f7799eb05223b98704af57bd7a6c
173258,Carleton College,2024-25,link,7305b410341e1eaa3692c6b30f736ddb66fa82948531f697a4ac14a0744201e6
211440,Carnegie Mellon University,2025-26,link,05fd7f464e29d551217a3b0de1ab112e4acdecfd0236845b2fe6a1f9c5e5130b
201645,Case Western Reserve University,2025-26,link,2efd39b81c4cd3f9974cd65fa3e9e5ce9d0ea8ea6e6769ee3ced04a0527b0ba0
198215,Catawba College,2025-26,link,0da4db1bd29f799610648c49f9a5ddd6a66dcaa1cb833047dec3f8539e177e34
153108,Central College,2025-26,link,af4e07a66d51dc8f61990d13c1e62f8ff123376dd414d09b066c847ae22d0394
128771,Central Connecticut State University,2025-26,link,9ad138eb75836dce29afaf6bea0219ec4c7f4a43a86e03abff1ea4a6cc374719
156408,Centre College,2025-26,link,aef355ab44e6328133162c9022f0163c50abdaaa9ace90027f109dafe5c6a5a3
111948,Chapman University,2024-25,link,b28a6a2112290b0e3e28591816daa3ef4be6357e2f0262017a1366c600dccb3c
211556,Chatham University,2024-25,link,8310ba025ff25a6152586a7ca601872dfa2744a2bdad2ef0b4408d5620eb15dd
231712,Christopher Newport University,2023-24,link,26b7789f4341f7fbd1a25e4a2b3531ba979a35a67cc92e8ee310331c5dc74332
217864,Citadel Military College of South Carolina,2025-26,link,53304c01b186310aaa92c938933bea598a5c4d039f187c89086e58928f921614
112260,Claremont McKenna College,2025-26,link,2943293fdde092d8b440a8099c85a715eb838a925c53e553dacf20f0da8d9ae3
165334,Clark University,2024-25,link,c4b1c2516b1249119e6fd332a57efa6fd98406050fabf1598bb5ae541b861afc
217882,Clemson University,2024-25,link,3044c8686b1666bbad99362f54b97f9ebc6ae98b0b94da75baf699fb76fcf05b
218724,Coastal Carolina University,2024-25,link,3ebc106083703515bf2e9099624f3084c40ddbf4bbce5fb2460fc301661d98a0
190099,Colgate University,2024-25,link,a826e3b6cfee3be903a64aa05a9c235087a7a172f950f2cdae3340b9e4c45941
217819,College of Charleston,2024-25,link,70813e9754bb9fb471fd8c875b61c785920d6296f071a57c2e55d95921193b56
139250,College of Coastal Georgia,2023-24,link,419e37829266a58d617599b358f57989491a80d67f56b0620440f502bbd3dd41
142559,College of Southern Idaho,2023-24,link,e539b37b9bd83f728e4778a538e70aee199b8b259e2438049417b96cfc00e841
166124,College of the Holy Cross,2023-24,link,29516a4a3b76fe8b224f3479d4fb967fd93711b50352dcc93c51cd5345746959
247834,Collin County Community College District,2023-24,link,cc24bf4a34cc03a000569e70fc0f2320e70da4dbc1e6076e191e08079d4fa736
126678,Colorado College,2024-25,link,4d38d6df476bef0578e6744d8b67a2a92f80283d7108e29be382da6fe444ddaa
127556,Colorado Mesa University,2024-25,link,e01f3b58b9bd3be02c9526a71bcdd2bd79d22c8e05013ade3d116b6e9dc8f60d
128106,Colorado State University Pueblo,2025-26,link,b59dd8ea252e196afca52a8c09f98e1c3cd7334143feb9e4461a706454e26ccd
144281,Columbia College Chicago,2024-25,link,46995b8004b01a13433e80d42e7487b787885e62a2dc0ccc4b0dff7c348a33fb
190150,Columbia University in the City of New York,2024-25,link,fe3e8435013bcffd091d329f19efbdfb3c9f187371fe571a051f235157552527
237330,Concord University,2024-25,link,30011123a007ba6ba309d92fdabbfe510095a64fc98310ea644710f8f9174477
128902,Connecticut College,2025-26,link,e21d4074365b3989e67e59402495803258ed5343c15867f5b29dfa6b85d42cae
190415,Cornell University,2025-26,link,26f98228a37d98edd12330707ec8a1985aef601c94bca90ae254a25c32aa1c60
181002,Creighton University,2024-25,link,f58cc3ee44a49141715e48b769b96ea4f47a666c67971cf049e0712463b289c4
190725,Daemen University,2024-25,link,a053367b2633e0628d0dc908a707bd12a971df5078f49d2c5fec4968322e5bfa
219082,Dakota State University,2025-26,link,dc7c207c70a9256430643650e1737d5e9c029a3550a711ed861f7a11c8556b47
182670,Dartmouth College,2025-26,link,bee40012342c4241bf00acfb0532a11a29a2029dcd138a40ac4fb0b940d70329
198385,Davidson College,2025-26,link,92dd8f0fd848dc8cfbd96b872b3415da4343b13bdaa58150ab98b3713f7d9377
144740,DePaul University,2024-25,link,07e1750f962fe9179aeffbe6a77afecf60021feb4a786ade8a9602c91dcf5215
150400,DePauw University,2024-25,link,2e65c89c770df21d84d572f5cf235a9aed93fcf9fabf04b69789347ded9daf17
210739,DeSales University,2024-25,link,28f3dca1c712925ca7c7a513595695eb8fb62368dde4191bbb679921d271a016
130934,Delaware State University,2025-26,link,eb47b091ff4280a2a11e88d3616b513253be783f178495310af67c4223702210
202523,Denison University,2024-25,link,6c2a483c4c7c3e2aec2cd4316cafe1ff4ab346b1b4171423074ac12d0e28eb3d
212009,Dickinson College,2024-25,link,46698259bebb83f1a261c00e0adf2e6a34f79a3347b4ae5d8d27f1908abf67e6
148496,Dominican University,2025-26,link,4687397778e949c57c1e1d8beec90854d19933a1eb680d79ab0f533c788f6554
113698,Dominican University of California,2024-25,link,41da0b8792270821fc3bf73b3d8de15ad6c4fc547edfee33e36621cd3869791c
212054,Drexel University,2025-26,link,3fa1e1d2ff22a6a5829ef6d5d1d92632e4d985bf0bde162fa08d0cb8d830440f
177214,Drury University,2023-24,link,fc09e364f93023466d7fdc9417012e41177efbd8da628e671f93e2d3c17e526d
492801,Drury University-College of Continuing Professional Studies,2023-24,link,fc09e364f93023466d7fdc9417012e41177efbd8da628e671f93e2d3c17e526d
198419,Duke University,2025-26,link,02bc901279a6d275cb31a4751171ff34df4fad6f134ae651b52a252b9bb7fd23
212106,Duquesne University,2025-26,link,14ed6adaf27473f2ab44c2a8987274a906adcfe7700b805d208f0fc90de5cfe2
150455,Earlham College,2024-25,link,ad276bc9331ab894c24c3261425e03e61ad02bf992823c3267fb51110935e089
198464,East Carolina University,2024-25,link,0fdf5a0ea1434ca2290dcf9b0ba18468206db3d2238efb8e878d17d1b3a3df89
224554,East Texas A&M University,2025-26,link,adcef0261474df4af0eaff5727b903ef8ae7cfe8ade035ede8b7d376aeefc72b
129215,Eastern Connecticut State University,2025-26,link,acfeb6aa79470abe94624f47189602f495fee7230d82be0731e1494fef9508a9
232043,Eastern Mennonite University,2025-26,link,5595063dff4040894b7ef793dab11d50fb2c64ca9c8677aee069a033308cabfc
169798,Eastern Michigan University,2025-26,archived copy,4d202f782d88edbb45019b9418af2ef981c5b09a1bc618402f60f3b482b21c7d
208646,Eastern Oregon University,2025-26,link,8ba210fb7667c74111be01baf9c66f55cb7ca91a58f353323b5e4e5efe25ca29
235097,Eastern Washington University,2025-26,link,0f5b9390b91de84f0ee7197f96f432fb5037857df12055475c3047a6605031eb
133492,Eckerd College,2024-25,link,9db1bf240d2555b33349519c22da682b1d0965da0565acdb07937b6828f8c9df
198516,Elon University,2024-25,archived copy,302c30fa11e84f1aae3a1f2949cbfe9c1239c396c55ba55cc51e70cd7e5fe127
139658,Emory University,2024-25,link,b577d9176627222744841d50dff23e4b9a4538065cd30d616c9dafd07e972785
129242,Fairfield University,2024-25,link,7e089f822dbadea55d28c72b99ce2693b2f928b160ba55b86748c36de993d63b
184694,Fairleigh Dickinson University-Florham Campus,2024-25,link,964372179d038f5f6078602ff46ead6730f0376bafc74cc5c83815ecbf711a9b
184603,Fairleigh Dickinson University-Metropolitan Campus,2024-25,link,964372179d038f5f6078602ff46ead6730f0376bafc74cc5c83815ecbf711a9b
196042,Farmingdale State College,2024-25,link,0c0ee6b1f42ef5e3299f51e932fde16a934816fd0679a4793a66c791cd9cd07a
169910,Ferris State University,2025-26,link,fddbe8d7e3b482c157f40af4e35ce5626660aa300b8e0ede75aa6bd2476b388a
165820,Fitchburg State University,2024-25,link,a24b73285025f8284a62b519db011b36595b2b0bc6f1147117810ee840eecd97
133711,Flagler College,2023-24,link,48669f323379d8ce09363ffb75fbbc0251528c74a696ef933b0e8570ab495fe1
133650,Florida Agricultural and Mechanical University,2025-26,link,ca5c8aa67997d2391faf7a535f6c5e4b584ad030d3e614d6adee945051a31378
133669,Florida Atlantic University,2024-25,link,6b4aa19fa780a2fda4fd06043f1391b13ec7e37b8e7fe6923f6d7e3d808b3daf
433660,Florida Gulf Coast University,2024-25,link,b54150269de820708c0d1582be524368d14091503fbe90c64988057512070b5d
133881,Florida Institute of Technology,2024-25,link,970be26d081d77db865eedc4ebfc6b6e91535698fa7b516a28cd667d429ca75d
133951,Florida International University,2024-25,link,97b668cfab53d6f4b81812ccd2a60a0c4da2200c10468b30b20837ab75530709
482936,Florida Polytechnic University,2023-24,link,0cab59b8c38039fd45211449247ee1a2a3e6a9d6a93627c5dd18114f82c6d19d
134097,Florida State University,2024-25,archived copy,715803f8da01b8191ac10f95ed1a88bd0f66b4aa28c9a8a03714b86c51975353
441982,Franklin W Olin College of Engineering,2023-24,link,2a9be47ae9add4def6cf409dfdfe6ce2b194c26c48b4cdb78101b1c6ebc44384
212577,Franklin and Marshall College,2024-25,link,ff15365878a3e651c6acd7773b613bc9168f220fe44243212ce27da6eb1dd4c9
127200,Front Range Community College,2024-25,link,8fd7f53b8432a3e1241c5ae12c9a826e2eb0cd1f37c19c16994d3548647b3d13
162584,Frostburg State University,2025-26,link,520d7414b72170de129595344b1cff6e0ab9f87b3eb01b91d7491b72585c2a27
218070,Furman University,2024-25,archived copy,c7642437df54fd39afaa0a45a0f3ee7901b4441c3a422dc8ef9cab6d0e3a086e
232186,George Mason University,2024-25,link,77c73861ac03aa72b7061e905061af9da005fe86184928d62390edcbab8544ad
131469,George Washington University,2025-26,link,d6671f954f2554f2105a7b961d04dbe51186476e8ebf7958c1e201d24e9080b5
131496,Georgetown University,2025-26,archived copy,7166516c352f733179a65dd9af5e266829ff0b09f396fcfd779c007f30bb9571
447689,Georgia Gwinnett College,2025-26,link,bdedc1db8632a5c406ee5996cf8b72dd240ca278495be9fae93ccbbaa1abfc73
139755,Georgia Institute of Technology-Main Campus,2025-26,link,598830d23246891448e3859e3ae961274984cd31161980280d2293737af25a68
139940,Georgia State University,2024-25,link,53cb2169d5412b78d0a413fa77904e84dfc7023685868f30dc9baa2e7d4dbb2e
212674,Gettysburg College,2024-25,link,4fe5b69c2522a860de42fcc0b148926fb5813256bd2d22904d60d12f09d79cca
235316,Gonzaga University,2024-25,link,30060ee569806c2ff5d971b1bcf70f689f83f81df10f59abf2134607c1509bd5
162654,Goucher College,2024-25,link,b9078beb800846bedaa87aa72f0ed3da2bc72b66b090d5e3b652617ab3db9e68
145336,Governors State University,2023-24,archived copy,e868387e08b5857796059802b7b433c614ca9233ecb5690ce30f75345d463dd3
170082,Grand Valley State University,2025-26,link,fc087077624f15584a089ad852b4c7a9ab5d34b223e40299e213166c6d3908d1
153384,Grinnell College,2024-25,link,b2c49fe20976ef1a6bdf878399969ff720734730776360acbca8db6b29e061c3
173647,Gustavus Adolphus College,2024-25,link,1fe3bd9cb53c1621c6394fd99ac5f09f20a9c8c09337546d7289c478efaeb904
212832,Gwynedd Mercy University,2024-25,link,7ec79e5384bfa17a36c3782d22a18228171f13deef19acd26ae37632352e2a6f
191515,Hamilton College,2024-25,link,a3f72545e8e63aae1d365f98ac272b297304db222c52ec8e575b976b4688de4f
191533,Hartwick College,2025-26,link,9dfc6d80669bb5296961f4cfe8e6acf55d8486fae53809f6373db92359a30478
166027,Harvard University,2025-26,link,bc0d10385acded234651a302b4a890c89d2d30ee24476a079218244cfd554985
115409,Harvey Mudd College,2025-26,link,6c1d1e1cbacffd85a704447da9bae1c1f43a8d2a78b958dd0f3b228d807b982e
212911,Haverford College,2025-26,link,0b1a4aee4bd8b951321de68bb8584d56ed8c8197aec48d2054d7f3586b6ba1b9
203128,Hiram College,2025-26,link,e3a9607c18fd76842af640bf891ae42f522bbebfe51c44f09cd7163cffa8b6f2
191630,Hobart William Smith Colleges,2024-25,link,c1f812a6c6f52f3be7af767e210d7ddb75f9c2e273013d80fc0d242d4a72fbc6
191649,Hofstra University,2024-25,link,748b9a71ea21cc83767ed923682ad7cd22838cd48510d0a10ca6ef6d7e187ab2
232308,Hollins University,2025-26,link,0dae7ee4f486a0d8bdfdbf27a667c255b094f3db4e2083dde1740e14c57ca814
120537,Hope International University,2024-25,link,b8fbd8f066c5c069c7c52b51583729df67e5dc303763c402a1f410da1158ace4
225399,Houston Christian University,2025-26,link,33e5fb85f3ad53a0e02e78ac3719abcba03ecf563efdc59ed0f18dc963146f94
225423,Houston Community College,2024-25,link,528fad8d37ae831bfa9803d4ff9b83292af0d7c6509d9ad9430d40151cfd986e
131520,Howard University,2025-26,link,0d53acb3a7c7eed0bc403e8db85427c1c0b7032c9f3b0bb0b9f5ffa6bb3ee81e
142276,Idaho State University,2023-24,link,c27fef41b8f05956c48d939a7cdd943784b27c0da7b1ee573c533869074539b2
145725,Illinois Institute of Technology,2023-24,link,dcb4559f25b936620f9e507179753d841b401808dda3603c448dba19fa83e0ca
145813,Illinois State University,2024-25,link,d4c86290470bf5ff7de98aebd46a98be17c4d466a11c6d34958fd1bf033dff04
145646,Illinois Wesleyan University,2024-25,link,4ad2e13bbfb0a317081c83ae27401599d0d5d9c353b16a87601be3a76054ff4c
213011,Immaculata University,2025-26,link,3978be2f72d6cb2a21e14a45256154f8c036f3d45df9ac1b72086318222da303
213020,Indiana University of Pennsylvania-Main Campus,2024-25,link,89f1ae4f73fcdef1b87f545de2e867489bda012d187eff691f9b041de19912d2
151351,Indiana University-Bloomington,2023-24,link,e533eff20d9fb1ef23eb11015a6268c070975871f70a03c5b3c2349bcb9ca55d
191968,Ithaca College,2024-25,link,aa1fb44edef46cd8b41afb32088c7383496f544107e5ae4010b44e5f2575b8c1
134945,Jacksonville University,2023-24,link,193a651798ffe4fd640eafb70f5755638a107e1387caa53d0d7787e652ee4d51
232423,James Madison University,2025-26,link,a79bfa36773018f1e9e438e51db2bb576138a04545208575e4c24392a35073f2
203368,John Carroll University,2025-26,link,1670faeff98d86d1944111bf2940a360f6efc049f54412d3efed6a6936e80237
162928,Johns Hopkins University,2025-26,archived copy,cc6753eb55476e95fad92a5574e43e6a431ec153e61b5e4672efbb171d6ae562
213251,Juniata College,2024-25,archived copy,25490412614311eb813060691c53e190e510ff397ea2b32858d3b8166333ebf2
155399,Kansas State University,2025-26,link,c47685dc2401b0eb11000237d8de3d9d9b7345ca8b301402be005d653aec03de
183062,Keene State College,2024-25,link,c56230c9e788da338eb2102050684438868793fd1d38d85af247a4fb74a00390
486840,Kennesaw State University,2024-25,link,650e51f9b8ed7380db6a77c3f26a9451cac7afb4d8694d0958f607f7b28049f6
203447,Kent State University at Ashtabula,2025-26,link,152f679c49e969bb9ac4f2836688d72fa93c11ee213467f717c809cda5298922
203456,Kent State University at East Liverpool,2025-26,link,152f679c49e969bb9ac4f2836688d72fa93c11ee213467f717c809cda5298922
203526,Kent State University at Geauga,2025-26,link,152f679c49e969bb9ac4f2836688d72fa93c11ee213467f717c809cda5298922
203517,Kent State University at Kent,2025-26,link,152f679c49e969bb9ac4f2836688d72fa93c11ee213467f717c809cda5298922
203492,Kent State University at Salem,2025-26,link,152f679c49e969bb9ac4f2836688d72fa93c11ee213467f717c809cda5298922
203465,Kent State University at Stark,2025-26,link,152f679c49e969bb9ac4f2836688d72fa93c11ee213467f717c809cda5298922
203474,Kent State University at Trumbull,2025-26,link,152f679c49e969bb9ac4f2836688d72fa93c11ee213467f717c809cda5298922
203483,Kent State University at Tuscarawas,2025-26,link,152f679c49e969bb9ac4f2836688d72fa93c11ee213467f717c809cda5298922
157058,Kentucky State University,2025-26,link,26f9eeda87dcf371869cf6b3da2734079e289a6225f36de340e134875a004cbe
203535,Kenyon College,2024-25,link,ba97434ecb67c73b22605707c450e39d5a9ed713d7c1599f74fd3e06ded886fd
213349,Kutztown University of Pennsylvania,2025-26,link,6cfe3e35783b8181181684176b4740ec3ca868b54bf807bc752c3f4904a9a395
213385,Lafayette College,2025-26,link,9515acef3fa8bbff2688df0cbb2ad0f5096e10209b2201e42efa49aad8ad2698
146481,Lake Forest College,2024-25,link,e0f28e817455837dfa80b749f5bd923a36db6a4f0d25094f28bdf8e6f67c17d9
170639,Lake Superior State University,2025-26,link,4494533a1a8764eb63f1c15023f84014181a2b26b5afb3ef9ddb205d95086641
170675,Lawrence Technological University,2025-26,link,d4c549b7eb202e4a69a23488e9387a78ee993f0d673c826061ff631420c21be3
239017,Lawrence University,2024-25,link,8869d97443927d2f840d6afb4ed8e0bff12a1a1214d56e3b380093721bfcad69
220613,Lee University,2025-26,link,2789690c40714f32e6c6eec027f2680baad281e07866a605a2d8004b00d1f427
213543,Lehigh University,2025-26,link,951d22b14f18214263dc2543cb5529e668442eb4bb83c4ea2ac3908a749e201d
198835,Lenoir-Rhyne University,2025-26,link,45206e6e8b697829eb68f3401681697337878163e331e9e9ec7a2da75c57b34d
209056,Lewis & Clark College,2024-25,link,a3a224133d93fc014043b3a36189b61839d915e98676683ffb46e58c35b4b98c
142328,Lewis-Clark State College,2025-26,link,db45852e6508cd2451839d9e7a20b7c26c1ee2b13df2ee81d2617e64137f5f5f
140252,Life University,2024-25,link,e32af3fc46c9201ad76454f90eeba39712a26afbc28f7035c598f02f883b8d61
177940,Lincoln University,2023-24,link,02daca842ea0250f7f0b85179c6b7c54e5af80af3a6aad72758499b1060ea8d3
177968,Lindenwood University,2024-25,link,06b92ae683f5902f9f79070f0d45e04cd1472cd62e061a54aca892967ccdcbed
209065,Linfield University,2024-25,link,4e35684e7047df7b8116df2eff092b7b9b52d12e5eea147e758de2031396da68
219976,Lipscomb University,2024-25,link,7d671dca74a180f4affd84acbc2ec1daa9f225f3d5cc6b577eaa3416879389a8
227182,Lone Star College System,2025-26,link,52a3f1b5bc9f166259b095d7d54cbce9bfa767080ab348f5aba12c870a22e97f
159391,Louisiana State University and Agricultural & Mechanical College,2023-24,link,ec2ea07c1e01d49721a2f1ce1880ec180aee819781c5a8e9e4b1238c557cb5be
159647,Louisiana Tech University,2025-26,link,9785ee4ac7acf03cb819b144fa0c85b057a0c306938da911eb14d88fbd3b5d19
117946,Loyola Marymount University,2024-25,link,febc66c991be06b212b8f5dddc79797a7673209eba7528e05301cdf16526db4d
146719,Loyola University Chicago,2025-26,link,ccb917de6bbd204843e6bf04754f8ac2101baebca6aee55d4ff91bacb9202e4d
163046,Loyola University Maryland,2024-25,link,6a987c69d54ed7afd6e48a5dc95779a4cb93725fa13c91d1316e9a7e349b7161
213668,Lycoming College,2024-25,link,4d43dca6fc20485b738461da25abd19e40a4780b242de00b77ca09c170282545
132657,Lynn University,2023-24,link,61137a2454a44d5a32dfc16d8740e58a183a9ee83098dd0417578365358e7764
173902,Macalester College,2024-25,archived copy,1432bc4ac6f10d892bb36250b7343c1722f17c61acaf7ab04f2cb5558f285755
192703,Manhattan University,2025-26,link,e89115e9d1549d8394e4b7c5c3328df360691a8d428ed41940b0ea5d04afc294
203845,Marietta College,2025-26,link,6960b8bbab90d7387727325fcf06495fbff9a152f8451b9dd55d748719043fba
192819,Marist University,2024-25,archived copy,1910b868c091c9e57fcb37a6e14d6ef77e60043b1f0c0e778bd34e7f1271aa9d
239105,Marquette University,2025-26,link,d322e77412a00f16300dc969262cef26f4ced9288e86312a6ba3a55f3aa91845
237525,Marshall University,2025-26,link,b2b4c24364c11cc919108bb73f4805fcc6eb2480be4d3108ce02c16b5ae384ae
232706,Marymount University,2023-24,link,810fa6c1bcf85f24a49b3358a17f068964ad7570e00983d1dab31382728d08ba
167288,Massachusetts College of Liberal Arts,2023-24,link,5958da69184df1ae6d53f41a6fb2906284d84d90cd5b259affc267eedcae5a2a
166683,Massachusetts Institute of Technology,2024-25,link,2b3d609568f51d6e81bcc31f95f983725f8e2e10e483ba0fa56b940bbd05cc72
166692,Massachusetts Maritime Academy,2025-26,link,1f90a4fb63b511649b9467a759d45ccf173ea4ee2411c683b33cb066cb5c4004
155511,McPherson College,2024-25,link,23133bc7e00017e9b6f390a7b176e660e35fbfccaf6c7a9ba617afd949affb80
213996,Messiah University,2025-26,link,3e8b0e652d5dbf630f5f9e9ce10b48ffb74a2007fbf3717b58396582a4c65208
127565,Metropolitan State University of Denver,2024-25,link,3cb82b3e190533cde04092dbbd02792942685174bdf4915d45907bc381d4e592
204006,Miami University-Hamilton,2024-25,link,d13a1afb3897c45eb4bcdbd76b5c0e5a3ae700a5f52a0afae04baff2463f95f7
204015,Miami University-Middletown,2024-25,link,d13a1afb3897c45eb4bcdbd76b5c0e5a3ae700a5f52a0afae04baff2463f95f7
204024,Miami University-Oxford,2024-25,link,d13a1afb3897c45eb4bcdbd76b5c0e5a3ae700a5f52a0afae04baff2463f95f7
171100,Michigan State University,2025-26,link,5bbe68ee22f30a0389e581c7b440d18085959c5f5129e595aa4b73e3e09735e5
171128,Michigan Technological University,2025-26,link,3f071e254e4b3f94d0398acf811672650e8d262296048dab3b66c5a7a8490a9e
220978,Middle Tennessee State University,2025-26,link,4c063249f5ae993c03f998ef582f783baa12171780f421f3a97d2c5905aa5807
230959,Middlebury College,2024-25,link,02eb25ff0ae2cccb1ba328a5addf05ab8ba9b1b9f7eabb4b1ab6514f58554b98
214041,Millersville University of Pennsylvania,2024-25,link,71c470f909a0221c208c9acf1aaba470bfc2cf2f5784e4479f42d529e9bbc6f6
239318,Milwaukee School of Engineering,2025-26,link,3c849e791c374ed685f576b6dd9f32acfb77a75dddb3789c7370f9bf369c1543
176080,Mississippi State University,2024-25,link,c0f809b7bca761727eb80f3449ce1e393b190d7de127ecb8455a24aaef6a3421
178341,Missouri Southern State University,2025-26,link,9bbd0c6ebe9744cd70df61900240cbed4e96e870491e64cea2521b04615791f3
178411,Missouri University of Science and Technology,2025-26,link,15f81fa22e28ebf72f4f7f701efd97402393b0bf18055fee4c75992f381eb9b5
178387,Missouri Western State University,2025-26,link,7e037fd2a6decbacfba6849923acdcda1ad82f4a7c008f332b70cdfeebb83976
180461,Montana State University,2025-26,link,893869e15b9522ac76d29d543aae58bcafee00d255b4bd3782adb547129a937b
180179,Montana State University Billings,2025-26,link,1445534f54900d111ab2141c3785fc6fe9637fc78b931d866e40b48efe1da117
185590,Montclair State University,2024-25,link,f339450adf775612190e74ee8a1741095afb0209ce8c7a0bf5c4cf36130d48c5
157386,Morehead State University,2024-25,archived copy,73ef860f87f74d610eb7d260242d1e47cfef8ed29e27bcbffc6485eb6c4bbc30
140553,Morehouse College,2023-24,link,d7a213414a9673b5a47bae9b1ff38bc2a17bda6a8a8404b3ed0a77236674ed7c
166939,Mount Holyoke College,2024-25,link,162fef57ae8254884c8dbb544e9667707a1b00c1c9270e9fafd441b49a98f2c5
214272,Neumann University,2024-25,link,d42e49f6e7e3a084fb2478afa3d9dc19f0fd54f3121f865bc0e556a4ceb1aece
185828,New Jersey Institute of Technology,2024-25,link,cfd1ebfc7df2f72002c618f05c5fa58e5cd546c06565cc8786d0157a9281951a
187897,New Mexico Highlands University,2024-25,link,c35cfc90d7d854979e523f78940b16c9d386d403d4a6e1f392398b7b363f65bd
187967,New Mexico Institute of Mining and Technology,2023-24,link,f93704e415bde610fd2c0ba05391ef0fa0c1e32cb57084a00bf3ee0fa5a78e02
193900,New York University,2025-26,archived copy,fbff7d3be331c60cf1a03587d8ed810315f745267cfad3d3a936500be32de476
199102,North Carolina A & T State University,2024-25,link,a25734e70b1ba5aa55ca654fbc8d4d9ec0103cf37abf01e49b50f4bf60c7ca32
199157,North Carolina Central University,2024-25,link,feb6dcca714067146b4a251293a221fe8ed791da7e42ea909f14980474541528
147660,North Central College,2024-25,link,367d7a6a17fe0b9dc4c8340d3baaa1d18fd78e5947e2911b301a288f3900a9ed
200332,North Dakota State University-Main Campus,2024-25,link,ba9eb846a04fb14dca6f48117e8a98a8f9204a3400146ef04abf358f63b8d444
147776,Northeastern Illinois University,2023-24,link,e5cc1296eedaf08a7962a32f585d09b72dc155116ef3b01f2f14cd41f623c54b
207263,Northeastern State University,2024-25,link,d236e64fecbb7f660489bf2aa194f47b34a58ade8569ac78743911e6cd1ab887
167358,Northeastern University,2024-25,link,9b9855a97e2c9107098906c5bc5e8c8a04bd3e8957b46f323031ae8ac1d84506
482705,Northeastern University Professional Programs,2024-25,link,9b9855a97e2c9107098906c5bc5e8c8a04bd3e8957b46f323031ae8ac1d84506
105330,Northern Arizona University,2025-26,link,43a037956d76e59c621b40acb0c61282a61e984a0640bdd83cd3c918a701ee4a
157447,Northern Kentucky University,2025-26,archived copy,56dab532fb2a3eb2630f6c22380e5de813885089faf00cf0dfa204b300b0d13b
171456,Northern Michigan University,2024-25,link,31b9b93d6484fcdbee4d16476a222b0fe5f64acfa7388c83e528df8505532f8e
147767,Northwestern University,2024-25,link,1df8bd3690db39a918b068ad40391386284df4eaad8c32f11546fac63d89759d
120254,Occidental College,2025-26,link,7ae06e679578181cfd6dc4fe55272c59ac37a0827f64ee45a711a87dc2b6e2a4
204796,Ohio State University-Main Campus,2025-26,link,47ad8c68770dc89275c5b7d3468b567cfdfdb2c8837d074b068bb418643e9d1a
204909,Ohio Wesleyan University,2023-24,link,05563157b636f18304d703e8bb623801e579aee4d60e802411ae6dcab7069424
207564,Oklahoma State University Institute of Technology,2025-26,archived copy,623b68815c4f5aefbb9e1948f7613f6dd4037d98c5d4233890d4e3181742a054
207388,Oklahoma State University-Main Campus,2025-26,archived copy,1892b2c9e233051a861841dbb824f06cae307dcec383b8e19edace424f872a4c
232982,Old Dominion University,2025-26,link,189c7f2c99968acebd62782369f6af3b74566b7ae26a4df61a9eda9239205d64
209506,Oregon Institute of Technology,2025-26,link,2a94cd733b90980774c9d12806440896c72f0d62267f1027a0a1604f66d523cd
209542,Oregon State University,2025-26,link,743b2ae6096fb32f1f75f2c913e4ca37658af2618c49c13f01c65af71f0a7f63
120403,Otis College of Art and Design,2024-25,link,560bd58ea2136a562d9efeeeb66a515ccc08c37c813ba56a4233eadf1c26923d
209612,Pacific University,2025-26,archived copy,b4e4c291adb056594743e5d8774bfe5fbd6e4d1082e88f7339a1f2d3665d41ae
136330,Palm Beach Atlantic University,2023-24,link,2c5c85ac7b98df94e7987405892268e84b0688e959aad5daf8d7bc449ad6ed99
214777,Pennsylvania State University-Main Campus,2025-26,link,4745d3ce127b28f350f5688fcbfe4cb333e540fa1ffa7986eef65eb86becd37f
121150,Pepperdine University,2024-25,link,73f14bd599c90f122a107a9f172ee1b8effd282e7039000c143c77ecda7f0744
121257,Pitzer College,2023-24,link,399723f35ab6c3668f3a9a66b8e99ad66c6552b7960ab78060b1380ada02e7db
183080,Plymouth State University,2024-25,link,dad0a6a8bfdc4851d9bfa277c798221687b4b8302d6d869c52bc57354fbd2aec
215442,Point Park University,2024-25,link,f3abcca8fbaea383e861106f5a115f5ecc9b9f488daccd36590ac6bb500357ff
121345,Pomona College,2025-26,link,540b515c57f127c7e4c0adb3d21b912c0a7f3039eb1bd381a89f8a4549a83c29
209807,Portland State University,2023-24,link,d7d5a78d87823156831de7797148959059c962d16ffd5d33125ecfa71601b347
194578,Pratt Institute-Main,2025-26,link,e060d64d9f645f5b4810f36796badd4bbcb0ebd04248295e334c877e3e218d35
218539,Presbyterian College,2023-24,link,fa77b3545f9cc5704c91c186dd11b9de8d8be226a03906694d719bcd4f4e696e
186131,Princeton University,2025-26,archived copy,64fe03d0257a469c0cf47592821dc233fdc86ed7e8df79849292424fc5809a0f
217402,Providence College,2024-25,link,ddf80b20ad45f4ea87278d6a0d9261036420bab19546d534c73cfad30b2b64a3
243780,Purdue University-Main Campus,2025-26,archived copy,dde921d3374f139366a3fe19d23023454f1511ed9dc83e6ba39b3e1c8c2c8d1b
148131,Quincy University,2025-26,link,49321b7eb7981fc39350a60dc08e6ea48d9298f3b15043eb0d8021026d81a2f5
130226,Quinnipiac University,2023-24,link,884496f41d1196cdbb4a07f43e200e0ea59b17ca15927ef5bb517231b91528d5
233277,Radford University,2025-26,link,088c31a7478fef9d62d600158234422fdfebfba4fa74d86589977c3b4b96b63d
186201,Ramapo College of New Jersey,2024-25,link,16d42efa46ea6c519271061dab72df222c154a8a19e84efbbf617c7dce4bfc04
233295,Randolph-Macon College,2024-25,link,b22bcc724c892d3bc33a904f3d0bf4e1b5e080e99f665008dc87f50e2ea5b5de
209922,Reed College,2024-25,link,234ca8b162cbeb90c0d44a88f59b0b972671f30ad1bb758b2564926076a5b209
231651,Regent University,2023-24,link,041f0b68d6f239f7ae096f9e4a752047e6bbab473faf5bf0698aa969525e7458
217420,Rhode Island College,2025-26,link,09ee207734d8da70741312502a33eef5bad48cd45f5f58c741dee8955a2d2a49
221351,Rhodes College,2025-26,link,bbae3a91040e2be39e5ba7ddf6bd7d5e2cdd1a8a01de5938af4cfc7b09f5fef8
227757,Rice University,2025-26,link,00cb1e625d1420d6f3af599131a829b6bbe8bfcbf854c9ff24ed62da1334bd11
195003,Rochester Institute of Technology,2025-26,link,2a37f4c20beb0600f1e3dd37b0e740aca5e2a4c52ff50d5318ef8ceaf8602b10
180595,Rocky Mountain College,2025-26,link,e6c342c254aa36e5392e4191d5eeec4a216bc2f94267737dd2bd113fe87235d4
207661,Rogers State University,2025-26,link,bb6bc60a0bd7877cb76dd0875ede1ff4e74ed8df2e2cb0d9199ece2e28e4036c
136950,Rollins College,2024-25,link,649a530909bda8db3713df351b029bebf6b3e4b7bec2a966abe3ee6bad0d93f5
152318,Rose-Hulman Institute of Technology,2024-25,link,050b28b06af45733dffd066e4f8ee21e73e5063392249f2364a05535f2b5677d
184782,Rowan University,2025-26,link,c90dfbf6e5f2227e74484c4db8f9f2451cf5693e8a2f953418825a8ceba478dd
186380,Rutgers University-New Brunswick,2023-24,link,9adfd2e36365ee65d3316ae7a0d1ea3674cf62aa0a412018d753366ddc8296f3
196167,SUNY College at Geneseo,2024-25,link,8675908d95de0c6cc8d414244eafe37eace1536056106fdab5d6b70fe106a79c
196200,SUNY College at Potsdam,2025-26,link,c35f098712810152ea263e4b50eed00a733b615b88e8bc93fa93ea22443960ac
196103,SUNY College of Environmental Science and Forestry,2025-26,link,101792374d90e1a1a345c8e05537db2a49aea90733e8c1cd343655c3758fcf7f
196015,SUNY College of Technology at Canton,2025-26,link,2699cb3d9450b1cad9847ffb9db2f80067b25d052ac26b678179bffc84456047
196185,SUNY Oneonta,2024-25,link,d912dcbc0ad5c6abb6916c63b34e02610944bbddda6ca25a5e051f61e23bc6f9
196158,SUNY at Fredonia,2023-24,link,360f9f54fddb363b6906b3cc61e0dd4bbc9574159dc1ce6b12ac7f33bf1061be
196219,SUNY at Purchase College,2024-25,link,9f32ce28b9f6bac0247d79ff4c76a1b877a520a3c9cba24e7c2c9456e0c96107
172051,Saginaw Valley State University,2025-26,link,e12423e8f058fcddc6ef5b5590f954c509bcb0ea374e7b98acf843a519c29d83
154235,Saint Ambrose University,2025-26,link,868f5cbfdda4b344aacf1d513985b79c902fd52d446ee4d7befee344615149fb
152390,Saint Mary's College,2024-25,link,e18b7cdc7d489a1c2f1b0e9d7debc630640d3f922f52d667c5168eb6f20b5583
123554,Saint Mary's College of California,2024-25,link,f3146df6664f633b5121d84bb2a6958b8965126ea52448553866d89f81a6f80b
231059,Saint Michael's College,2025-26,link,22d226c1fc7af3fa9521c96cdbb1b970098b56af6ac1ef9ef9402a4930c545bc
167729,Salem State University,2024-25,link,32d54519231ed70f3824d6986df1edcb3beba80b87600bcd68a7b195db72bfe0
163851,Salisbury University,2025-26,link,051643c4c04d28af5a0890182316e35e70b1482023e02f8fe6ac5b7a5051c8f7
102049,Samford University,2024-25,link,461fcc300a9bd6d4dddbbefc29760ed3c3e5ebbba400dd01237f3fe6af7d2b9b
122409,San Diego State University,2025-26,link,ab060a02cc3b4b75f40513ace29a76b7cc55a70d281ef8397543f9a3ad2cac33
122755,San Jose State University,2024-25,link,5222376d669a3d5432a378d0d32572309e863e7dbd053d615258c5b3ac02cad0
122931,Santa Clara University,2024-25,link,74ec5530e84d87df7653ea1d54568013bff4f10b76fa72eeff7c167279e0a98e
195304,Sarah Lawrence College,2024-25,link,7ff4ee4ed549a67bd6c330c5ac83c701bffd642dbe50c2761945f7e447bb7fb6
123165,Scripps College,2024-25,link,6ba75c3366b015babaf46eac5cb595322e7f175af55a15304ebad1209a0c3f55
233541,Shenandoah University,2024-25,link,ef1c82b3170da8095a9aaa69bc0e2a50a8ff28b8526ddf83b0e19465ecf3eeb3
195474,Siena College,2025-26,link,7d48f8efc3347e4cbdcf5d1b76c9dd2050460a8cc76ccdf93cf5f64af15e924f
195526,Skidmore College,2025-26,link,5281407543b88c2f7549d79743dc64e3f9c61035d38e587093fb610ee666ca05
167835,Smith College,2024-25,link,49f8f33ba59380670a67a706ce12f30baa8fdb17bb2de3463d790e97735704a3
218733,South Carolina State University,2025-26,link,a38f49099a28b5d1e83efe7b1787f76373347c339bcd4de3c8edea017d60a1a3
179557,Southeast Missouri State University,2025-26,link,b5ed1a9a2e3ef805248bf2d3e69aa729142bbb598ebb39c234d85d951061a2ed
130493,Southern Connecticut State University,2025-26,link,9cdceae0e1d433a95f92992a819b432cf3e2b5db71825e5aa6a7861a18b82a00
228246,Southern Methodist University,2025-26,link,7f57631d8d646e2a82a5ede650fab5712d7e31c52b8547f1449b8c8c4fce9670
228343,Southwestern University,2024-25,link,3515ce897ef4d33461a77f4e61d22af3187eeb4b86de675c5be72820616480c9
141060,Spelman College,2025-26,link,fb4c14161f5cadb4e3659c5d7002a5cca37f8937cb71e7ea0f869ffe9d825a0f
167899,Springfield College,2025-26,link,75828d5e059baee67e49f0dba61d1bc39321c5b9a7abb503a137cdc118b7ce15
475273,"Springfield College-Regional, Online, and Continuing Education",2024-25,link,4465ef0dca190e6d03da3774e93107b535dd4a75e6d39df026b2f5a1deb6ed43
195216,St Lawrence University,2023-24,link,095e6d3d01c659ad63a562b3bfc27fbcd4313e7158da089830b551841d6d083b
174844,St Olaf College,2024-25,link,f34aaec27125b2bb890be92bb2e61a03331bf99412368b4ff06481dc0fbfab5b
137078,St Petersburg College,2024-25,archived copy,45244be0fd9c888018caacc6d663b403e80da3a7e5856c10e56fd2e736316fcc
195720,St. John Fisher University,2025-26,link,ba63de354f5c37811c2c2731b8d55b068e667c06c50c39ab0de3ea973afa89e7
163912,St. Mary's College of Maryland,2025-26,link,45c5ce5e76e2f3912d38b3e20c928742facce590be005a4e7dc534a8b2571e44
243744,Stanford University,2025-26,link,dd67ed4e2996f9019cdc9ec35835f6654a178644fea9fa7ce78d79dcfc35ef0f
228431,Stephen F Austin State University,2025-26,link,e0d46628f33c3f13c7fae8dd54abc49e2d7cbeab9b260e6d36d14b6750c7a54e
137546,Stetson University,2024-25,link,e3a75903d4b163ba90fda31a078fc124b6b2fb48f032562ebdf371af84c48946
186867,Stevens Institute of Technology,2024-25,link,102ce244e016371cd0754cdaf5de9f250f078057ae47fed15ae604df92c65bc9
196097,Stony Brook University,2024-25,link,11502e13aa89e43cf5c18f12e5d7487e1d70fda74809c216c868c602162cc6c3
216278,Susquehanna University,2025-26,archived copy,5c74337c4034ec92879feaa1915865be7c57d59d5586776c97f2f07c47651c53
216287,Swarthmore College,2025-26,link,ba88b0055684befec1f0d3b05d70b8b2715a6c9cd623199d14ba9bbd249b5f8e
152530,Taylor University,2023-24,link,64e6523a2cd9f64077a2c8bc4d0113bcc7b0e93ee2bff8ca0e770ebe4f95cd5b
216339,Temple University,2024-25,link,9ea18cce3a5f4c0628741f716aa359c92993a9b61053337870d926a9e03fbdcf
221838,Tennessee State University,2024-25,archived copy,d937886687204a79d4ad8fe2590835f162e9173af246d250f94aff12e13214c7
221847,Tennessee Technological University,2025-26,link,680fe9f8ac1db186bead530cabb2bf11a6955010c63b223474f6a63d35452624
224147,Texas A & M University-Corpus Christi,2025-26,link,6da478b9aa04679f9aa92a2ec1f2f9276582a0bad4db71c3d9eebdaec5c2686d
228723,Texas A&M University-College Station,2025-26,archived copy,6b807ba08287301928f24ad949c5bcf06171e8c1a48d8e2bb520aacfd2b34341
228705,Texas A&M University-Kingsville,2024-25,link,b2c91a2f45d0db4ffe4c9f208414946ebec915a79764d58af55fb9eb980f8d92
459949,Texas A&M University-San Antonio,2024-25,link,3466edb8480f183f4800b33cbac45ae7920381369051acc0ba4d4c3fdd3b677e
228875,Texas Christian University,2025-26,link,ed55db76e9f995c7e19aee6072fd79e8b03c0b181eb822f24383f4e85c37f870
228459,Texas State University,2024-25,link,eea320c8625377d42445d0b8991b4ceae0c9d1ab2e44618274ebe08cfd877c86
229115,Texas Tech University,2024-25,link,74a8e7a3db94d3d6fc495c9c65e3d880657ead4007780bf8cbc0f6b3b93e3631
229179,Texas Woman's University,2024-25,link,09a4f82c443dece1415f21d2fa5f93c26997720a264c44ddeef24bb099f037be
187134,The College of New Jersey,2024-25,link,ee9831268c9e8abb0852c803ade291134e25f3ea8a32cf7bbf44f8ded48ab44a
206589,The College of Wooster,2024-25,link,df6cddda4906467829521fbbf5456ecc5e128b1981622edb14174e0223de6345
235167,The Evergreen State College,2024-25,link,bd6d6e8b69aeac939176acd8231c684e094906ae7f2a10b5c0c7dcdfa24ef3bd
100751,The University of Alabama,2025-26,link,0ec0308863796e6cee71f3abde12ba8cb4d2b9f7a9ca81331d62cadbd3713f9e
221740,The University of Tennessee-Chattanooga,2025-26,link,46d44c5ddf9e052068dd8c6c75856b991a20fa29603361c6cd98a64e24b2df15
221759,The University of Tennessee-Knoxville,2025-26,link,ab8f0abe69e0d97d74ded72881fabcb399eadbdd2c1c94b3172cc44f0e1055d7
227368,The University of Texas Rio Grande Valley,2023-24,link,7fee225994186815de3481d8cba494d0a31bf300385728dfa41e1b3fcb0bc44b
228778,The University of Texas at Austin,2024-25,link,11319f20fdbf9b5db0ce2abae2fcb9ab3d92e2bd6878d8649dbffc1ba25ed808
228787,The University of Texas at Dallas,2024-25,link,4d006537a9071ae767f1fb8a197f681c34d2cedf62985b49ce3cf33f8d189018
229027,The University of Texas at San Antonio,2024-25,link,19201aed2cfda7f37997b8209276c9dbb793cb8c466b5f083486a0a3e310b38a
228802,The University of Texas at Tyler,2025-26,link,83cc564e698b9942fe8d8f140deca2c9660b1fe00c79fc09107598e4212c99dd
221519,The University of the South,2023-24,link,ad53a5ffddea9f03bc4f99b6c05527b6b7775af1fdad6653131247abc0695227
216366,Thomas Jefferson University,2024-25,link,018b7014ad16fd947f9a1db2d802c4a769f0a5ae8f0036c93f3ad2228407a1d0
206048,Tiffin University,2023-24,link,605ae37b6361514aac1007a9ab62fe93264036920e7c8ffddf83fea6abbf5e26
164076,Towson University,2025-26,link,c9f2094c6ea0bab416e63f124bc10425f63d5116c437ba7c1feddddf80dc9875
130590,Trinity College,2024-25,link,c22e72369c29fda79cdae975a75c717f303c5d973ab9d8fa3195e38949b47e85
102368,Troy University,2024-25,link,9de6ddb3d3707a6d40e25bce7c7f7bd250b377bd0d96abe5681165691e3a00ba
168148,Tufts University,2025-26,link,a593cfd77f058312192d071cc3f83528b598ae23051b2b4d03e3a57a5d374d16
160755,Tulane University of Louisiana,2025-26,archived copy,034b59f6396d527a141a5b83f483eae758295a0db62b088cca50612eb0213f9d
196866,Union College,2024-25,link,29a7890760ff42dc52ba94d5282b9926eaa2951a5592ffb1483f57f48edeb05c
197036,United States Military Academy,2024-25,link,cb98663e48ef1fb389d10cead137646dc4680b00905edf51a590556a6019a764
196088,University at Buffalo,2024-25,link,36bf75ff247fca5ae9eee09fc18e20a8509bc09650619668987d264615f8c78a
200800,University of Akron Main Campus,2025-26,link,57e53a8f69f3a6c8c3a55137aea715c250f53f601fdddbc2e435fc044334bd88
100663,University of Alabama at Birmingham,2024-25,link,d2111df6513016fc220f5d1daf834ecce708461fd70442a3be878b729f26f432
102614,University of Alaska Fairbanks,2024-25,link,ef0a018bb8cc23b8469054dc4dc5148d13e491ad7801b0d7a6c734d27fd976b1
104179,University of Arizona,2025-26,link,29c4aa1f7aa9fa1f654d16be2110cbf3a3364b1c41370fab5002e1e45d9ba5ba
106397,University of Arkansas,2025-26,link,7553cf918297f094299c5e9f85bda53304f45ebf581cd24879fb67fc33bf7c02
110635,University of California-Berkeley,2025-26,archived copy,a981b6693dcce7a5b8082b64b7b9915265f224a9dba9dfc0fe9b702eac0d6d3a
110644,University of California-Davis,2024-25,link,afabfaf17f9263552de9693cdd6ae8dda62992f3af3042595704cb968b1a6f3c
110653,University of California-Irvine,2024-25,link,3ca09a61837e86fd9c5567c4fb2f43cd7c7c4154de1d3aeeed43dcc9179496ba
110662,University of California-Los Angeles,2025-26,link,34ebd833ddc8493ba28d7a1fd1953621fddcbc1e233cc418bbe046b42b151e70
445188,University of California-Merced,2024-25,archived copy,964189dbfb1c0962d7608f418ad292addf55963ecc721ff857f9f041e52d6e5f
110671,University of California-Riverside,2025-26,link,bd21e8f27e0d31e84e6e13998d19959bc22f81738d7a40e3e4f051d0c3e9c291
110680,University of California-San Diego,2025-26,link,4480df3c34df2e7daf3ccff09ac4141e44db26d0fa6d96c0204b9b0a6e211700
110705,University of California-Santa Barbara,2025-26,link,1d5c592b942dc743bdbb454ac38e3dacb4ac5fc15b456f77d472e47682252c2b
110714,University of California-Santa Cruz,2024-25,link,f38e8289ef3a6b452b605eb0ab57b29acdda50d10b2101a18911703d477cfb32
132903,University of Central Florida,2024-25,link,1e5e35893c3ead8e75b93bcf2055ba9de1f48faac53abc32938ef83d6a90970d
144050,University of Chicago,2025-26,link,492d2a3a1f9ad62cd207444d84b06ce8d83b4af4661efd5f8aadd526488cd58e
201885,University of Cincinnati-Main Campus,2024-25,link,699270a4e37240c0fdd6a0b4ad419af692107fe7821a745946efdd31a8e69a59
126614,University of Colorado Boulder,2025-26,link,dade2f9d30ebfb80cd2723828054b29e746f7d09eda7375657057570639c9f8c
129020,University of Connecticut,2024-25,link,9cc8e0d413f4a95d014e69c7cb5d4a8c866b1dd4aa53b0055484627ce08947ba
202480,University of Dayton,2023-24,link,8b751c51e4a95016e9628c17f4a1833ae25afb43c0d9eff9d710aa858bd297a4
130943,University of Delaware,2024-25,link,625b0202adbb16842325798745f8c4aba2bbbf3b67438414906d23e0b17827c1
127060,University of Denver,2024-25,link,58ecdd2d71de3396d4ad600c6f4bd058ba97af8aef81b6f2cb993cfb13db9743
169716,University of Detroit Mercy,2025-26,link,1bdc2759a9c8a13c09bd4d2e41d578117f5b70110c9dbbdb57237ba7055b30c8
134130,University of Florida,2025-26,link,4bec488a2a0d31e065aaa01045b8255aa62711de9be17aec0a231b6c35e2cfaa
139959,University of Georgia,2024-25,link,a7fa0ec4e001184d3589348da2ec0c36df16525ca76d239fe9d684f94d458358
141574,University of Hawaii at Manoa,2023-24,archived copy,438a0d50b62c3295208116d5da4cf37cc35fb1087f35a306021a520f114b2d91
225511,University of Houston,2025-26,link,011e7fb8ad583d13a217b41a679e3601ff92d72f91bb96bc8449b20c85940644
225432,University of Houston-Downtown,2025-26,link,57560556452078da994fdc745307861715fa327c8167dcb6df90dfca86a17636
145600,University of Illinois Chicago,2025-26,link,c323bfd14607a89ef3514e91fc6858712396b0bf29e82c4a06fa0f9e742ca587
145637,University of Illinois Urbana-Champaign,2024-25,archived copy,cc36af257029eea4c327bc51ce16f63f0c13195c9b11bd88db0c0c22f22a135c
153658,University of Iowa,2024-25,link,e735f7d6d21c83a235839b2481fce7824d8ce72e0fed90f7bf7f57172e433c57
155317,University of Kansas,2026-27,link,f2d323360aa53214c7f3c733acb9998c78d6bd86e7ecd452bea556d0aefd4f01
157085,University of Kentucky,2025-26,link,aebeaf2147a31136c09de26c817bcd6850af1db646efcdead4cfdae4e37f9453
160658,University of Louisiana at Lafayette,2023-24,link,c080e0c8c2395b343ec1ca47678d9ebc6c309b1e87b36152a2b0ab157732b8b5
157289,University of Louisville,2024-25,link,ddc6bb561f85bf991634c88bb656cd31b760dafe4f46885fe1742a416d6612a3
161253,University of Maine,2024-25,link,46cc1a4b09be0d1f355ae231b09aadcfa267ca351a7d50a0af7976df4184cef8
232681,University of Mary Washington,2024-25,link,702c5b4254f03b8b90847c331d456e2a2b259fda3bc0e5bf884e8fcd18c267e6
163268,University of Maryland-Baltimore County,2024-25,link,c854b8f81f33692f8db6a87ecdf95ad3d4d83a94eb529dd04a3d68fb969e5d47
163286,University of Maryland-College Park,2025-26,link,29ae6e607e78efd4f51108fadd726e4ea10382b2b11a0fff132fafdf2b799a1e
166629,University of Massachusetts-Amherst,2025-26,link,417cde9ef69f187b70688c68b4d323f9c6cb768b7ec0894c4c3a8431f1603fe7
166638,University of Massachusetts-Boston,2023-24,link,36c8e88d7081e25f8da1199f30492d0e784587b175077cdaa85e42758a610af6
166513,University of Massachusetts-Lowell,2023-24,link,c97fa1538a7562e81f504cc2dcdd8f557d8b2639b65578c7ec46a756ca700d71
220862,University of Memphis,2023-24,archived copy,8c7cdb4a434ce2f42c73b3d1b2377860b06518bc6cd5f6e8a252eb5248ed1f8b
135726,University of Miami,2025-26,link,eaed9690fa58423535915724bf1ed474ce9b0ac8211a693e2ded86381b2c0f10
170976,University of Michigan-Ann Arbor,2025-26,link,4385cb8bd0fa9ccaac3633e4920671851ae869a806bfb256b864be18f2c9ab1f
171137,University of Michigan-Dearborn,2024-25,link,7940ed3661abdf93e8557d1693010115380f0d5b5a699ae69f7a286e88889674
171146,University of Michigan-Flint,2024-25,link,ee72be198d219d45e88c83bb691d6f44a4e4db91094623983bcb22218e770fb5
174075,University of Minnesota-Crookston,2025-26,archived copy,c3cee7d93c3ce9718d35ff66958974fbb7624f7faf3c215876c42af7d423c06d
174233,University of Minnesota-Duluth,2025-26,archived copy,35d798126a3cea5521b3804f4462cba92143302bf27bc5ca9b7a544ade6301fc
174251,University of Minnesota-Morris,2023-24,link,b6141a49737aa2978c037494c7f2569c798678a5cd93b8a95e4a3f721fcc6edb
174066,University of Minnesota-Twin Cities,2024-25,link,96e6cb8b907bd9b6e1336f082c047f4007f878b4da9a5bda896bb714920a4cdf
176017,University of Mississippi,2024-25,link,086560bb0ca19a4ba573572a3833ed86a516a3716bb2ea22779942454a99cda5
178396,University of Missouri-Columbia,2024-25,link,14aa79313daa31ae2f5c2b26ec262cd5199e536e61db7216edb34f7749629b3d
178402,University of Missouri-Kansas City,2024-25,archived copy,cf23aefa75a4938b751a360b4e783a078be1f73f5fdff28d4783c7e7d32db3ac
178420,University of Missouri-St Louis,2025-26,link,114a757214e249d046c64fd9920e19dfb5a1f541f7da733e6aa2532f1b659523
181464,University of Nebraska-Lincoln,2024-25,archived copy,0f9218edd6847618e6ec18e883b94179c108317361a271982cf72e7395b08e50
182281,University of Nevada-Las Vegas,2024-25,link,3484a285ce451d18dc647552dd87fe002d9d3b9adcd99312158c6293376b68f8
182290,University of Nevada-Reno,2025-26,link,b4d145eacf46b2de36855c07ef8d3c929280136f564a5e3c657b17e00435cfc2
183044,University of New Hampshire-Main Campus,2025-26,link,f51d2aabfc95443e5163d5161329486039ffe634197eb171bbf82ad04881c705
187985,University of New Mexico-Main Campus,2025-26,link,764e052fba7921ebfdf88fc9391b9540e2fb271f0ebd24908158f10de57a7c67
101879,University of North Alabama,2024-25,link,0620441074963b0d239a451a4b75e0ed8d3226dc710adea51e51e11f597bd9f9
199111,University of North Carolina Asheville,2024-25,link,1b1dd1d1c9a984a35330ba61b30037a5aea1e13a33260cf66758488cbac15394
199218,University of North Carolina Wilmington,2024-25,link,760416192f3fdd41892ac6b4fe68314873ff442d03e4bb6ff99fc0bd62c7fec8
199120,University of North Carolina at Chapel Hill,2025-26,link,faab453ba03d65f687ad684f80c466db8e16799d665703897b722d85231ecc88
199139,University of North Carolina at Charlotte,2025-26,link,e5a13f9cfcdd458cf6c529a05eec20734a98836df7e695c38afb123431597d95
199281,University of North Carolina at Pembroke,2025-26,link,f30a034ff09f25a58f7586866e951909da5be664b51de751304fa65a300fb8a2
482680,University of North Georgia,2025-26,link,018c596acf428a515c06345e696836082d0f67f6608762de3a000c37997adeb6
227216,University of North Texas,2025-26,link,5427a1c59909524e4881a622217e412ba0fd2b4153ce46e0a5d4ce71fdd508aa
127741,University of Northern Colorado,2024-25,link,84fafeff263d4ae5addad84b2c1c018c8b1ec4b05c07d6f8115487a7433eafa1
154095,University of Northern Iowa,2025-26,link,240ca4de8d86543fead2d55958b0fbce8038e84a991d3b9d67ef61929f1152f4
152080,University of Notre Dame,2025-26,archived copy,8cc4d7972006ee3d6941fc89336a8cba4662437529290d9a5e6e2641b6602d1f
207500,University of Oklahoma-Norman Campus,2025-26,link,5e4e0c1ac45226078c290a3445383bbf85f7bf70a8db8ad736404953754779fc
209551,University of Oregon,2025-26,link,6572ab4d494ba6f2421b60bf8b75d1620a0eedc9cc95e1b15a4c6d9c73fcec12
215062,University of Pennsylvania,2025-26,archived copy,a93fd07e0e81c9e403b88390ddafdc08af3e7446a57e9f99904b037797f9cd65
157535,University of Pikeville,2025-26,link,1eee3898d9502f7c7d563754167d98e348a4c3210a4a20783cf41a29e0764c57
215293,University of Pittsburgh-Pittsburgh Campus,2025-26,link,d63a8026a8f2bad440f9a492779ce0faad8e2ba8415de88491aef3db782fd9e8
209825,University of Portland,2024-25,link,bdb7c5451eed9e2a8fb861a299777fb56bbb841094eff31bc75a6646cc032e11
236328,University of Puget Sound,2024-25,link,b0d92b91f1dc9f0667e23c14a342eb4e1c685831e4fbce81812b3b0b8c4783d9
217484,University of Rhode Island,2025-26,link,21bd459ce8a5b74b8cb726d056a0ed6abcd991cb5ff5ff79240cedee24e2102c
233374,University of Richmond,2024-25,link,861566256a1d63e871e2de908f16e3a1ddc7bcdac221516c383f17a4419e3265
195030,University of Rochester,2024-25,link,d8ef36c3e53ba18291aa1eec35613895607ce09259ea313e161055b4e15a52c4
130314,University of Saint Joseph,2024-25,archived copy,b15a2615a6dc413bda38d28c1e1276bbd8d9ec92bf1993092d09937d85dd3594
122436,University of San Diego,2024-25,link,4669034b7d38c2258a9c048a3692d4b882d26f33a3e8286bd6dab05cc2370ff4
122612,University of San Francisco,2024-25,link,5947b5076540ef0332bf56da40245c258aa2594a27357ccd70fd01167a09efed
215929,University of Scranton,2025-26,link,108d2953655a181a110729e19cbf0e11639bba2229dc61442a037d340bc8d05d
102094,University of South Alabama,2025-26,link,ffc9922711ca353f2e3e6db4285163b84fd85611cfbccd88e729b6963f6b5a4b
218645,University of South Carolina Aiken,2024-25,link,001db226cbc444cefb836996ea4f2cf11e57d128f155c11006f98ad9a4979e7b
218663,University of South Carolina-Columbia,2024-25,link,f173a258445073b253b32869358c1677096abe67e76cef29eb00861d13923d1d
219471,University of South Dakota,2024-25,link,14c5156c5f2d1ee796b64379ae62b84445e3ab10f8bb43c2e8f71ae3e501232c
137351,University of South Florida,2024-25,link,d2c1028cabe142a478b24730dea5204f2d79e9adcf1ff3205da077589289d609
123961,University of Southern California,2025-26,link,899c1316d80eb5709d0212b37ba8500671f987c906499d60a3c9a52b83504a36
151306,University of Southern Indiana,2024-25,link,e72add3aad9d123653aa6064bec6a387188f536ecfb6174b62b758aefce45d35
161554,University of Southern Maine,2024-25,link,a072c9980601373cc0185fc8d5423b1f7af176385f28f6a09711df10cfd18b0a
176372,University of Southern Mississippi,2023-24,link,8c668bd5ad815467e0af4a10a5ada0f956f8dc82637fc91a07f7aebf427dc4f4
206084,University of Toledo,2025-26,link,8ea19b09a46d25c8a9388668873af9093d981558608404e74854f066aca3d980
230764,University of Utah,2024-25,link,36a841819731206a0ac37186847d11cfd71327f01fea633e30a9121d3909018a
231174,University of Vermont,2025-26,link,05a45dc4b333fb6495e4ec71d1eae78139a4242e8ca847410e0bda7e5274d44c
233897,University of Virginia's College at Wise,2023-24,link,7a1951d1d75c71d548950ec3505a78bbe8c32d463102d5be8de5c2c1c4ee828e
234076,University of Virginia-Main Campus,2024-25,archived copy,aaa48433f7990acab1798495e01c6c7b430520f9a564c44588da204c92e19c0c
377555,University of Washington-Bothell Campus,2025-26,link,477bb1c4b03a3d9db7f3d3d6a85785c02160d48ae89f0695e7b390055e533681
236948,University of Washington-Seattle Campus,2025-26,link,477bb1c4b03a3d9db7f3d3d6a85785c02160d48ae89f0695e7b390055e533681
377564,University of Washington-Tacoma Campus,2025-26,link,477bb1c4b03a3d9db7f3d3d6a85785c02160d48ae89f0695e7b390055e533681
138354,University of West Florida,2024-25,link,2262ea44e8ee3627433796d368f164140a75f36bcea23f76482cf2cfaab0441a
141334,University of West Georgia,2025-26,link,4e033fa397ba9a7697d4b31ed8a14d5bd5c5aa16df5fd3433696e3782b08a66c
240268,University of Wisconsin-Eau Claire,2025-26,link,96eb99eb254987f5fbd025d232351f00cb9a52df4ecf0b51070e8724eb0c0916
240277,University of Wisconsin-Green Bay,2025-26,link,f32368654ff4161df71ec7fa7584db072d3c725ade7189d81d378354f34313c4
240444,University of Wisconsin-Madison,2025-26,archived copy,22d2066417dc3f2324f6699e0b0cdac8f5dfd3e2e0a681ab22da2d0f159a9b3e
240453,University of Wisconsin-Milwaukee,2023-24,archived copy,7b49c7a4ca7c14b295138518f81dd5ae3a23b67da91d378c47b40e6f07bf50f2
240374,University of Wisconsin-Parkside,2024-25,link,406de1c1a43c3f96081975588eb7b15a9ba73da6ee73bed38d9ffc7d15b4a058
240480,University of Wisconsin-Stevens Point,2023-24,archived copy,0928c353d35877e6639a80a043e92ba48e1a430786dd1c73b99e6252dcea913f
225627,University of the Incarnate Word,2024-25,link,be4566b863fe5729b4007ec4a6ab6a6999d51e9cc14393c5eb7afbd49b70e5c4
107558,University of the Ozarks,2025-26,link,d7c04fd0d35c385dceb02a64267477c0754471dfdf83016bf722799623e63daa
120883,University of the Pacific,2024-25,link,0db6d43dfd50b68aef9fdfcc45ab712136f9d23f21e6d3137b03d29867f60e56
230728,Utah State University,2025-26,link,7785065386c39951766c8e6e9bd92496c2570fd84a8e61a4fbad2fdd4aac7545
141264,Valdosta State University,2025-26,link,4abcab92e95d06390c777cefe9dd6ae74f3ec38076d2bdf5c28be31da1fbfb92
152600,Valparaiso University,2025-26,link,80475b8f8dcb177a4daa1316b505c12579b2b5a222922637d78b9d1e1e7a1784
221999,Vanderbilt University,2025-26,link,37b70162d0e9e9d27bdb00fd01b0a618e4da8ce11d6948453c71e73c0af83637
197133,Vassar College,2024-25,link,dcc909d9715da14f8cbe09fe5f8e920bff837b39bb4fde2feccf1387bfe93788
216597,Villanova University,2024-25,link,0f50a3096a3400d633e101976719e97cb8fc6dbe0c8ae892a9b227468c34c68d
234030,Virginia Commonwealth University,2024-25,link,b9c6f9323dbf44c37dada037c1769fc10da3dd55a05c9f339149f529b8251650
234085,Virginia Military Institute,2025-26,link,a021aac5a1065d83ea1b542ee17e046597eb367ac4e8947d99100e9786027887
233921,Virginia Polytechnic Institute and State University,2024-25,archived copy,05f88a00263d6c35da6af2ed31d35fd3d5e263b20e96067a0a13862faa9b3dab
240107,Viterbo University,2025-26,link,d81762474cb1c8eec03e0ece1d19f8c98618e28ff1c26262c782b35ee9c387b8
152673,Wabash College,2025-26,link,a8abe5034254334e4cae7ccebecf0ab6797395551ca1ec4d0938225a714b38e6
199847,Wake Forest University,2024-25,link,383596b403efa31a34f6d154233a8808c8480218752f08d32dd12c00336c9101
236896,Walla Walla University,2023-24,link,9feef45f7158b66a862d5a44e21a73558bbe128f56472699890f73c24b391871
164216,Washington College,2024-25,link,0e9082940e39b80fc5ca3b62bd8ae4e380d8d4f913e751b4268ed32535c6e333
236939,Washington State University,2025-26,link,39458b5a428c71fc01a590b6b3c5bde622ef047a280a54956fe9fed8ed1e6f8a
179867,Washington University in St Louis,2025-26,link,6e31784a370ec0c61814a19c98b2eb360953705e1eea92921a59eff49373d8ee
234207,Washington and Lee University,2024-25,link,7d528d0db34dfa565df44af0afd58be57a71f5741bcd67d290585f6c1e653309
172644,Wayne State University,2025-26,link,faa18fe45b72df61b2affe46290f1f84380bb3093586b01c0d3d2dc361bca4db
168218,Wellesley College,2025-26,link,160bd2d8f489882467d637a0eae2482bc9a1893faf238234d239afcf03b7114e
168227,Wentworth Institute of Technology,2025-26,link,cf01ba97b8a762990e388603ba764179fcce0b960f7eebecf9be7fa5c01ad00e
130697,Wesleyan University,2024-25,link,0ab728fdae9dd5f8835fbeded991e3d0060a152aead816fa2aea6b132e91a9d6
216764,West Chester University of Pennsylvania,2025-26,link,1d2be3c69b963f017bc57e7e1059887eb9715b01a280942554495b1e002fc386
229814,West Texas A & M University,2024-25,link,6b8ac7c690a7b8086b78fab9254ff28d788e5593a79233dc0ba56d1c48f8bc06
238032,West Virginia University,2024-25,link,f3d4a2775ef24dd45e4ebf5df33535f2c6dfd2c857dde166a9c5c1b1910a9863
200004,Western Carolina University,2024-25,link,a101c81b5d0adc222ed568bbb76868a2f0642cc2684de755c74ccd10429d27dc
172699,Western Michigan University,2025-26,link,68882fa4e0680ec77df7af7abca7b929b832d7f7a67eb57bd67f5d3106f72c2c
168254,Western New England University,2025-26,link,261a6cc33b9a71f5ac7b689e1739033e15ae26983be925bd3278f63b7685d914
210429,Western Oregon University,2024-25,link,1f5a1d788ba25b62d74fcb6d558868b78dd2aef2cf4c51274218ac90ea794197
237011,Western Washington University,2025-26,link,efef6d192e22f1327d59bdd14d1095e25d52d89a7f8e7a927fa2e5a74ba46b03
168263,Westfield State University,2023-24,link,d6997e4a7729018a1456da5f4542f56a189558ac1524ba82dc67ab9d0cd8feb2
230807,Westminster University,2025-26,link,8b625b2f40308def31c509259ccbfd630dcb3908a2cb3ec94b66fc8b34c210b0
125727,Westmont College,2024-25,link,a0a64151a8940401f67ed3e0bea5b297752720e940698e67a5a333af597964dc
237057,Whitman College,2024-25,link,c922137f27d0c18a4b2517b5467ed4394ad8586aad2b8a5b79f8e56486c52008
156125,Wichita State University,2025-26,link,537cfc0190f2dd99f4c2f719ad29b7a8ad43400c421aa4551124705a64e47ca6
216931,Wilkes University,2025-26,link,a8734ac38450f09bf9defdd2db953b47ea5bf69ef5399a93461a2cb175a92e84
231624,William & Mary,2025-26,link,364653084523c771f84db9b23b292e8c66644e1a026c4a1fdcbcd01f428c2f10
168342,Williams College,2025-26,archived copy,f0616d7cb427899a3963498bceb30af50ebbff454f92bd1dd84276b3e430c996
175272,Winona State University,2024-25,link,0fc28549f080a0f358afc4f6b244790b24fd62adc92b2d8dd930f3df23758f2d
218964,Winthrop University,2025-26,link,fccae7bb75819a64c6bb3894d5e311aecfd95a9b0a4e5c1680eb31768a863e97
206525,Wittenberg University,2025-26,link,24838aef2c9f17b735d1cd9c39c1a85b262f4888e6031d2a4119fa9484af07fc
168421,Worcester Polytechnic Institute,2024-25,link,c922137f27d0c18a4b2517b5467ed4394ad8586aad2b8a5b79f8e56486c52008
168430,Worcester State University,2025-26,link,830333848db3a09082dff84c1c28af3690a9bd669c417d0379451cdaeded64ef
206604,Wright State University-Main Campus,2024-25,link,80de309a5990663106f1d60cb5040fdcbe14b481267ae5dfae83cc5b7a3bc25e
206622,Xavier University,2023-24,link,0e468560a297af4e13ccadc55e8207d6acd4ad561f6a751aa128be335ab281ee
130794,Yale University,2025-26,link,be08ae428f286d300e05f99f6f75380e15d131432341d5bdbea6fa9b3a042712
197708,Yeshiva University,2023-24,link,be7bd7bceb1f46c85f38e7c0e266ff02c585beaef611b039d17ba7c40a58a6e6
