old_slug,code,target,reason
university-of-management-and-technology,301,https://gpacalculator.net/admissions/university-of-management-and-technology-the/,"same college, current page university-of-management-and-technology-the (ipeds name match)"
union-institute-and-university,301,https://gpacalculator.net/admissions/union-institute-university/,"same college, current page union-institute-university (title match)"
university-of-antelope-valley,410,,University of Antelope Valley closed 02/29/2024 (IPEDS 442930)
southern-university-and-a-and-m-college,301,https://gpacalculator.net/admissions/southern-university-and-a-m-college/,"same college, current page southern-university-and-a-m-college (title match)"
prairie-view-a-and-m-university,301,https://gpacalculator.net/admissions/prairie-view-a-m-university/,"same college, current page prairie-view-a-m-university (title match)"
texas-a-and-m-university-galveston,410,,"same college as Texas A & M University Galveston, retired in checkpoint C"
texas-a-and-m-university-corpus-christi,301,https://gpacalculator.net/admissions/texas-a-m-university-corpus-christi/,"same college, current page texas-a-m-university-corpus-christi (title match)"
wells-college,410,,Wells College closed 05/10/2024 (IPEDS 197230)
johnson-and-wales-university-providence,301,https://gpacalculator.net/admissions/johnson-wales-university-providence/,"same college, current page johnson-wales-university-providence (title match)"
alabama-a-and-m-university,301,https://gpacalculator.net/admissions/alabama-a-m-university/,"same college, current page alabama-a-m-university (title match)"
texas-a-and-m-university-kingsville,301,https://gpacalculator.net/admissions/texas-a-m-university-kingsville/,"same college, current page texas-a-m-university-kingsville (title match)"
johnson-and-wales-university-charlotte,301,https://gpacalculator.net/admissions/johnson-wales-university-charlotte/,"same college, current page johnson-wales-university-charlotte (title match)"
texas-a-and-m-university-texarkana,301,https://gpacalculator.net/admissions/texas-a-m-university-texarkana/,"same college, current page texas-a-m-university-texarkana (title match)"
birmingham-southern-college,410,,Birmingham-Southern College closed 07/31/2024 (IPEDS 100937)
goddard-college,410,,Goddard College closed 08/02/2024 (IPEDS 230889)
johnson-and-wales-university-denver,410,,"same college as Johnson & Wales University Denver, retired in checkpoint C"
johnson-and-wales-university-north-miami,410,,"same college as Johnson & Wales University North Miami, retired in checkpoint C"
texas-a-and-m-university-commerce,301,https://gpacalculator.net/admissions/texas-a-m-university-commerce/,"same college, current page texas-a-m-university-commerce (title match)"
long-island-business-institute,410,,Long Island Business Institute closed 01/27/2024 (IPEDS 192509)
