old_slug,why_held,ipeds,recommendation
university-of-minnesota-twin-cities,"IPEDS operating, no page here",University of Minnesota-Twin Cities (IPEDS 174066),301 to its page once the fresh data import adds it
roger-williams-university-school-of-law,"IPEDS operating, no page here",Roger Williams University School of Law (IPEDS 409616),301 to its page once the fresh data import adds it
kingston-university,not in current IPEDS,,"check the older IPEDS directories: 410 if closed, 301 if merged into a college with a page"
itt-technical-institute-university-park,not in current IPEDS,,"check the older IPEDS directories: 410 if closed, 301 if merged into a college with a page"
university-of-phoenix-phoenix-campus,not in current IPEDS,,"check the older IPEDS directories: 410 if closed, 301 if merged into a college with a page"
university-of-st-thomas-3,several IPEDS records match,University of St Thomas 174914; University of St Thomas 227863,identity review
allied-american-university,not in current IPEDS,,"check the older IPEDS directories: 410 if closed, 301 if merged into a college with a page"
utah-state-uni-regional-campuses-and-distance-education,not in current IPEDS,,"check the older IPEDS directories: 410 if closed, 301 if merged into a college with a page"
south-university-the-art-institute-of-dallas,not in current IPEDS,,"check the older IPEDS directories: 410 if closed, 301 if merged into a college with a page"
liu-university-center-campus,not in current IPEDS,,"check the older IPEDS directories: 410 if closed, 301 if merged into a college with a page"
marian-university-3,several IPEDS records match,Marian University 151786; Marian University 239080,identity review
purdue-university-north-central-campus,not in current IPEDS,,"check the older IPEDS directories: 410 if closed, 301 if merged into a college with a page"
augusta-state-university,not in current IPEDS,,"check the older IPEDS directories: 410 if closed, 301 if merged into a college with a page"
argosy-university-denver,not in current IPEDS,,"check the older IPEDS directories: 410 if closed, 301 if merged into a college with a page"
southern-polytechnic-state-university,not in current IPEDS,,"check the older IPEDS directories: 410 if closed, 301 if merged into a college with a page"
ottawa-university-jeffersonville,not in current IPEDS,,"check the older IPEDS directories: 410 if closed, 301 if merged into a college with a page"
trine-university-south-bend-regional-campus,not in current IPEDS,,"check the older IPEDS directories: 410 if closed, 301 if merged into a college with a page"
argosy-university-atlanta,not in current IPEDS,,"check the older IPEDS directories: 410 if closed, 301 if merged into a college with a page"
johnson-wales-university-online,not in current IPEDS,,"check the older IPEDS directories: 410 if closed, 301 if merged into a college with a page"
holy-names-university,not in current IPEDS,,"check the older IPEDS directories: 410 if closed, 301 if merged into a college with a page"
uni-of-the-dc-david-a-clarke-school-of-law,not in current IPEDS,,"check the older IPEDS directories: 410 if closed, 301 if merged into a college with a page"
ottawa-university-kansas-city,"IPEDS operating, no page here",Ottawa University-Kansas City (IPEDS 155636),301 to its page once the fresh data import adds it
long-island-university-university-center-campus,not in current IPEDS,,"check the older IPEDS directories: 410 if closed, 301 if merged into a college with a page"
everest-university-largo,not in current IPEDS,,"check the older IPEDS directories: 410 if closed, 301 if merged into a college with a page"
international-technological-university,not in current IPEDS,,"check the older IPEDS directories: 410 if closed, 301 if merged into a college with a page"
argosy-university-washington-d-c,not in current IPEDS,,"check the older IPEDS directories: 410 if closed, 301 if merged into a college with a page"
argosy-university-washington-dc,not in current IPEDS,,"check the older IPEDS directories: 410 if closed, 301 if merged into a college with a page"
north-georgia-college-state-university,not in current IPEDS,,"check the older IPEDS directories: 410 if closed, 301 if merged into a college with a page"
antioch-university-new-england,"IPEDS operating, no page here",Antioch University-New England (IPEDS 245865),301 to its page once the fresh data import adds it
liu-riverhead,not in current IPEDS,,"check the older IPEDS directories: 410 if closed, 301 if merged into a college with a page"
cardinal-stritch-university,not in current IPEDS,,"check the older IPEDS directories: 410 if closed, 301 if merged into a college with a page"
university-of-the-district-of-columbia-david-a-clarke-school-of-law,not in current IPEDS,,"check the older IPEDS directories: 410 if closed, 301 if merged into a college with a page"
patten-university,not in current IPEDS,,"check the older IPEDS directories: 410 if closed, 301 if merged into a college with a page"
argosy-university-hawaii,not in current IPEDS,,"check the older IPEDS directories: 410 if closed, 301 if merged into a college with a page"
university-of-wisconsin-colleges,not in current IPEDS,,"check the older IPEDS directories: 410 if closed, 301 if merged into a college with a page"
kennesaw-state-university-kennesaw-georgia,not in current IPEDS,,"check the older IPEDS directories: 410 if closed, 301 if merged into a college with a page"
everest-university-jacksonville,not in current IPEDS,,"check the older IPEDS directories: 410 if closed, 301 if merged into a college with a page"
itt-technical-institute-bradenton,not in current IPEDS,,"check the older IPEDS directories: 410 if closed, 301 if merged into a college with a page"
widener-university-harrisburg-campus,not in current IPEDS,,"check the older IPEDS directories: 410 if closed, 301 if merged into a college with a page"
liu-brentwood,not in current IPEDS,,"check the older IPEDS directories: 410 if closed, 301 if merged into a college with a page"
everest-university-north-orlando,not in current IPEDS,,"check the older IPEDS directories: 410 if closed, 301 if merged into a college with a page"
aspen-university,"IPEDS operating, no page here",Aspen University (IPEDS 454829),301 to its page once the fresh data import adds it
everest-university-lakeland,not in current IPEDS,,"check the older IPEDS directories: 410 if closed, 301 if merged into a college with a page"
long-island-university-rockland-campus,not in current IPEDS,,"check the older IPEDS directories: 410 if closed, 301 if merged into a college with a page"
argosy-university-seattle,not in current IPEDS,,"check the older IPEDS directories: 410 if closed, 301 if merged into a college with a page"
university-of-phoenix-richmond-virginia-beach-campus,not in current IPEDS,,"check the older IPEDS directories: 410 if closed, 301 if merged into a college with a page"
bethany-university,not in current IPEDS,,"check the older IPEDS directories: 410 if closed, 301 if merged into a college with a page"
fashion-institute-of-design-and-merchandising-los-angeles,not in current IPEDS,,"check the older IPEDS directories: 410 if closed, 301 if merged into a college with a page"
antioch-university-phd-program-in-leadership-and-change,not in current IPEDS,,"check the older IPEDS directories: 410 if closed, 301 if merged into a college with a page"
argosy-university-phoenix-online-division,not in current IPEDS,,"check the older IPEDS directories: 410 if closed, 301 if merged into a college with a page"
argosy-university-schaumburg,not in current IPEDS,,"check the older IPEDS directories: 410 if closed, 301 if merged into a college with a page"
whitworth-university-adult-degree-programs,"IPEDS operating, no page here",Whitworth University-Adult Degree Programs (IPEDS 475200),301 to its page once the fresh data import adds it
globe-university-wausau,not in current IPEDS,,"check the older IPEDS directories: 410 if closed, 301 if merged into a college with a page"
argosy-university-nashville,not in current IPEDS,,"check the older IPEDS directories: 410 if closed, 301 if merged into a college with a page"
liu-hudson-at-westchester,not in current IPEDS,,"check the older IPEDS directories: 410 if closed, 301 if merged into a college with a page"
fashion-institute-of-design-and-merchandising-san-francisco,not in current IPEDS,,"check the older IPEDS directories: 410 if closed, 301 if merged into a college with a page"
argosy-university-san-francisco-bay-area,not in current IPEDS,,"check the older IPEDS directories: 410 if closed, 301 if merged into a college with a page"
south-university-off-campus-programs,not in current IPEDS,,"check the older IPEDS directories: 410 if closed, 301 if merged into a college with a page"
everest-university-orange-park,not in current IPEDS,,"check the older IPEDS directories: 410 if closed, 301 if merged into a college with a page"
marian-university-wi,not in current IPEDS,,"check the older IPEDS directories: 410 if closed, 301 if merged into a college with a page"
argosy-university-twin-cities,not in current IPEDS,,"check the older IPEDS directories: 410 if closed, 301 if merged into a college with a page"
husson-university-bangor-maine,not in current IPEDS,,"check the older IPEDS directories: 410 if closed, 301 if merged into a college with a page"
virginia-college-in-charleston,not in current IPEDS,,"check the older IPEDS directories: 410 if closed, 301 if merged into a college with a page"
anderson-university-in,not in current IPEDS,,"check the older IPEDS directories: 410 if closed, 301 if merged into a college with a page"
long-island-university-westchester-campus,not in current IPEDS,,"check the older IPEDS directories: 410 if closed, 301 if merged into a college with a page"
university-of-medicine-and-dentistry-of-new-jersey,not in current IPEDS,,"check the older IPEDS directories: 410 if closed, 301 if merged into a college with a page"
argosy-university-san-diego,not in current IPEDS,,"check the older IPEDS directories: 410 if closed, 301 if merged into a college with a page"
southern-california-university-soma,not in current IPEDS,,"check the older IPEDS directories: 410 if closed, 301 if merged into a college with a page"
antioch-uni-phd-program-in-leadership-and-change,not in current IPEDS,,"check the older IPEDS directories: 410 if closed, 301 if merged into a college with a page"
antioch-university-system-administration,not in current IPEDS,,"check the older IPEDS directories: 410 if closed, 301 if merged into a college with a page"
central-methodist-university-college-of-graduate-and-extended-studies,"IPEDS operating, no page here",Central Methodist University-College of Graduate and Extended Studies (IPEDS 445267),301 to its page once the fresh data import adds it
south-university-novi,not in current IPEDS,,"check the older IPEDS directories: 410 if closed, 301 if merged into a college with a page"
omaha-school-of-massage-and-healthcare-of-herzing-university,not in current IPEDS,,"check the older IPEDS directories: 410 if closed, 301 if merged into a college with a page"
argosy-university-sarasota,not in current IPEDS,,"check the older IPEDS directories: 410 if closed, 301 if merged into a college with a page"
globe-university-green-bay,not in current IPEDS,,"check the older IPEDS directories: 410 if closed, 301 if merged into a college with a page"
the-kings-college,several current pages match,kings-college-nc|kings-college-pa,identity review
uni-of-medicine-and-dentistry-of-new-jersey,not in current IPEDS,,"check the older IPEDS directories: 410 if closed, 301 if merged into a college with a page"
university-of-phoenix-hawaii-campus,not in current IPEDS,,"check the older IPEDS directories: 410 if closed, 301 if merged into a college with a page"
argosy-university-salt-lake-city,not in current IPEDS,,"check the older IPEDS directories: 410 if closed, 301 if merged into a college with a page"
argosy-university-inland-empire,not in current IPEDS,,"check the older IPEDS directories: 410 if closed, 301 if merged into a college with a page"
south-university-the-art-institute-of-fort-worth,not in current IPEDS,,"check the older IPEDS directories: 410 if closed, 301 if merged into a college with a page"
argosy-university-dallas,not in current IPEDS,,"check the older IPEDS directories: 410 if closed, 301 if merged into a college with a page"
everest-university-brandon,not in current IPEDS,,"check the older IPEDS directories: 410 if closed, 301 if merged into a college with a page"
the-university-of-the-arts,not in current IPEDS,,"check the older IPEDS directories: 410 if closed, 301 if merged into a college with a page"
globe-university-eau-claire,not in current IPEDS,,"check the older IPEDS directories: 410 if closed, 301 if merged into a college with a page"
ellis-university,not in current IPEDS,,"check the older IPEDS directories: 410 if closed, 301 if merged into a college with a page"
morrison-university,not in current IPEDS,,"check the older IPEDS directories: 410 if closed, 301 if merged into a college with a page"
everest-university-tampa,not in current IPEDS,,"check the older IPEDS directories: 410 if closed, 301 if merged into a college with a page"
globe-university-woodbury,not in current IPEDS,,"check the older IPEDS directories: 410 if closed, 301 if merged into a college with a page"
liu-hudson-at-rockland,not in current IPEDS,,"check the older IPEDS directories: 410 if closed, 301 if merged into a college with a page"
colorado-heights-university,not in current IPEDS,,"check the older IPEDS directories: 410 if closed, 301 if merged into a college with a page"
richland-college,not in current IPEDS,,"check the older IPEDS directories: 410 if closed, 301 if merged into a college with a page"
the-boston-conservatory,not in current IPEDS,,"check the older IPEDS directories: 410 if closed, 301 if merged into a college with a page"
purdue-university-calumet-campus,not in current IPEDS,,"check the older IPEDS directories: 410 if closed, 301 if merged into a college with a page"
new-layout-test-page,not in current IPEDS,,"check the older IPEDS directories: 410 if closed, 301 if merged into a college with a page"
dowling-college,not in current IPEDS,,"check the older IPEDS directories: 410 if closed, 301 if merged into a college with a page"
fashion-institute-of-design-and-merchandising-orange-county,not in current IPEDS,,"check the older IPEDS directories: 410 if closed, 301 if merged into a college with a page"
globe-university-madison-east,not in current IPEDS,,"check the older IPEDS directories: 410 if closed, 301 if merged into a college with a page"
northwestern-college-il,not in current IPEDS,,"check the older IPEDS directories: 410 if closed, 301 if merged into a college with a page"
st-luke-university,not in current IPEDS,,"check the older IPEDS directories: 410 if closed, 301 if merged into a college with a page"
brookhaven-college,not in current IPEDS,,"check the older IPEDS directories: 410 if closed, 301 if merged into a college with a page"
concordia-college-new-york,not in current IPEDS,,"check the older IPEDS directories: 410 if closed, 301 if merged into a college with a page"
globe-university-sioux-falls,not in current IPEDS,,"check the older IPEDS directories: 410 if closed, 301 if merged into a college with a page"
becker-college,not in current IPEDS,,"check the older IPEDS directories: 410 if closed, 301 if merged into a college with a page"
bethel-university-3,several IPEDS records match,Bethel University 150145; Bethel University 173160; Bethel University 219718,identity review
argosy-university-phoenix,not in current IPEDS,,"check the older IPEDS directories: 410 if closed, 301 if merged into a college with a page"
saint-augustine-college,not in current IPEDS,,"check the older IPEDS directories: 410 if closed, 301 if merged into a college with a page"
long-island-university-brentwood-campus,not in current IPEDS,,"check the older IPEDS directories: 410 if closed, 301 if merged into a college with a page"
globe-university-la-crosse,not in current IPEDS,,"check the older IPEDS directories: 410 if closed, 301 if merged into a college with a page"
fashion-institute-of-design-and-merchandising-san-diego,not in current IPEDS,,"check the older IPEDS directories: 410 if closed, 301 if merged into a college with a page"
north-georgia-college-and-state-university,not in current IPEDS,,"check the older IPEDS directories: 410 if closed, 301 if merged into a college with a page"
argosy-university-los-angeles,not in current IPEDS,,"check the older IPEDS directories: 410 if closed, 301 if merged into a college with a page"
globe-university-madison-west,not in current IPEDS,,"check the older IPEDS directories: 410 if closed, 301 if merged into a college with a page"
brown-mackie-college-akron,not in current IPEDS,,"check the older IPEDS directories: 410 if closed, 301 if merged into a college with a page"
cedar-valley-college,not in current IPEDS,,"check the older IPEDS directories: 410 if closed, 301 if merged into a college with a page"
minnesota-school-of-business-blaine,not in current IPEDS,,"check the older IPEDS directories: 410 if closed, 301 if merged into a college with a page"
globe-university-appleton,not in current IPEDS,,"check the older IPEDS directories: 410 if closed, 301 if merged into a college with a page"
marlboro-college,not in current IPEDS,,"check the older IPEDS directories: 410 if closed, 301 if merged into a college with a page"
the-college-of-new-rochelle,not in current IPEDS,,"check the older IPEDS directories: 410 if closed, 301 if merged into a college with a page"
independence-university,not in current IPEDS,,"check the older IPEDS directories: 410 if closed, 301 if merged into a college with a page"
brown-mackie-college-cincinnati,not in current IPEDS,,"check the older IPEDS directories: 410 if closed, 301 if merged into a college with a page"
eastfield-college,not in current IPEDS,,"check the older IPEDS directories: 410 if closed, 301 if merged into a college with a page"
macon-state-college,not in current IPEDS,,"check the older IPEDS directories: 410 if closed, 301 if merged into a college with a page"
middle-georgia-technical-college,not in current IPEDS,,"check the older IPEDS directories: 410 if closed, 301 if merged into a college with a page"
south-georgia-college,not in current IPEDS,,"check the older IPEDS directories: 410 if closed, 301 if merged into a college with a page"
north-lake-college,not in current IPEDS,,"check the older IPEDS directories: 410 if closed, 301 if merged into a college with a page"
cazenovia-college,not in current IPEDS,,"check the older IPEDS directories: 410 if closed, 301 if merged into a college with a page"
newbury-college-brookline,not in current IPEDS,,"check the older IPEDS directories: 410 if closed, 301 if merged into a college with a page"
nyack-college,not in current IPEDS,,"check the older IPEDS directories: 410 if closed, 301 if merged into a college with a page"
paier-college-of-art-inc,not in current IPEDS,,"check the older IPEDS directories: 410 if closed, 301 if merged into a college with a page"
pittsburgh-technical-institute,not in current IPEDS,,"check the older IPEDS directories: 410 if closed, 301 if merged into a college with a page"
wheelock-college,not in current IPEDS,,"check the older IPEDS directories: 410 if closed, 301 if merged into a college with a page"
argosy-university-orange-county,not in current IPEDS,,"check the older IPEDS directories: 410 if closed, 301 if merged into a college with a page"
armstrong-state-university,not in current IPEDS,,"check the older IPEDS directories: 410 if closed, 301 if merged into a college with a page"
baptist-bible-college-and-seminary,not in current IPEDS,,"check the older IPEDS directories: 410 if closed, 301 if merged into a college with a page"
brown-mackie-college-miami,not in current IPEDS,,"check the older IPEDS directories: 410 if closed, 301 if merged into a college with a page"
florida-christian-college,not in current IPEDS,,"check the older IPEDS directories: 410 if closed, 301 if merged into a college with a page"
limestone-college,not in current IPEDS,,"check the older IPEDS directories: 410 if closed, 301 if merged into a college with a page"
minnesota-school-of-business-richfield,not in current IPEDS,,"check the older IPEDS directories: 410 if closed, 301 if merged into a college with a page"
minnesota-school-of-business-shakopee,not in current IPEDS,,"check the older IPEDS directories: 410 if closed, 301 if merged into a college with a page"
mount-ida-college,not in current IPEDS,,"check the older IPEDS directories: 410 if closed, 301 if merged into a college with a page"
the-new-england-institute-of-art,not in current IPEDS,,"check the older IPEDS directories: 410 if closed, 301 if merged into a college with a page"
virginia-college-sc,not in current IPEDS,,"check the older IPEDS directories: 410 if closed, 301 if merged into a college with a page"
argosy-university-chicago,not in current IPEDS,,"check the older IPEDS directories: 410 if closed, 301 if merged into a college with a page"
argosy-university-tampa,not in current IPEDS,,"check the older IPEDS directories: 410 if closed, 301 if merged into a college with a page"
everest-university-south-orlando,not in current IPEDS,,"check the older IPEDS directories: 410 if closed, 301 if merged into a college with a page"
brown-mackie-college-albuquerque,not in current IPEDS,,"check the older IPEDS directories: 410 if closed, 301 if merged into a college with a page"
brown-mackie-college-merrillville,not in current IPEDS,,"check the older IPEDS directories: 410 if closed, 301 if merged into a college with a page"
brown-mackie-college-north-canton,not in current IPEDS,,"check the older IPEDS directories: 410 if closed, 301 if merged into a college with a page"
harrison-college,not in current IPEDS,,"check the older IPEDS directories: 410 if closed, 301 if merged into a college with a page"
minnesota-school-of-business-moorhead,not in current IPEDS,,"check the older IPEDS directories: 410 if closed, 301 if merged into a college with a page"
minnesota-school-of-business-waite-park,not in current IPEDS,,"check the older IPEDS directories: 410 if closed, 301 if merged into a college with a page"
mountain-view-college,not in current IPEDS,,"check the older IPEDS directories: 410 if closed, 301 if merged into a college with a page"
new-england-college-of-business,not in current IPEDS,,"check the older IPEDS directories: 410 if closed, 301 if merged into a college with a page"
southern-vermont-college,not in current IPEDS,,"check the older IPEDS directories: 410 if closed, 301 if merged into a college with a page"
vatterott-college-kansas-city,not in current IPEDS,,"check the older IPEDS directories: 410 if closed, 301 if merged into a college with a page"
vatterott-college-tulsa,not in current IPEDS,,"check the older IPEDS directories: 410 if closed, 301 if merged into a college with a page"
virginia-college-la,not in current IPEDS,,"check the older IPEDS directories: 410 if closed, 301 if merged into a college with a page"
waycross-college,not in current IPEDS,,"check the older IPEDS directories: 410 if closed, 301 if merged into a college with a page"
brown-mackie-college-indianapolis,not in current IPEDS,,"check the older IPEDS directories: 410 if closed, 301 if merged into a college with a page"
central-methodist-uni-college-of-graduate-studies,not in current IPEDS,,"check the older IPEDS directories: 410 if closed, 301 if merged into a college with a page"
long-island-university-riverhead-campus,not in current IPEDS,,"check the older IPEDS directories: 410 if closed, 301 if merged into a college with a page"
omaha-school-of-massage-and-healthcare-of-herzing-uni,not in current IPEDS,,"check the older IPEDS directories: 410 if closed, 301 if merged into a college with a page"
brown-mackie-college-atlanta,not in current IPEDS,,"check the older IPEDS directories: 410 if closed, 301 if merged into a college with a page"
brown-mackie-college-fort-wayne,not in current IPEDS,,"check the older IPEDS directories: 410 if closed, 301 if merged into a college with a page"
brown-mackie-college-kansas-city,not in current IPEDS,,"check the older IPEDS directories: 410 if closed, 301 if merged into a college with a page"
brown-mackie-college-louisville,not in current IPEDS,,"check the older IPEDS directories: 410 if closed, 301 if merged into a college with a page"
brown-mackie-college-michigan-city,not in current IPEDS,,"check the older IPEDS directories: 410 if closed, 301 if merged into a college with a page"
brown-mackie-college-quad-cities,not in current IPEDS,,"check the older IPEDS directories: 410 if closed, 301 if merged into a college with a page"
harrison-college-elkhart,not in current IPEDS,,"check the older IPEDS directories: 410 if closed, 301 if merged into a college with a page"
harrison-college-evansville,not in current IPEDS,,"check the older IPEDS directories: 410 if closed, 301 if merged into a college with a page"
minnesota-school-of-business-lakeville,not in current IPEDS,,"check the older IPEDS directories: 410 if closed, 301 if merged into a college with a page"
minnesota-school-of-business-plymouth,not in current IPEDS,,"check the older IPEDS directories: 410 if closed, 301 if merged into a college with a page"
non-traditional-campuses,not in current IPEDS,,"check the older IPEDS directories: 410 if closed, 301 if merged into a college with a page"
northwestern-college-southwestern-campus,not in current IPEDS,,"check the older IPEDS directories: 410 if closed, 301 if merged into a college with a page"
stevens-henager-college-murray,not in current IPEDS,,"check the older IPEDS directories: 410 if closed, 301 if merged into a college with a page"
triangle-tech-inc-erie,not in current IPEDS,,"check the older IPEDS directories: 410 if closed, 301 if merged into a college with a page"
vatterott-college-berkeley,not in current IPEDS,,"check the older IPEDS directories: 410 if closed, 301 if merged into a college with a page"
vatterott-college-saint-joseph,not in current IPEDS,,"check the older IPEDS directories: 410 if closed, 301 if merged into a college with a page"
vatterott-college-springfield,not in current IPEDS,,"check the older IPEDS directories: 410 if closed, 301 if merged into a college with a page"
vatterott-college-sunset-hills,not in current IPEDS,,"check the older IPEDS directories: 410 if closed, 301 if merged into a college with a page"
vatterott-college-wichita,not in current IPEDS,,"check the older IPEDS directories: 410 if closed, 301 if merged into a college with a page"
virginia-college-biloxi,not in current IPEDS,,"check the older IPEDS directories: 410 if closed, 301 if merged into a college with a page"
virginia-college-birmingham,not in current IPEDS,,"check the older IPEDS directories: 410 if closed, 301 if merged into a college with a page"
virginia-college-jacksonville,not in current IPEDS,,"check the older IPEDS directories: 410 if closed, 301 if merged into a college with a page"
virginia-college-montgomery,not in current IPEDS,,"check the older IPEDS directories: 410 if closed, 301 if merged into a college with a page"
antioch-university-midwest,not in current IPEDS,,"check the older IPEDS directories: 410 if closed, 301 if merged into a college with a page"
everest-university-melbourne,not in current IPEDS,,"check the older IPEDS directories: 410 if closed, 301 if merged into a college with a page"
everest-university-pompano-beach,not in current IPEDS,,"check the older IPEDS directories: 410 if closed, 301 if merged into a college with a page"
bay-state-college,not in current IPEDS,,"check the older IPEDS directories: 410 if closed, 301 if merged into a college with a page"
brown-mackie-college-birmingham,not in current IPEDS,,"check the older IPEDS directories: 410 if closed, 301 if merged into a college with a page"
brown-mackie-college-findlay,not in current IPEDS,,"check the older IPEDS directories: 410 if closed, 301 if merged into a college with a page"
brown-mackie-college-salina,not in current IPEDS,,"check the older IPEDS directories: 410 if closed, 301 if merged into a college with a page"
brown-mackie-college-san-antonio,not in current IPEDS,,"check the older IPEDS directories: 410 if closed, 301 if merged into a college with a page"
brown-mackie-college-tucson,not in current IPEDS,,"check the older IPEDS directories: 410 if closed, 301 if merged into a college with a page"
brown-mackie-college-tulsa,not in current IPEDS,,"check the older IPEDS directories: 410 if closed, 301 if merged into a college with a page"
career-point-college-ok,not in current IPEDS,,"check the older IPEDS directories: 410 if closed, 301 if merged into a college with a page"
globe-institute-of-technology,not in current IPEDS,,"check the older IPEDS directories: 410 if closed, 301 if merged into a college with a page"
green-mountain-college,not in current IPEDS,,"check the older IPEDS directories: 410 if closed, 301 if merged into a college with a page"
harrison-college-columbus,not in current IPEDS,,"check the older IPEDS directories: 410 if closed, 301 if merged into a college with a page"
harrison-college-indianapolis-east,not in current IPEDS,,"check the older IPEDS directories: 410 if closed, 301 if merged into a college with a page"
harrison-college-lafayette,not in current IPEDS,,"check the older IPEDS directories: 410 if closed, 301 if merged into a college with a page"
harrison-college-terre-haute,not in current IPEDS,,"check the older IPEDS directories: 410 if closed, 301 if merged into a college with a page"
keiser-career-college-jacksonville,not in current IPEDS,,"check the older IPEDS directories: 410 if closed, 301 if merged into a college with a page"
lecole-culinaire-mo,not in current IPEDS,,"check the older IPEDS directories: 410 if closed, 301 if merged into a college with a page"
middle-georgia-college,not in current IPEDS,,"check the older IPEDS directories: 410 if closed, 301 if merged into a college with a page"
minnesota-school-of-business-rochester,not in current IPEDS,,"check the older IPEDS directories: 410 if closed, 301 if merged into a college with a page"
stevens-henager-college-of-business-provo,not in current IPEDS,,"check the older IPEDS directories: 410 if closed, 301 if merged into a college with a page"
stevens-henager-college-ogden,not in current IPEDS,,"check the older IPEDS directories: 410 if closed, 301 if merged into a college with a page"
stevens-henager-college,not in current IPEDS,,"check the older IPEDS directories: 410 if closed, 301 if merged into a college with a page"
vatterott-college-des-moines,not in current IPEDS,,"check the older IPEDS directories: 410 if closed, 301 if merged into a college with a page"
vatterott-college-joplin,not in current IPEDS,,"check the older IPEDS directories: 410 if closed, 301 if merged into a college with a page"
vatterott-college-quincy,not in current IPEDS,,"check the older IPEDS directories: 410 if closed, 301 if merged into a college with a page"
virginia-college-augusta,not in current IPEDS,,"check the older IPEDS directories: 410 if closed, 301 if merged into a college with a page"
virginia-college-austin,not in current IPEDS,,"check the older IPEDS directories: 410 if closed, 301 if merged into a college with a page"
virginia-college-mobile,not in current IPEDS,,"check the older IPEDS directories: 410 if closed, 301 if merged into a college with a page"
virginia-college-va,not in current IPEDS,,"check the older IPEDS directories: 410 if closed, 301 if merged into a college with a page"
st-andrews-university,"IPEDS: not operating, no closing date",St. Andrews University (IPEDS 199698),"confirm closure or merger (e.g. Cornish College of the Arts joined Seattle University), then 410 or 301"
martin-university,"IPEDS: not operating, no closing date",Martin University (IPEDS 151810),"confirm closure or merger (e.g. Cornish College of the Arts joined Seattle University), then 410 or 301"
fontbonne-university,"IPEDS: not operating, no closing date",Fontbonne University (IPEDS 177418),"confirm closure or merger (e.g. Cornish College of the Arts joined Seattle University), then 410 or 301"
cornish-college-of-the-arts,"IPEDS: not operating, no closing date",Cornish College of the Arts (IPEDS 235024),"confirm closure or merger (e.g. Cornish College of the Arts joined Seattle University), then 410 or 301"
the-college-of-saint-rose,"IPEDS: not operating, no closing date",The College of Saint Rose (IPEDS 195234),"confirm closure or merger (e.g. Cornish College of the Arts joined Seattle University), then 410 or 301"
triangle-tech-inc-dubois,"IPEDS: not operating, no closing date",Triangle Tech Inc-Dubois (IPEDS 216454),"confirm closure or merger (e.g. Cornish College of the Arts joined Seattle University), then 410 or 301"
florida-career-college-miami,"IPEDS: not operating, no closing date",Florida Career College-Miami (IPEDS 133997),"confirm closure or merger (e.g. Cornish College of the Arts joined Seattle University), then 410 or 301"
american-academy-of-dramatic-arts-los-angeles,"IPEDS: not operating, no closing date",American Academy of Dramatic Arts-Los Angeles (IPEDS 108852),"confirm closure or merger (e.g. Cornish College of the Arts joined Seattle University), then 410 or 301"
triangle-tech-inc-greensburg,"IPEDS: not operating, no closing date",Triangle Tech Inc-Greensburg (IPEDS 216445),"confirm closure or merger (e.g. Cornish College of the Arts joined Seattle University), then 410 or 301"
triangle-tech-inc-sunbury,"IPEDS: not operating, no closing date",Triangle Tech Inc-Sunbury (IPEDS 443377),"confirm closure or merger (e.g. Cornish College of the Arts joined Seattle University), then 410 or 301"
northland-college,"IPEDS: not operating, no closing date",Northland College (IPEDS 239512),"confirm closure or merger (e.g. Cornish College of the Arts joined Seattle University), then 410 or 301"
island-drafting-and-technical-institute,"IPEDS: not operating, no closing date",Island Drafting and Technical Institute (IPEDS 191959),"confirm closure or merger (e.g. Cornish College of the Arts joined Seattle University), then 410 or 301"
ohio-business-college-sandusky,"IPEDS: not operating, no closing date",Ohio Business College-Sandusky (IPEDS 203739),"confirm closure or merger (e.g. Cornish College of the Arts joined Seattle University), then 410 or 301"
triangle-tech-inc-bethlehem,"IPEDS: not operating, no closing date",Triangle Tech Inc-Bethlehem (IPEDS 448859),"confirm closure or merger (e.g. Cornish College of the Arts joined Seattle University), then 410 or 301"
triangle-tech-inc-pittsburgh,"IPEDS: not operating, no closing date",Triangle Tech Inc-Pittsburgh (IPEDS 216436),"confirm closure or merger (e.g. Cornish College of the Arts joined Seattle University), then 410 or 301"
eastern-gateway-community-college,"IPEDS: not operating, no closing date",Eastern Gateway Community College (IPEDS 203331),"confirm closure or merger (e.g. Cornish College of the Arts joined Seattle University), then 410 or 301"
