rank,slug,short_name,tier,ga4_views_12m
1,san-diego,University of San Diego,A,575
2,university-of-redlands,University of Redlands,B,558
3,university-of-idaho,University of Idaho,B,485
4,soka-university-of-america,Soka University of America,B,438
5,alfred-university,Alfred University,B,407
6,princeton,Princeton,A,373
# GA4 screen_page_views via Windsor.ai, 2025-10-02 to 2026-10-02, /admission/ and /admissions/ paths, renamed slugs mapped
# through data/admissions/redirects (old_admission_urls_check.tsv, legacy_redirect_map.csv) and tiers.csv old_slug.
# Indexed pages only. Next: Belmont 366, Florida State 364, UT Dallas 363, NYU 362, UPenn 362.
# Was (16:3x, Search Console impressions, tier A): South Carolina, Arkansas, Chico State, George Mason, UMKC, Kennesaw State.
