post_id,url,title,post_type,build,shortcode_or_form,formula_fields,script_summary,last_modified
26509,https://gpacalculator.net/class-schedule-maker/,Class Schedule Maker,page,broken-shortcode,[class_schedule_maker] (unregistered: renders as raw text),,,2026-09-05 08:25:24
26513,https://gpacalculator.net/course-repeat-gpa-calculator/,Course Repeat GPA Calculator,page,broken-shortcode,[course_repeat_gpa_calculator] (unregistered: renders as raw text),,,2026-09-19 23:49:12
27414,https://gpacalculator.net/ez-grader/,EZ Grader – Easy Online Grading Calculator,page,broken-shortcode,[ez_grader] (unregistered: renders as raw text),,,2026-09-19 23:49:07
26507,https://gpacalculator.net/grading-roster/,Grading Roster,page,broken-shortcode,[grading_roster] (unregistered: renders as raw text),,,2026-09-05 08:25:24
29128,https://gpacalculator.net/test-page/,Test Page,page,broken-shortcode,[college_gpa_calculator] (unregistered: renders as raw text),,,2026-09-07 19:18:32
26418,https://gpacalculator.net/time-management-calculator/,Time Management Calculator,page,broken-shortcode,[wg-time-calc] (unregistered: renders as raw text),,,2026-09-05 08:25:24
27125,https://gpacalculator.net/grade-conversion/india/,Convert Indian Grades to U.S. GPA,page,bundle-other,iframe https://international-grades-a1sh.bolt.host/,,External iframe embed (international grade converter hosted on bolt.host),2026-09-21 14:52:40
28742,https://gpacalculator.net/cgpa-to-percentage-calculator/,CGPA to Percentage Calculator,page,formidable,"form 4 ""CGPA to Percentage Calculator"" (2 input fields, 0 entries)",1 calc fields: Percentage  = [14]*9.5,,2026-09-14 17:36:37
28908,https://gpacalculator.net/college-cost-calculator/,College Cost Calculator,page,formidable,"form 92 ""College Cost Calculator"" (8 input fields, 0 entries)",2 calc fields: Total Cost Of College = [512] * [508] + [513] * [508] + [514] * [508] + [515] * [508] + [516] * [508] ;  Monthly Cost Of College = [510]/[508]/12,,2026-09-06 21:14:27
28792,https://gpacalculator.net/college-savings-calculator/,College Savings Calculator,page,formidable,"form 50 ""College Savings Calculator"" (7 input fields, 0 entries)",1 calc fields: Total College Savings. = [245] * (1 + [247] / 100) ** ([244] - [243]) - ([248] * (1 + [247] / 100) ** ([244] - [243])) / ((1 + [247] / 100) ** ([244] - [243]) - 1) + ([249] * (((1 + [247] / 100) ** ([244] - [243] + 1) - (1 + [247] / 100)) / ([247] / 100)) * (1 + [247] / 100) ** ([243] - 1)),,2026-09-06 21:14:50
28885,https://gpacalculator.net/comprehensive-gpa-chart-maker/,Comprehensive GPA Chart Maker,page,formidable,"form 88 ""Comprehensive GPA Chart Maker"" (8 input fields, repeater child form 89, 0 entries)",4 calc fields: total_course_credits = [489] ; total_weighted_score = [490] ; GPA = [493]/[492],,2026-09-06 21:14:29
28785,https://gpacalculator.net/course-load-calculator/,Course Load Calculator,page,formidable,"form 45 ""Course Load Calculator"" (3 input fields, 0 entries)",1 calc fields: Total Credit Hours = [224]*[225],,2026-09-06 21:14:53
28787,https://gpacalculator.net/credit-transfer-calculator/,Credit Transfer Calculator,page,formidable,"form 46 ""Credit Transfer Calculator"" (5 input fields, 0 entries)",1 calc fields: Result = ([232] * [230] - [228] * [229]) / ([232] - [228]),,2026-09-06 21:14:52
28843,https://gpacalculator.net/cumulative-cgpa-calculator/,Cumulative GPA (CGPA) Calculator,page,formidable,"form 56 ""Cumulative CGPA Calculator"" (9 input fields, repeater child form 57, 0 entries)",4 calc fields: total_course_credits = [288] ; total_weighted_score = [289] ; Cumulative GPA = ([292]+([294]*[293]))/([291]+[294]),,2026-09-19 23:49:02
28917,https://gpacalculator.net/drop-add-class-calculator/,Drop/Add Class Calculator,page,formidable,"form 96 ""Drop/Add Class Calculator"" (5 input fields, 0 entries)",1 calc fields: Total Credits = [537]+[538]-[539]-[541],,2026-09-06 21:14:24
28905,https://gpacalculator.net/dual-credit-gpa-calculator/,Dual Credit GPA Calculator,page,formidable,"form 90 ""Dual Credit GPA Calculator"" (7 input fields, repeater child form 91, 0 entries)",4 calc fields: Total Credit Hours = [506] ; Total Quality Points = [500] ; GPA = [503]/[502],,2026-09-06 21:14:28
28871,https://gpacalculator.net/financial-aid-calculator/,Financial Aid Calculator,page,formidable,"form 79 ""Financial Aid Calculator"" (13 input fields, 0 entries)",7 calc fields: Total Income = [411]+[412] ; Total Family Members: = [413]+[415] ; Percentage of Cost Covered = ([416]-[417])/[416],,2026-09-06 21:14:43
28845,https://gpacalculator.net/gpa-and-letter-grade-converter/,GPA and Letter Grade Converter,page,formidable,"form 68 ""GPA and Letter Grade Converter"" (2 input fields, 4 entries)",0 calc fields,,2026-09-06 21:14:48
28847,https://gpacalculator.net/gpa-calculator-for-quarter-system/,GPA Calculator for Quarter System,page,formidable,"form 69 ""GPA Calculator for Quarter System"" (9 input fields, 4 entries)",1 calc fields: GPA = ([349]*[350]+[351]*[354]+[353]*[357]+[356]*[355])/([353]+[350]+[351]+[356]),,2026-09-06 21:14:47
28768,https://gpacalculator.net/gpa-comparison-calculator/,GPA Comparison Calculator,page,formidable,"form 20 ""GPA Comparison Calculator"" (9 input fields, repeater child form 21, 0 entries)",4 calc fields: total_course_credits = [97] ; total_weighted_score = [98] ; GPA = ([101]+([103]*[102]))/([100]+[103]),,2026-09-06 21:15:05
28766,https://gpacalculator.net/gpa-converter/,GPA Converter,page,formidable,"form 22 ""GPA Converter"" (8 input fields, repeater child form 23, 0 entries)",4 calc fields: total_course_credits = [108] ; total_weighted_score = [109] ; GPA = [112]/[111],,2026-09-14 17:03:58
28794,https://gpacalculator.net/gpa-deficit-calculator/,GPA Deficit Calculator,page,formidable,"form 51 ""GPA Deficit Calculator"" (12 input fields, 0 entries)",4 calc fields: Overall GPA = ([258] * [255] + [251] * [253]) / ([255] + [253]) ; Student's Total Earned Credits = [257]+[252] ; Student's Total Attempted Credits = [255]+[253],,2026-09-06 21:14:49
28849,https://gpacalculator.net/gpa-drop-calculator/,GPA Drop Calculator,page,formidable,"form 70 ""GPA Drop Calculator"" (11 input fields, 2 entries)",3 calc fields: New Cumulative GPA = (([358] - [364]) * [359] + [363] * [365]) / ([358] - [364] + [363]) ; New Total Quality Points = [361]*[358]-[364] ; New Total Credits = [358]-[364]+[363],,2026-09-06 21:14:46
28760,https://gpacalculator.net/gpa-normalization-calculator/,GPA Normalization Calculator,page,formidable,"form 27 ""GPA Normalization Calculator"" (7 input fields, repeater child form 28, 0 entries)",4 calc fields: total_course_credits = [137] ; total_weighted_score = [138] ; GPA = [141]/[140],,2026-09-06 21:15:09
28867,https://gpacalculator.net/gpa-predictor/,GPA Predictor,page,formidable,"form 72 ""GPA Predictor"" (7 input fields, repeater child form 73, 26 entries)",4 calc fields: total_course_credits = [377] ; total_weighted_score = [378] ; GPA = [381]/[380],,2026-09-06 21:14:45
28869,https://gpacalculator.net/gpa-progress-tracker/,GPA Progress Tracker,page,formidable,"form 76 ""GPA Progress Tracker"" (7 input fields, repeater child form 77, 0 entries)",4 calc fields:  Total Credits = [400] ; Total Quality Points = [401] ; GPA = [404]/[403],,2026-09-06 21:14:44
28750,https://gpacalculator.net/gpa-scale-calculator-for-12-0-scale/,GPA Scale Calculator for 12.0 Scale,page,formidable,"form 37 ""GPA Scale Calculator for 12.0 Scale"" (8 input fields, repeater child form 38, 0 entries)",4 calc fields: total_course_credits = [184] ; total_weighted_score = [185] ; GPA = [188]/[187],,2026-09-06 21:15:15
28752,https://gpacalculator.net/gpa-scale-calculator-for-5-0-scale/,GPA Scale Calculator for 5.0 Scale,page,formidable,"form 35 ""GPA Scale Calculator for 5.0 Scale"" (7 input fields, repeater child form 36, 0 entries)",4 calc fields: total_course_credits = [174] ; total_weighted_score = [175] ; GPA = [178]/[177],,2026-09-06 21:15:14
28754,https://gpacalculator.net/gpa-scale-calculator-for-6-0-scale/,GPA Scale Calculator for 6.0 Scale,page,formidable,"form 33 ""GPA Scale Calculator for 6.0 Scale"" (7 input fields, repeater child form 34, 2 entries)",4 calc fields: Total_score = [166] ; Total_credit_hour = [165] ; GPA  = [168]/[169],,2026-09-06 21:15:12
28756,https://gpacalculator.net/gpa-scale-calculator-for-7-0-scale/,GPA Scale Calculator for 7.0 Scale,page,formidable,"form 30 ""GPA Scale Calculator for 7.0 Scale"" (7 input fields, repeater child form 32, 0 entries)",4 calc fields: Total_score = [158] ; Total_credit_hour = [153] ; GPA  = [159]/[160],,2026-09-06 21:15:11
28925,https://gpacalculator.net/grade-comparison-calculator/,Grade Comparison Calculator,page,formidable,"form 102 ""Grade Comparison Calculator"" (7 input fields, repeater child form 103, 0 entries)",3 calc fields: count = [578] ; Total Marks Achieved = [568] ; Grade Achieved = [569]/[577],,2026-09-06 21:14:22
28762,https://gpacalculator.net/grade-curve-calculator/,Grade Curve Calculator,page,formidable,"form 26 ""Grade Curve Calculator"" (9 input fields, 0 entries)",5 calc fields: Questions to Pass = [125]*[127]/100 ; Questions Correct = [125]*[129]/100 ; Questions to Curve = [128]-[130],,2026-09-06 21:15:07
28923,https://gpacalculator.net/grade-weight-distribution-calculator/,Grade Weight Distribution Calculator,page,formidable,"form 97 ""Grade Weight Distribution Calculator"" (7 input fields, repeater child form 101, 0 entries)",4 calc fields: Total Point = [562] ; Total Weightage = [561] ; Final Grade = [566]/[565],,2026-09-06 21:14:23
28883,https://gpacalculator.net/grading-scale-calculator/,Grading Scale Calculator,page,formidable,"form 85 ""Grading Scale Calculator"" (5 input fields, 0 entries)",1 calc fields: Percentage Correct = [471]/[472]*100,,2026-09-06 21:14:30
28789,https://gpacalculator.net/high-school-transcript-calculator/,High School Transcript Calculator,page,formidable,"form 47 ""High School Transcript Calculator"" (4 input fields, repeater child form 49, 0 entries)",1 calc fields: GPA = [233]/[242],,2026-09-06 21:14:51
28780,https://gpacalculator.net/incomplete-grade-impact-calculator/,Incomplete Grade Impact Calculator,page,formidable,"form 43 ""Incomplete Grade Impact Calculator"" (7 input fields, 0 entries)",2 calc fields: Grade Needed on Final Exam = (([212] - ([211] * (1 - ([215] / 100)))) / ([213] / 100)) ; Grade Needed on Incomplete Assignment = (([212] - ([211] * (1 - ([215] / 100)))) * ([215] / 100)) / ([216] / 100),,2026-09-06 21:15:04
28881,https://gpacalculator.net/repeat-course-impact-calculator/,Repeat Course Impact Calculator,page,formidable,"form 84 ""Repeat Course Impact Calculator"" (10 input fields, 0 entries)",2 calc fields: Pass Rate = ([463] + [465] + [466]) / ([463] + [465] + [466] + [467] + [469] + [468]  ) * 100 ; Success Rate = ([461] - [462] + [463] + [465] + [466]) / [461] * 100,,2026-09-06 21:14:31
28783,https://gpacalculator.net/retake-grade-calculator/,Retake Grade Calculator,page,formidable,"form 44 ""Retake Grade Calculator"" (6 input fields, 0 entries)",1 calc fields: Minimum grade needed on remaining assessments = ((([219] - ([218] * (1 - ([220] * [223])))) / [222]) / [223]),,2026-09-06 21:14:54
28873,https://gpacalculator.net/savings-goal-calculator/,Savings Goal Calculator,page,formidable,"form 80 ""Savings Goal Calculator"" (10 input fields, 0 entries)",5 calc fields: Total Contribution = [425]*[428] ; Interest Earned = [424] * ((1 + (([429]/100)/12)) ** ([428] - 1)) ;  Total Savings = [424]+[427]+[430],,2026-09-06 21:14:42
28913,https://gpacalculator.net/scholarship-calculator/,Scholarship Calculator,page,formidable,"form 94 ""Scholarship Calculator"" (6 input fields, 0 entries)",1 calc fields: Scholarship Amount = [524]*100+([525]+[531])*2*([529]+[530])/100,,2026-09-06 21:14:26
28778,https://gpacalculator.net/semester-gpa-calculator/,Semester GPA Calculator,page,formidable,"form 41 ""Semester GPA Calculator"" (8 input fields, repeater child form 42, 0 entries)",4 calc fields: total_course_credits = [204] ; total_weighted_score = [205] ; GPA = [208]/[207],,2026-09-14 17:15:59
28915,https://gpacalculator.net/semester-planner/,Semester Planner,page,formidable,"form 95 ""Semester Planner"" (5 input fields, 0 entries)",1 calc fields: Total Credit Hours = [532]*[533],,2026-09-06 21:14:25
28875,https://gpacalculator.net/student-budget-calculator/,Student Budget Calculator,page,formidable,"form 81 ""Student Budget Calculator"" (12 input fields, 0 entries)",4 calc fields: Total income = [434]+[435] ; Total expenses per month = [438]+[440]+[441]+[442] ; Total expenses per semester = [443]*5,,2026-09-06 21:14:41
28877,https://gpacalculator.net/student-loan-repayment-calculator/,Student Loan Repayment Calculator,page,formidable,"form 82 ""Student Loan Repayment Calculator"" (7 input fields, 0 entries)",3 calc fields: Monthly Payment = [446] * ([447]/1200) / (1 - (1 + ([447]/1200)) ** (-[448] * [451])) ; Total Payment = [449]*[448]*[451] ; Total Interest = [452]-[446],,2026-09-06 21:14:40
28879,https://gpacalculator.net/unweighted-grade-calculator/,Unweighted Grade Calculator,page,formidable,"form 83 ""Unweighted Grade Calculator"" (7 input fields, 0 entries)",1 calc fields: Percentage = [454]+[455]+[459]+[456]+[458]/5,,2026-09-06 21:14:32
22335,https://gpacalculator.net/gpa-scale/,GPA Scale: The Complete Guide,page,inline-script,wp:html block,,"Letter/percent to GPA converter: pick a letter grade or percent, shows unweighted 4.0 GPA plus Honors (+0.5) and AP (+1.0) capped at 5.0 (~70 lines JS in a Custom HTML block, inline styles/onclick handlers)",2026-10-01 12:44:33
27107,https://gpacalculator.net/grade-conversion/canada/,Understanding the Canadian Grading System,page,inline-script,wp:html block,,"Canadian GPA calculator: high school / university mode switch, letter grade + credit rows, credit-weighted 4.0 GPA (~96 lines JS in a Custom HTML block, inline styles/onclick handlers)",2026-09-19 23:49:10
27160,https://gpacalculator.net/grade-conversion/united-kingdom/,British Grades to GPA Calculator,page,inline-script,wp:html block,,"UK-to-US GPA calculator: multiple semesters, class rows with grade + credits, overall credit-weighted GPA in a result box (~95 lines JS in a Custom HTML block, inline styles/onclick handlers)",2026-09-21 14:52:40
22339,https://gpacalculator.net/middle-school-gpa-calculator/,Middle School GPA Calculator,page,inline-script,wp:html block,,"Middle school GPA table: subject + letter grade rows, add/remove rows, ""Other"" subject text box, averages grade points on 4.0 (unweighted, no credits) (~99 lines JS in a Custom HTML block, inline styles/onclick handlers)",2026-10-02 19:29:53
31438,https://gpacalculator.net/,Home,page,shortcode,[gpa-calculator],,,2026-09-30 21:07:57
22,https://gpacalculator.net/college-gpa-calculator/,College GPA Calculator,page,shortcode,[college-gpa-calculator],,,2026-10-02 20:06:45
30220,https://gpacalculator.net/college-gpa-calculator/alabama-gpa-calculator/,University of Alabama GPA Calculator,page,shortcode,"[gpcm_calculator id=""alabama""]",,,2026-09-29 06:36:46
30261,https://gpacalculator.net/college-gpa-calculator/asu-gpa-calculator/,Arizona State GPA Calculator,page,shortcode,"[gpcm_calculator id=""asu""]",,,2026-09-29 03:16:05
30299,https://gpacalculator.net/college-gpa-calculator/baylor-gpa-calculator/,Baylor GPA Calculator,page,shortcode,"[gpcm_calculator id=""baylor""]",,,2026-09-29 02:10:30
30149,https://gpacalculator.net/college-gpa-calculator/brown-gpa-calculator/,Brown GPA Calculator,page,shortcode,[gpa-calculator],,,2026-09-20 22:01:32
30273,https://gpacalculator.net/college-gpa-calculator/bu-gpa-calculator/,Boston University GPA Calculator,page,shortcode,"[gpcm_calculator id=""bu""]",,,2026-09-29 02:55:54
30117,https://gpacalculator.net/college-gpa-calculator/caltech-gpa-calculator/,Caltech GPA Calculator,page,shortcode,"[gpcm_calculator id=""caltech""]",,,2026-09-29 11:10:58
30283,https://gpacalculator.net/college-gpa-calculator/case-western-gpa-calculator/,Case Western GPA Calculator,page,shortcode,"[gpcm_calculator id=""case-western""]",,,2026-09-29 02:36:35
30259,https://gpacalculator.net/college-gpa-calculator/clemson-gpa-calculator/,Clemson GPA Calculator,page,shortcode,"[gpcm_calculator id=""clemson""]",,,2026-09-29 03:18:14
30187,https://gpacalculator.net/college-gpa-calculator/cmu-gpa-calculator/,Carnegie Mellon GPA Calculator,page,shortcode,"[gpcm_calculator id=""cmu""]",,,2026-09-29 07:25:53
30123,https://gpacalculator.net/college-gpa-calculator/columbia-gpa-calculator/,Columbia GPA Calculator,page,shortcode,"[gpcm_calculator id=""columbia""]",,,2026-09-29 11:00:59
30134,https://gpacalculator.net/college-gpa-calculator/cornell-gpa-calculator/,Cornell GPA Calculator,page,shortcode,"[gpcm_calculator id=""cornell""]",,,2026-09-29 10:51:34
30207,https://gpacalculator.net/college-gpa-calculator/cu-boulder-gpa-calculator/,CU Boulder GPA Calculator,page,shortcode,"[gpcm_calculator id=""cu-boulder""]",,,2026-09-29 06:58:40
30144,https://gpacalculator.net/college-gpa-calculator/dartmouth-gpa-calculator/,Dartmouth GPA Calculator,page,shortcode,"[gpcm_calculator id=""dartmouth""]",,,2026-09-29 10:32:49
30321,https://gpacalculator.net/college-gpa-calculator/drexel-gpa-calculator/,Drexel GPA Calculator,page,shortcode,"[gpcm_calculator id=""drexel""]",,,2026-09-29 01:47:44
30140,https://gpacalculator.net/college-gpa-calculator/duke-gpa-calculator/,Duke GPA Calculator,page,shortcode,"[gpcm_calculator id=""duke""]",,,2026-09-29 10:38:29
30281,https://gpacalculator.net/college-gpa-calculator/emory-gpa-calculator/,Emory GPA Calculator,page,shortcode,"[gpcm_calculator id=""emory""]",,,2026-09-29 02:49:38
30251,https://gpacalculator.net/college-gpa-calculator/fsu-gpa-calculator/,Florida State GPA Calculator,page,shortcode,"[gpcm_calculator id=""fsu""]",,,2026-09-29 03:32:35
30271,https://gpacalculator.net/college-gpa-calculator/georgetown-gpa-calculator/,Georgetown GPA Calculator,page,shortcode,"[gpcm_calculator id=""georgetown""]",,,2026-09-29 02:58:14
30173,https://gpacalculator.net/college-gpa-calculator/georgia-tech-gpa-calculator/,Georgia Tech GPA Calculator,page,shortcode,"[gpcm_calculator id=""georgia-tech""]",,,2026-09-29 07:42:25
29264,https://gpacalculator.net/college-gpa-calculator/harvard/,Harvard GPA Calculator,page,shortcode,"[gpcm_calculator id=""harvard""]",,,2026-09-29 11:18:52
30313,https://gpacalculator.net/college-gpa-calculator/iit-gpa-calculator/,IIT GPA Calculator,page,shortcode,"[gpcm_calculator id=""iit""]",,,2026-09-29 01:58:10
30265,https://gpacalculator.net/college-gpa-calculator/iowa-state-gpa-calculator/,Iowa State GPA Calculator,page,shortcode,"[gpcm_calculator id=""iowa-state""]",,,2026-09-29 03:05:59
30213,https://gpacalculator.net/college-gpa-calculator/iu-gpa-calculator/,Indiana University GPA Calculator,page,shortcode,"[gpcm_calculator id=""iu""]",,,2026-09-29 06:53:25
30136,https://gpacalculator.net/college-gpa-calculator/jhu-gpa-calculator/,Johns Hopkins GPA Calculator,page,shortcode,"[gpcm_calculator id=""jhu""]",,,2026-09-29 10:49:19
30257,https://gpacalculator.net/college-gpa-calculator/kentucky-gpa-calculator/,Uni of Kentucky GPA Calculator,page,shortcode,"[gpcm_calculator id=""kentucky""]",,,2026-09-29 03:22:47
30230,https://gpacalculator.net/college-gpa-calculator/ku-gpa-calculator/,University of Kansas GPA Calculator,page,shortcode,"[gpcm_calculator id=""ku""]",,,2026-09-29 05:34:56
30323,https://gpacalculator.net/college-gpa-calculator/marquette-gpa-calculator/,Marquette GPA Calculator,page,shortcode,"[gpcm_calculator id=""marquette""]",,,2026-09-29 01:23:50
30309,https://gpacalculator.net/college-gpa-calculator/michigan-tech-gpa-calculator/,Michigan Tech GPA Calculator,page,shortcode,"[gpcm_calculator id=""michigan-tech""]",,,2026-09-29 02:02:04
30065,https://gpacalculator.net/college-gpa-calculator/mit-gpa-calculator/,MIT GPA Calculator,page,shortcode,"[gpcm_calculator id=""mit""]",,,2026-09-29 11:31:39
30232,https://gpacalculator.net/college-gpa-calculator/mizzou-gpa-calculator/,Mizzou GPA Calculator,page,shortcode,"[gpcm_calculator id=""mizzou""]",,,2026-09-29 05:32:05
30205,https://gpacalculator.net/college-gpa-calculator/msu-gpa-calculator/,Michigan State GPA Calculator,page,shortcode,"[gpcm_calculator id=""msu""]",,,2026-09-29 07:01:06
30249,https://gpacalculator.net/college-gpa-calculator/nc-state-gpa-calculator/,NC State GPA Calculator,page,shortcode,[gpa-calculator],,,2026-09-20 22:02:29
30289,https://gpacalculator.net/college-gpa-calculator/northeastern-gpa-calculator/,Northeastern GPA Calculator,page,shortcode,"[gpcm_calculator id=""northeastern""]",,,2026-09-29 02:26:44
30138,https://gpacalculator.net/college-gpa-calculator/northwestern-gpa-calculator/,Northwestern GPA Calculator,page,shortcode,"[gpcm_calculator id=""northwestern""]",,,2026-09-29 10:44:59
30287,https://gpacalculator.net/college-gpa-calculator/notre-dame-gpa-calculator/,Notre Dame GPA Calculator,page,shortcode,"[gpcm_calculator id=""notre-dame""]",,,2026-09-29 02:30:30
30177,https://gpacalculator.net/college-gpa-calculator/nyu-gpa-calculator/,NYU GPA Calculator,page,shortcode,"[gpcm_calculator id=""nyu""]",,,2026-09-29 07:39:09
30129,https://gpacalculator.net/college-gpa-calculator/ohio-state-gpa-calculator/,Ohio State GPA Calculator,page,shortcode,"[gpcm_calculator id=""ohio-state""]",,,2026-09-29 10:54:50
30243,https://gpacalculator.net/college-gpa-calculator/ou-gpa-calculator/,University of Oklahoma GPA Calculator,page,shortcode,"[gpcm_calculator id=""ou""]",,,2026-09-29 03:37:57
30218,https://gpacalculator.net/college-gpa-calculator/penn-state-gpa-calculator/,Penn State GPA Calculator,page,shortcode,"[gpcm_calculator id=""penn-state""]",,,2026-09-29 06:34:14
30198,https://gpacalculator.net/college-gpa-calculator/pitt-gpa-calculator/,Pitt GPA Calculator,page,shortcode,"[gpcm_calculator id=""pitt""]",,,2026-09-29 07:13:14
30081,https://gpacalculator.net/college-gpa-calculator/princeton-gpa-calculator/,Princeton GPA Calculator,page,shortcode,"[gpcm_calculator id=""princeton""]",,,2026-09-29 11:13:46
30193,https://gpacalculator.net/college-gpa-calculator/purdue-gpa-calculator/,Purdue GPA Calculator,page,shortcode,"[gpcm_calculator id=""purdue""]",,,2026-09-29 07:22:27
30201,https://gpacalculator.net/college-gpa-calculator/rice-gpa-calculator/,Rice GPA Calculator,page,shortcode,"[gpcm_calculator id=""rice""]",,,2026-09-29 07:06:55
30269,https://gpacalculator.net/college-gpa-calculator/rochester-gpa-calculator/,University of Rochester GPA Calculator,page,shortcode,"[gpcm_calculator id=""rochester""]",,,2026-09-29 03:01:07
30255,https://gpacalculator.net/college-gpa-calculator/rutgers-gpa-calculator/,Rutgers GPA Calculator,page,shortcode,"[gpcm_calculator id=""rutgers""]",,,2026-09-29 03:26:54
38255,https://gpacalculator.net/college-gpa-calculator/stanford-gpa-calculator/,Stanford GPA Calculator,page,shortcode,"[gpcm_calculator id=""stanford""]",,,2026-09-29 11:29:20
30295,https://gpacalculator.net/college-gpa-calculator/syracuse-gpa-calculator/,Syracuse GPA Calculator,page,shortcode,"[gpcm_calculator id=""syracuse""]",,,2026-09-29 02:19:08
30303,https://gpacalculator.net/college-gpa-calculator/tcu-gpa-calculator/,TCU GPA Calculator,page,shortcode,"[gpcm_calculator id=""tcu""]",,,2026-09-29 02:05:07
30203,https://gpacalculator.net/college-gpa-calculator/texas-am-gpa-calculator/,Texas A&amp;M GPA Calculator,page,shortcode,"[gpcm_calculator id=""texas-am""]",,,2026-09-29 07:04:36
30279,https://gpacalculator.net/college-gpa-calculator/tufts-gpa-calculator/,Tufts GPA Calculator,page,shortcode,"[gpcm_calculator id=""tufts""]",,,2026-09-29 02:46:24
30127,https://gpacalculator.net/college-gpa-calculator/uc-berkeley-gpa-calculator/,UC Berkeley GPA Calculator,page,shortcode,"[gpcm_calculator id=""uc-berkeley""]",,,2026-09-29 10:56:50
30156,https://gpacalculator.net/college-gpa-calculator/uc-davis-gpa-calculator/,UC Davis GPA Calculator,page,shortcode,"[gpcm_calculator id=""uc-davis""]",,,2026-09-29 08:02:34
30329,https://gpacalculator.net/college-gpa-calculator/ucf-gpa-calculator/,UCF GPA Calculator,page,shortcode,"[gpcm_calculator id=""ucf""]",,,2026-09-29 00:56:45
30121,https://gpacalculator.net/college-gpa-calculator/uchicago-gpa-calculator/,UChicago GPA Calculator,page,shortcode,"[gpcm_calculator id=""uchicago""]",,,2026-09-29 11:03:17
30179,https://gpacalculator.net/college-gpa-calculator/uci-gpa-calculator/,UC Irvine GPA Calculator,page,shortcode,"[gpcm_calculator id=""uci""]",,,2026-09-29 07:37:08
35821,https://gpacalculator.net/college-gpa-calculator/ucla-gpa-calculator/,UCLA GPA Calculator,page,shortcode,"[gpcm_calculator id=""ucla""]",,,2026-10-02 18:40:46
30226,https://gpacalculator.net/college-gpa-calculator/uconn-gpa-calculator/,UConn GPA Calculator,page,shortcode,"[gpcm_calculator id=""uconn""]",,,2026-09-29 06:23:50
30170,https://gpacalculator.net/college-gpa-calculator/ucsb-gpa-calculator/,UC Santa Barbara GPA Calculator,page,shortcode,"[gpcm_calculator id=""ucsb""]",,,2026-09-29 07:44:54
30152,https://gpacalculator.net/college-gpa-calculator/ucsd-gpa-calculator/,UCSD GPA Calculator,page,shortcode,"[gpcm_calculator id=""ucsd""]",,,2026-09-29 10:17:58
30228,https://gpacalculator.net/college-gpa-calculator/udel-gpa-calculator/,University of Delaware GPA Calculator,page,shortcode,"[gpcm_calculator id=""udel""]",,,2026-09-29 06:15:21
30185,https://gpacalculator.net/college-gpa-calculator/uf-gpa-calculator/,University of Florida GPA Calculator,page,shortcode,"[gpcm_calculator id=""uf""]",,,2026-09-29 07:33:44
30216,https://gpacalculator.net/college-gpa-calculator/uga-gpa-calculator/,University of Georgia GPA Calculator,page,shortcode,"[gpcm_calculator id=""uga""]",,,2026-09-29 06:41:53
30209,https://gpacalculator.net/college-gpa-calculator/uiowa-gpa-calculator/,University of Iowa GPA Calculator,page,shortcode,"[gpcm_calculator id=""uiowa""]",,,2026-09-29 06:55:50
30166,https://gpacalculator.net/college-gpa-calculator/uiuc-gpa-calculator/,UIUC GPA Calculator,page,shortcode,"[gpcm_calculator id=""uiuc""]",,,2026-09-29 07:50:24
30211,https://gpacalculator.net/college-gpa-calculator/umass-amherst-gpa-calculator/,UMass Amherst GPA Calculator,page,shortcode,"[gpcm_calculator id=""umass-amherst""]",,,2026-09-29 06:50:01
30195,https://gpacalculator.net/college-gpa-calculator/umd-gpa-calculator/,University of Maryland GPA Calculator,page,shortcode,"[gpcm_calculator id=""umd""]",,,2026-09-29 07:15:15
30142,https://gpacalculator.net/college-gpa-calculator/umich-gpa-calculator/,University of Michigan GPA Calculator,page,shortcode,"[gpcm_calculator id=""umich""]",,,2026-09-29 10:42:05
30191,https://gpacalculator.net/college-gpa-calculator/umn-gpa-calculator/,University of Minnesota GPA Calculator,page,shortcode,"[gpcm_calculator id=""umn""]",,,2026-09-29 07:20:26
30168,https://gpacalculator.net/college-gpa-calculator/unc-gpa-calculator/,UNC GPA Calculator,page,shortcode,"[gpcm_calculator id=""unc""]",,,2026-09-29 07:47:35
30325,https://gpacalculator.net/college-gpa-calculator/unh-gpa-calculator/,UNH GPA Calculator,page,shortcode,"[gpcm_calculator id=""unh""]",,,2026-09-29 01:17:59
30263,https://gpacalculator.net/college-gpa-calculator/uni-of-houston-gpa-calculator/,University of Houston GPA Calculator,page,shortcode,"[gpcm_calculator id=""iowa-state""]",,,2026-09-29 03:08:18
30253,https://gpacalculator.net/college-gpa-calculator/university-of-miami-gpa-calculator/,University of Miami GPA Calculator,page,shortcode,"[gpcm_calculator id=""university-of-miami""]",,,2026-09-29 03:30:26
30241,https://gpacalculator.net/college-gpa-calculator/unl-gpa-calculator/,Uni of Nebraska–Lincoln GPA Calculator,page,shortcode,"[gpcm_calculator id=""unl""]",,,2026-09-29 05:24:12
30237,https://gpacalculator.net/college-gpa-calculator/uo-gpa-calculator/,University of Oregon GPA Calculator,page,shortcode,"[gpcm_calculator id=""uo""]",,,2026-09-29 05:19:56
30125,https://gpacalculator.net/college-gpa-calculator/upenn-gpa-calculator/,UPenn GPA Calculator,page,shortcode,"[gpcm_calculator id=""upenn""]",,,2026-09-29 10:59:08
30327,https://gpacalculator.net/college-gpa-calculator/uri-gpa-calculator/,URI GPA Calculator,page,shortcode,"[gpcm_calculator id=""uri""]",,,2026-09-29 01:07:57
30150,https://gpacalculator.net/college-gpa-calculator/usc-gpa-calculator/,USC GPA Calculator,page,shortcode,"[gpcm_calculator id=""usc""]",,,2026-09-29 10:15:44
30291,https://gpacalculator.net/college-gpa-calculator/usd-gpa-calculator/,University of San Diego GPA Calculator,page,shortcode,"[gpcm_calculator id=""usd""]",,,2026-09-29 02:22:12
30317,https://gpacalculator.net/college-gpa-calculator/usf-gpa-calculator/,USF GPA Calculator,page,shortcode,"[gpcm_calculator id=""usf""]",,,2026-09-29 01:53:31
30160,https://gpacalculator.net/college-gpa-calculator/ut-austin-gpa-calculator/,UT Austin GPA Calculator,page,shortcode,"[gpcm_calculator id=""ut-austin""]",,,2026-09-29 07:58:38
30224,https://gpacalculator.net/college-gpa-calculator/utah-gpa-calculator/,University of Utah GPA Calculator,page,shortcode,"[gpcm_calculator id=""utah""]",,,2026-09-29 06:26:29
30235,https://gpacalculator.net/college-gpa-calculator/utk-gpa-calculator/,UT Knoxville GPA Calculator,page,shortcode,"[gpcm_calculator id=""utk""]",,,2026-09-29 05:27:02
30183,https://gpacalculator.net/college-gpa-calculator/uva-gpa-calculator/,University of Virginia GPA Calculator,page,shortcode,"[gpcm_calculator id=""uva""]",,,2026-09-29 07:30:57
30267,https://gpacalculator.net/college-gpa-calculator/uvm-gpa-calculator/,University of Vermont GPA Calculator,page,shortcode,"[gpcm_calculator id=""uvm""]",,,2026-09-29 03:03:24
30162,https://gpacalculator.net/college-gpa-calculator/uw-gpa-calculator/,University of Washington GPA Calculator,page,shortcode,"[gpcm_calculator id=""uw""]",,,2026-09-29 18:12:32
30164,https://gpacalculator.net/college-gpa-calculator/uw-madison-gpa-calculator/,UW–Madison GPA Calculator,page,shortcode,"[gpcm_calculator id=""uw-madison""]",,,2026-09-29 07:52:34
30147,https://gpacalculator.net/college-gpa-calculator/vanderbilt-gpa-calculator/,Vanderbilt GPA Calculator,page,shortcode,"[gpcm_calculator id=""vanderbilt""]",,,2026-09-29 10:23:23
30285,https://gpacalculator.net/college-gpa-calculator/washu-gpa-calculator/,WashU GPA Calculator,page,shortcode,"[gpcm_calculator id=""washu""]",,,2026-09-29 02:40:59
30297,https://gpacalculator.net/college-gpa-calculator/wfu-gpa-calculator/,Wake Forest GPA Calculator,page,shortcode,"[gpcm_calculator id=""wfu""]",,,2026-09-29 02:15:49
30119,https://gpacalculator.net/college-gpa-calculator/yale-gpa-calculator/,Yale GPA Calculator,page,shortcode,"[gpcm_calculator id=""yale""]",,,2026-09-29 11:07:01
26308,https://gpacalculator.net/final-grade-calculator/,Final Grade Calculator,page,shortcode,[final-grade-calculator],,,2026-09-30 23:36:45
296,https://gpacalculator.net/grade-calculator/,Grade Calculator,page,shortcode,[grade-calculator],,,2026-10-02 20:35:08
27119,https://gpacalculator.net/grade-conversion/germany/,German Grades to US GPA Calculator,page,shortcode,"[country_grade id=""germany""] | [country_grade_scale id=""germany"" system=""de-standard-higher-education-1-5""]",,,2026-09-26 23:54:37
77,https://gpacalculator.net/high-school-gpa-calculator/,High School GPA Calculator,page,shortcode,[high-school-gpa-calc],,,2026-10-02 20:37:12
28,https://gpacalculator.net/how-to-raise-gpa/,Raise GPA Calculator,page,shortcode,[raise-gpa-calculator],,,2026-09-30 23:43:02
36305,https://gpacalculator.net/medical-school-gpa-calculator/,Medical School GPA Calculator,page,shortcode,[gpa-calculator],,,2026-09-20 08:45:15
36311,https://gpacalculator.net/pharmacy-school-gpa-calculator/,Pharmacy School GPA Calculator,page,shortcode,[gpa-calculator],,,2026-09-20 08:51:23
26313,https://gpacalculator.net/semester-grade-calculator/,Semester Grade Calculator,page,shortcode,[semester-grade-calculator],,,2026-09-30 23:38:27
28758,https://gpacalculator.net/sgpa-to-cgpa-conversion-calculator/,SGPA to CGPA Conversion Calculator,page,shortcode,[sgpa-to-cgpa-calculator],,,2026-09-19 23:49:05
26511,https://gpacalculator.net/target-gpa-calculator/,Target GPA Calculator,page,shortcode,[gpa-calculator],,,2026-09-19 23:49:14
36303,https://gpacalculator.net/weighted-gpa-calculator/,Weighted GPA Calculator,page,shortcode,[gpa-calculator],,,2026-09-20 08:36:23
26311,https://gpacalculator.net/weighted-grade-calculator/,Weighted Grade Calculator,page,shortcode,[weighted-grade-calculator],,,2026-09-30 23:37:51
