page	url	text	region	link_class	target	status	location	redirect_by	chain	final_url	final_status	hops	error
https://gpacalculator.net/good-grades/how-to-avoid-senior-slide/	https://gpacalculator.net/admissions/	Admission Requirements	sidebar		live								
https://gpacalculator.net/college-advice/high-school-gpa-guide/	https://gpacalculator.net/admissions/	Admission Requirements	sidebar		live								
https://gpacalculator.net/good-grades/boosting-college-gpa/	https://gpacalculator.net/admissions/	Admission Requirements	sidebar		live								
https://gpacalculator.net/good-grades/improve-gpa-semester/	https://gpacalculator.net/admissions/	Admission Requirements	sidebar		live								
https://gpacalculator.net/good-grades/mastering-gpa-calculations-a-students-guide/	https://gpacalculator.net/admissions/	Admission Requirements	sidebar		live								
https://gpacalculator.net/good-grades/ways-to-save-on-tuition/	https://gpacalculator.net/admissions/	Admission Requirements	sidebar		live								
https://gpacalculator.net/good-grades/gpa-vs-course-rigor/	https://gpacalculator.net/admissions/	Admission Requirements	sidebar		live								
https://gpacalculator.net/good-grades/balancing-a-high-gpa-and-challenging-coursework/	https://gpacalculator.net/admissions/	Admission Requirements	sidebar		live								
https://gpacalculator.net/good-grades/top-10-college-admission-myths/	https://gpacalculator.net/admissions/	Admission Requirements	sidebar		live								
https://gpacalculator.net/good-grades/how-to-form-your-own-college-study-team/	https://gpacalculator.net/admissions/	Admission Requirements	sidebar		live								
https://gpacalculator.net/good-grades/how-to-get-the-most-out-of-your-college-education/	https://gpacalculator.net/admissions/	Admission Requirements	sidebar		live								
https://gpacalculator.net/good-grades/why-every-college-student-should-understand-business-fundamentals/	https://gpacalculator.net/admissions/	Admission Requirements	sidebar		live								
https://gpacalculator.net/good-grades/should-you-hire-a-tutor/	https://gpacalculator.net/admissions/	Admission Requirements	sidebar		live								
https://gpacalculator.net/good-grades/5-cool-ways-to-make-money-between-classes/	https://gpacalculator.net/admissions/	Admission Requirements	sidebar		live								
https://gpacalculator.net/good-grades/study-habits-for-academic-success/	https://gpacalculator.net/admissions/	Admission Requirements	sidebar		live								
https://gpacalculator.net/good-grades/how-important-is-your-gpa/	https://gpacalculator.net/admissions/	Admission Requirements	sidebar		live								
https://gpacalculator.net/good-grades/finding-your-dream-job/	https://gpacalculator.net/admissions/	Admission Requirements	sidebar		live								
https://gpacalculator.net/good-grades/are-online-classes-for-you/	https://gpacalculator.net/admissions/	Admission Requirements	sidebar		live								
https://gpacalculator.net/good-grades/college-education-with-average-gpa/	https://gpacalculator.net/admissions/	Admission Requirements	sidebar		live								
https://gpacalculator.net/good-grades/tips-for-maintaining-high-gpa/	https://gpacalculator.net/admissions/	Admission Requirements	sidebar		live								
https://gpacalculator.net/good-grades/volunteering-and-your-gpa/	https://gpacalculator.net/admissions/	Admission Requirements	sidebar		live								
https://gpacalculator.net/good-grades/how-to-choose-your-college-major/	https://gpacalculator.net/admissions/	Admission Requirements	sidebar		live								
https://gpacalculator.net/good-grades/does-a-perfect-gpa-guarantee-success/	https://gpacalculator.net/admissions/	Admission Requirements	sidebar		live								
https://gpacalculator.net/good-grades/good-grade-pill/	https://gpacalculator.net/admissions/	Admission Requirements	sidebar		live								
https://gpacalculator.net/good-grades/get-into-your-dream-college-without-a-high-gpa/	https://gpacalculator.net/admissions/	Admission Requirements	sidebar		live								
https://gpacalculator.net/good-grades/how-raising-your-gpa-can-put-cash-in-your-pocket/	https://gpacalculator.net/admissions/	Admission Requirements	sidebar		live								
https://gpacalculator.net/good-grades/how-to-apply-to-grad-school-with-low-gpa/	https://gpacalculator.net/admissions/	Admission Requirements	sidebar		live								
https://gpacalculator.net/good-grades/what-are-good-grades-really-worth/	https://gpacalculator.net/admissions/	Admission Requirements	sidebar		live								
https://gpacalculator.net/	https://gpacalculator.net/admissions/	Admission Requirements	sidebar		live								
https://gpacalculator.net/college-gpa-calculator/	https://gpacalculator.net/admissions/	Admission Requirements	sidebar		live								
https://gpacalculator.net/middle-school-gpa-calculator/	https://gpacalculator.net/admissions/	Admission Requirements	sidebar		live								
https://gpacalculator.net/high-school-gpa-calculator/	https://gpacalculator.net/admissions/	Admission Requirements	sidebar		live								
https://gpacalculator.net/gpa-scale/1-0-gpa/	https://gpacalculator.net/admissions/	Admission Requirements	sidebar		live								
https://gpacalculator.net/gpa-scale/1-1-gpa/	https://gpacalculator.net/admissions/	Admission Requirements	sidebar		live								
https://gpacalculator.net/gpa-scale/1-2-gpa/	https://gpacalculator.net/admissions/	Admission Requirements	sidebar		live								
https://gpacalculator.net/gpa-scale/1-3-gpa/	https://gpacalculator.net/admissions/	Admission Requirements	sidebar		live								
https://gpacalculator.net/gpa-scale/1-4-gpa/	https://gpacalculator.net/admissions/	Admission Requirements	sidebar		live								
https://gpacalculator.net/gpa-scale/1-5-gpa/	https://gpacalculator.net/admissions/	Admission Requirements	sidebar		live								
https://gpacalculator.net/gpa-scale/1-6-gpa/	https://gpacalculator.net/admissions/	Admission Requirements	sidebar		live								
https://gpacalculator.net/gpa-scale/1-7-gpa/	https://gpacalculator.net/admissions/	Admission Requirements	sidebar		live								
https://gpacalculator.net/gpa-scale/1-8-gpa/	https://gpacalculator.net/admissions/	Admission Requirements	sidebar		live								
https://gpacalculator.net/gpa-scale/1-9-gpa/	https://gpacalculator.net/admissions/	Admission Requirements	sidebar		live								
https://gpacalculator.net/gpa-scale/2-0-gpa/	https://gpacalculator.net/admissions/	Admission Requirements	sidebar		live								
https://gpacalculator.net/gpa-scale/2-1-gpa/	https://gpacalculator.net/admissions/	Admission Requirements	sidebar		live								
https://gpacalculator.net/gpa-scale/2-2-gpa/	https://gpacalculator.net/admissions/	Admission Requirements	sidebar		live								
https://gpacalculator.net/gpa-scale/2-3-gpa/	https://gpacalculator.net/admissions/	Admission Requirements	sidebar		live								
https://gpacalculator.net/gpa-scale/2-4-gpa/	https://gpacalculator.net/admissions/	Admission Requirements	sidebar		live								
https://gpacalculator.net/gpa-scale/2-5-gpa/	https://gpacalculator.net/admissions/	Admission Requirements	sidebar		live								
https://gpacalculator.net/gpa-scale/2-6-gpa/	https://gpacalculator.net/admissions/	Admission Requirements	sidebar		live								
https://gpacalculator.net/gpa-scale/2-7-gpa/	https://gpacalculator.net/admissions/	Admission Requirements	sidebar		live								
https://gpacalculator.net/gpa-scale/2-8-gpa/	https://gpacalculator.net/admissions/	Admission Requirements	sidebar		live								
https://gpacalculator.net/gpa-scale/2-9-gpa/	https://gpacalculator.net/admissions/	Admission Requirements	sidebar		live								
https://gpacalculator.net/gpa-scale/3-0-gpa/	https://gpacalculator.net/admissions/	Admission Requirements	sidebar		live								
https://gpacalculator.net/gpa-scale/3-1-gpa/	https://gpacalculator.net/admissions/	Admission Requirements	sidebar		live								
https://gpacalculator.net/gpa-scale/3-2-gpa/	https://gpacalculator.net/admissions/	Admission Requirements	sidebar		live								
https://gpacalculator.net/gpa-scale/3-3-gpa/	https://gpacalculator.net/admissions/	Admission Requirements	sidebar		live								
https://gpacalculator.net/gpa-scale/3-4-gpa/	https://gpacalculator.net/admissions/	Admission Requirements	sidebar		live								
https://gpacalculator.net/gpa-scale/3-5-gpa/	https://gpacalculator.net/admissions/	Admission Requirements	sidebar		live								
https://gpacalculator.net/gpa-scale/3-6-gpa/	https://gpacalculator.net/admissions/	Admission Requirements	sidebar		live								
https://gpacalculator.net/gpa-scale/3-7-gpa/	https://gpacalculator.net/admissions/	Admission Requirements	sidebar		live								
https://gpacalculator.net/gpa-scale/3-8-gpa/	https://gpacalculator.net/admissions/	Admission Requirements	sidebar		live								
https://gpacalculator.net/gpa-scale/3-9-gpa/	https://gpacalculator.net/admissions/	Admission Requirements	sidebar		live								
https://gpacalculator.net/gpa-scale/4-0-gpa/	https://gpacalculator.net/admissions/	Admission Requirements	sidebar		live								
https://gpacalculator.net/gpa-scale/	https://gpacalculator.net/admissions/	Admission Requirements	sidebar		live								
https://gpacalculator.net/how-to-raise-gpa/	https://gpacalculator.net/admissions/	Admission Requirements	sidebar		live								
https://gpacalculator.net/semester-grade-calculator/	https://gpacalculator.net/admissions/	Admission Requirements	sidebar		live								
https://gpacalculator.net/weighted-grade-calculator/	https://gpacalculator.net/admissions/	Admission Requirements	sidebar		live								
https://gpacalculator.net/final-grade-calculator/	https://gpacalculator.net/admissions/	Admission Requirements	sidebar		live								
https://gpacalculator.net/grade-calculator/	https://gpacalculator.net/admissions/	Admission Requirements	sidebar		live								
https://gpacalculator.net/college-gpa-calculator/uw-gpa-calculator/	https://gpacalculator.net/admissions/	Admission Requirements	sidebar		live								
https://gpacalculator.net/college-gpa-calculator/mit-gpa-calculator/	https://gpacalculator.net/admissions/	Admission Requirements	sidebar		live								
https://gpacalculator.net/college-gpa-calculator/stanford-gpa-calculator/	https://gpacalculator.net/admissions/	Admission Requirements	sidebar		live								
https://gpacalculator.net/college-gpa-calculator/harvard/	https://gpacalculator.net/admissions/	Admission Requirements	sidebar		live								
https://gpacalculator.net/college-gpa-calculator/princeton-gpa-calculator/	https://gpacalculator.net/admissions/	Admission Requirements	sidebar		live								
https://gpacalculator.net/college-gpa-calculator/caltech-gpa-calculator/	https://gpacalculator.net/admissions/	Admission Requirements	sidebar		live								
https://gpacalculator.net/college-gpa-calculator/yale-gpa-calculator/	https://gpacalculator.net/admissions/	Admission Requirements	sidebar		live								
https://gpacalculator.net/college-gpa-calculator/uchicago-gpa-calculator/	https://gpacalculator.net/admissions/	Admission Requirements	sidebar		live								
https://gpacalculator.net/college-gpa-calculator/columbia-gpa-calculator/	https://gpacalculator.net/admissions/	Admission Requirements	sidebar		live								
https://gpacalculator.net/college-gpa-calculator/upenn-gpa-calculator/	https://gpacalculator.net/admissions/	Admission Requirements	sidebar		live								
https://gpacalculator.net/college-gpa-calculator/uc-berkeley-gpa-calculator/	https://gpacalculator.net/admissions/	Admission Requirements	sidebar		live								
https://gpacalculator.net/college-gpa-calculator/ohio-state-gpa-calculator/	https://gpacalculator.net/admissions/	Admission Requirements	sidebar		live								
https://gpacalculator.net/college-gpa-calculator/cornell-gpa-calculator/	https://gpacalculator.net/admissions/	Admission Requirements	sidebar		live								
https://gpacalculator.net/college-gpa-calculator/jhu-gpa-calculator/	https://gpacalculator.net/admissions/	Admission Requirements	sidebar		live								
https://gpacalculator.net/college-gpa-calculator/northwestern-gpa-calculator/	https://gpacalculator.net/admissions/	Admission Requirements	sidebar		live								
https://gpacalculator.net/college-gpa-calculator/umich-gpa-calculator/	https://gpacalculator.net/admissions/	Admission Requirements	sidebar		live								
https://gpacalculator.net/college-gpa-calculator/duke-gpa-calculator/	https://gpacalculator.net/admissions/	Admission Requirements	sidebar		live								
https://gpacalculator.net/college-gpa-calculator/dartmouth-gpa-calculator/	https://gpacalculator.net/admissions/	Admission Requirements	sidebar		live								
https://gpacalculator.net/college-gpa-calculator/vanderbilt-gpa-calculator/	https://gpacalculator.net/admissions/	Admission Requirements	sidebar		live								
https://gpacalculator.net/college-gpa-calculator/ucsd-gpa-calculator/	https://gpacalculator.net/admissions/	Admission Requirements	sidebar		live								
https://gpacalculator.net/college-gpa-calculator/usc-gpa-calculator/	https://gpacalculator.net/admissions/	Admission Requirements	sidebar		live								
https://gpacalculator.net/college-gpa-calculator/uc-davis-gpa-calculator/	https://gpacalculator.net/admissions/	Admission Requirements	sidebar		live								
https://gpacalculator.net/college-gpa-calculator/ut-austin-gpa-calculator/	https://gpacalculator.net/admissions/	Admission Requirements	sidebar		live								
https://gpacalculator.net/college-gpa-calculator/uw-madison-gpa-calculator/	https://gpacalculator.net/admissions/	Admission Requirements	sidebar		live								
https://gpacalculator.net/college-gpa-calculator/uiuc-gpa-calculator/	https://gpacalculator.net/admissions/	Admission Requirements	sidebar		live								
https://gpacalculator.net/college-gpa-calculator/unc-gpa-calculator/	https://gpacalculator.net/admissions/	Admission Requirements	sidebar		live								
https://gpacalculator.net/college-gpa-calculator/ucsb-gpa-calculator/	https://gpacalculator.net/admissions/	Admission Requirements	sidebar		live								
https://gpacalculator.net/college-gpa-calculator/georgia-tech-gpa-calculator/	https://gpacalculator.net/admissions/	Admission Requirements	sidebar		live								
https://gpacalculator.net/college-gpa-calculator/nyu-gpa-calculator/	https://gpacalculator.net/admissions/	Admission Requirements	sidebar		live								
https://gpacalculator.net/college-gpa-calculator/uci-gpa-calculator/	https://gpacalculator.net/admissions/	Admission Requirements	sidebar		live								
https://gpacalculator.net/college-gpa-calculator/uf-gpa-calculator/	https://gpacalculator.net/admissions/	Admission Requirements	sidebar		live								
https://gpacalculator.net/college-gpa-calculator/uva-gpa-calculator/	https://gpacalculator.net/admissions/	Admission Requirements	sidebar		live								
https://gpacalculator.net/college-gpa-calculator/cmu-gpa-calculator/	https://gpacalculator.net/admissions/	Admission Requirements	sidebar		live								
https://gpacalculator.net/college-gpa-calculator/purdue-gpa-calculator/	https://gpacalculator.net/admissions/	Admission Requirements	sidebar		live								
https://gpacalculator.net/college-gpa-calculator/umn-gpa-calculator/	https://gpacalculator.net/admissions/	Admission Requirements	sidebar		live								
https://gpacalculator.net/college-gpa-calculator/umd-gpa-calculator/	https://gpacalculator.net/admissions/	Admission Requirements	sidebar		live								
https://gpacalculator.net/college-gpa-calculator/pitt-gpa-calculator/	https://gpacalculator.net/admissions/	Admission Requirements	sidebar		live								
https://gpacalculator.net/college-gpa-calculator/rice-gpa-calculator/	https://gpacalculator.net/admissions/	Admission Requirements	sidebar		live								
https://gpacalculator.net/college-gpa-calculator/texas-am-gpa-calculator/	https://gpacalculator.net/admissions/	Admission Requirements	sidebar		live								
https://gpacalculator.net/college-gpa-calculator/msu-gpa-calculator/	https://gpacalculator.net/admissions/	Admission Requirements	sidebar		live								
https://gpacalculator.net/college-gpa-calculator/cu-boulder-gpa-calculator/	https://gpacalculator.net/admissions/	Admission Requirements	sidebar		live								
https://gpacalculator.net/college-gpa-calculator/uiowa-gpa-calculator/	https://gpacalculator.net/admissions/	Admission Requirements	sidebar		live								
https://gpacalculator.net/college-gpa-calculator/iu-gpa-calculator/	https://gpacalculator.net/admissions/	Admission Requirements	sidebar		live								
https://gpacalculator.net/college-gpa-calculator/umass-amherst-gpa-calculator/	https://gpacalculator.net/admissions/	Admission Requirements	sidebar		live								
https://gpacalculator.net/college-gpa-calculator/uga-gpa-calculator/	https://gpacalculator.net/admissions/	Admission Requirements	sidebar		live								
https://gpacalculator.net/college-gpa-calculator/alabama-gpa-calculator/	https://gpacalculator.net/admissions/	Admission Requirements	sidebar		live								
https://gpacalculator.net/college-gpa-calculator/penn-state-gpa-calculator/	https://gpacalculator.net/admissions/	Admission Requirements	sidebar		live								
https://gpacalculator.net/college-gpa-calculator/utah-gpa-calculator/	https://gpacalculator.net/admissions/	Admission Requirements	sidebar		live								
https://gpacalculator.net/college-gpa-calculator/uconn-gpa-calculator/	https://gpacalculator.net/admissions/	Admission Requirements	sidebar		live								
https://gpacalculator.net/college-gpa-calculator/udel-gpa-calculator/	https://gpacalculator.net/admissions/	Admission Requirements	sidebar		live								
https://gpacalculator.net/college-gpa-calculator/ku-gpa-calculator/	https://gpacalculator.net/admissions/	Admission Requirements	sidebar		live								
https://gpacalculator.net/college-gpa-calculator/mizzou-gpa-calculator/	https://gpacalculator.net/admissions/	Admission Requirements	sidebar		live								
https://gpacalculator.net/college-gpa-calculator/utk-gpa-calculator/	https://gpacalculator.net/admissions/	Admission Requirements	sidebar		live								
https://gpacalculator.net/college-gpa-calculator/unl-gpa-calculator/	https://gpacalculator.net/admissions/	Admission Requirements	sidebar		live								
https://gpacalculator.net/college-gpa-calculator/uo-gpa-calculator/	https://gpacalculator.net/admissions/	Admission Requirements	sidebar		live								
https://gpacalculator.net/college-gpa-calculator/ou-gpa-calculator/	https://gpacalculator.net/admissions/	Admission Requirements	sidebar		live								
https://gpacalculator.net/college-gpa-calculator/fsu-gpa-calculator/	https://gpacalculator.net/admissions/	Admission Requirements	sidebar		live								
https://gpacalculator.net/college-gpa-calculator/university-of-miami-gpa-calculator/	https://gpacalculator.net/admissions/	Admission Requirements	sidebar		live								
https://gpacalculator.net/college-gpa-calculator/rutgers-gpa-calculator/	https://gpacalculator.net/admissions/	Admission Requirements	sidebar		live								
https://gpacalculator.net/college-gpa-calculator/kentucky-gpa-calculator/	https://gpacalculator.net/admissions/	Admission Requirements	sidebar		live								
https://gpacalculator.net/college-gpa-calculator/clemson-gpa-calculator/	https://gpacalculator.net/admissions/	Admission Requirements	sidebar		live								
https://gpacalculator.net/college-gpa-calculator/asu-gpa-calculator/	https://gpacalculator.net/admissions/	Admission Requirements	sidebar		live								
https://gpacalculator.net/college-gpa-calculator/uni-of-houston-gpa-calculator/	https://gpacalculator.net/admissions/	Admission Requirements	sidebar		live								
https://gpacalculator.net/college-gpa-calculator/iowa-state-gpa-calculator/	https://gpacalculator.net/admissions/	Admission Requirements	sidebar		live								
https://gpacalculator.net/college-gpa-calculator/uvm-gpa-calculator/	https://gpacalculator.net/admissions/	Admission Requirements	sidebar		live								
https://gpacalculator.net/college-gpa-calculator/rochester-gpa-calculator/	https://gpacalculator.net/admissions/	Admission Requirements	sidebar		live								
https://gpacalculator.net/college-gpa-calculator/georgetown-gpa-calculator/	https://gpacalculator.net/admissions/	Admission Requirements	sidebar		live								
https://gpacalculator.net/college-gpa-calculator/bu-gpa-calculator/	https://gpacalculator.net/admissions/	Admission Requirements	sidebar		live								
https://gpacalculator.net/college-gpa-calculator/emory-gpa-calculator/	https://gpacalculator.net/admissions/	Admission Requirements	sidebar		live								
https://gpacalculator.net/college-gpa-calculator/tufts-gpa-calculator/	https://gpacalculator.net/admissions/	Admission Requirements	sidebar		live								
https://gpacalculator.net/college-gpa-calculator/washu-gpa-calculator/	https://gpacalculator.net/admissions/	Admission Requirements	sidebar		live								
https://gpacalculator.net/college-gpa-calculator/case-western-gpa-calculator/	https://gpacalculator.net/admissions/	Admission Requirements	sidebar		live								
https://gpacalculator.net/college-gpa-calculator/notre-dame-gpa-calculator/	https://gpacalculator.net/admissions/	Admission Requirements	sidebar		live								
https://gpacalculator.net/college-gpa-calculator/northeastern-gpa-calculator/	https://gpacalculator.net/admissions/	Admission Requirements	sidebar		live								
https://gpacalculator.net/college-gpa-calculator/usd-gpa-calculator/	https://gpacalculator.net/admissions/	Admission Requirements	sidebar		live								
https://gpacalculator.net/college-gpa-calculator/syracuse-gpa-calculator/	https://gpacalculator.net/admissions/	Admission Requirements	sidebar		live								
https://gpacalculator.net/college-gpa-calculator/wfu-gpa-calculator/	https://gpacalculator.net/admissions/	Admission Requirements	sidebar		live								
https://gpacalculator.net/college-gpa-calculator/baylor-gpa-calculator/	https://gpacalculator.net/admissions/	Admission Requirements	sidebar		live								
https://gpacalculator.net/college-gpa-calculator/tcu-gpa-calculator/	https://gpacalculator.net/admissions/	Admission Requirements	sidebar		live								
https://gpacalculator.net/college-gpa-calculator/michigan-tech-gpa-calculator/	https://gpacalculator.net/admissions/	Admission Requirements	sidebar		live								
https://gpacalculator.net/college-gpa-calculator/iit-gpa-calculator/	https://gpacalculator.net/admissions/	Admission Requirements	sidebar		live								
https://gpacalculator.net/college-gpa-calculator/usf-gpa-calculator/	https://gpacalculator.net/admissions/	Admission Requirements	sidebar		live								
https://gpacalculator.net/college-gpa-calculator/drexel-gpa-calculator/	https://gpacalculator.net/admissions/	Admission Requirements	sidebar		live								
https://gpacalculator.net/college-gpa-calculator/marquette-gpa-calculator/	https://gpacalculator.net/admissions/	Admission Requirements	sidebar		live								
https://gpacalculator.net/college-gpa-calculator/unh-gpa-calculator/	https://gpacalculator.net/admissions/	Admission Requirements	sidebar		live								
https://gpacalculator.net/college-gpa-calculator/uri-gpa-calculator/	https://gpacalculator.net/admissions/	Admission Requirements	sidebar		live								
https://gpacalculator.net/college-gpa-calculator/ucf-gpa-calculator/	https://gpacalculator.net/admissions/	Admission Requirements	sidebar		live								
https://gpacalculator.net/college-gpa-calculator/ucla-gpa-calculator/	https://gpacalculator.net/admissions/	Admission Requirements	sidebar		live								
https://gpacalculator.net/grade-conversion/germany/	https://gpacalculator.net/admissions/	Admission Requirements	sidebar		live								
https://gpacalculator.net/grade-conversion/	https://gpacalculator.net/admissions/	Admission Requirements	sidebar		live								
https://gpacalculator.net/grade-conversion/united-kingdom/	https://gpacalculator.net/admissions/	Admission Requirements	sidebar		live								
https://gpacalculator.net/grade-conversion/india/	https://gpacalculator.net/admissions/	Admission Requirements	sidebar		live								
https://gpacalculator.net/how-to-calculate-gpa/	https://gpacalculator.net/admissions/	Admission Requirements	sidebar		live								
https://gpacalculator.net/contact-us/	https://gpacalculator.net/admissions/	Admission Requirements	sidebar		live								
https://gpacalculator.net/gpa-scale/12-to-4-point-gpa/	https://gpacalculator.net/admissions/	Admission Requirements	sidebar		live								
https://gpacalculator.net/how-to-calculate-gpa/cumulative-gpa/	https://gpacalculator.net/admissions/	Admission Requirements	sidebar		live								
https://gpacalculator.net/how-to-calculate-gpa/weighted-gpa/	https://gpacalculator.net/admissions/	Admission Requirements	sidebar		live								
https://gpacalculator.net/how-to-calculate-gpa/semester-gpa/	https://gpacalculator.net/admissions/	Admission Requirements	sidebar		live								
https://gpacalculator.net/about-us/	https://gpacalculator.net/admissions/	Admission Requirements	sidebar		live								
https://gpacalculator.net/college-gpa-calculator/nc-state-gpa-calculator/	https://gpacalculator.net/admissions/	Admission Requirements	sidebar		live								
https://gpacalculator.net/college-gpa-calculator/brown-gpa-calculator/	https://gpacalculator.net/admissions/	Admission Requirements	sidebar		live								
https://gpacalculator.net/admissions/	https://gpacalculator.net/admissions/	Skip to content	sidebar	screen-reader-text skip-link	live								
https://gpacalculator.net/admissions/	https://gpacalculator.net/admissions/	GPA Calculators	nav		live								
https://gpacalculator.net/admissions/	https://gpacalculator.net/admissions/	Grade Calculators	nav		live								
https://gpacalculator.net/admissions/	https://gpacalculator.net/admissions/a-t-still-university/	A.T. Still University of Health Sciences	content	gpa-hub-row__name	live								
https://gpacalculator.net/admissions/	https://gpacalculator.net/admissions/aaniiih-nakoda-college/	Aaniiih Nakoda College	content	gpa-hub-row__name	live								
https://gpacalculator.net/admissions/	https://gpacalculator.net/admissions/abilene-christian-university/	Abilene Christian University	content	gpa-hub-row__name	live								
https://gpacalculator.net/admissions/	https://gpacalculator.net/admissions/abraham-baldwin-agricultural-college/	Abraham Baldwin Agricultural College	content	gpa-hub-row__name	live								
https://gpacalculator.net/admissions/	https://gpacalculator.net/admissions/academy-college/	Academy College	content	gpa-hub-row__name	live								
https://gpacalculator.net/admissions/	https://gpacalculator.net/admissions/academy-of-art-university/	Academy of Art University	content	gpa-hub-row__name	live								
https://gpacalculator.net/admissions/	https://gpacalculator.net/admissions/adams-state-university/	Adams State University	content	gpa-hub-row__name	live								
https://gpacalculator.net/admissions/	https://gpacalculator.net/admissions/adelphi-university/	Adelphi University	content	gpa-hub-row__name	live								
https://gpacalculator.net/admissions/	https://gpacalculator.net/admissions/adler-university/	Adler University	content	gpa-hub-row__name	live								
https://gpacalculator.net/admissions/	https://gpacalculator.net/admissions/adrian-college/	Adrian College	content	gpa-hub-row__name	live								
https://gpacalculator.net/admissions/	https://gpacalculator.net/admissions/advanced-technology-institute/	Advanced Technology Institute	content	gpa-hub-row__name	live								
https://gpacalculator.net/admissions/	https://gpacalculator.net/admissions/adventhealth-university/	AdventHealth University	content	gpa-hub-row__name	live								
https://gpacalculator.net/admissions/	https://gpacalculator.net/admissions/agape-college-of-business-and-science/	Agape College of Business and Science	content	gpa-hub-row__name	live								
https://gpacalculator.net/admissions/	https://gpacalculator.net/admissions/agnes-scott/	Agnes Scott College	content	gpa-hub-row__name	live								
https://gpacalculator.net/admissions/	https://gpacalculator.net/admissions/aiken-technical-college/	Aiken Technical College	content	gpa-hub-row__name	live								
https://gpacalculator.net/admissions/	https://gpacalculator.net/admissions/aims-community-college/	Aims Community College	content	gpa-hub-row__name	live								
https://gpacalculator.net/admissions/	https://gpacalculator.net/admissions/alabama-a-m-university/	Alabama A & M University	content	gpa-hub-row__name	live								
https://gpacalculator.net/admissions/	https://gpacalculator.net/admissions/alabama-state-university/	Alabama State University	content	gpa-hub-row__name	live								
https://gpacalculator.net/admissions/	https://gpacalculator.net/admissions/alamance-community-college/	Alamance Community College	content	gpa-hub-row__name	live								
https://gpacalculator.net/admissions/	https://gpacalculator.net/admissions/alaska-bible-college/	Alaska Bible College	content	gpa-hub-row__name	live								
https://gpacalculator.net/admissions/	https://gpacalculator.net/admissions/alaska-pacific-university/	Alaska Pacific University	content	gpa-hub-row__name	live								
https://gpacalculator.net/admissions/	https://gpacalculator.net/admissions/albany-college-of-pharmacy-and-health-sciences/	Albany College of Pharmacy and Health Sciences	content	gpa-hub-row__name	live								
https://gpacalculator.net/admissions/	https://gpacalculator.net/admissions/albany-state-university/	Albany State University	content	gpa-hub-row__name	live								
https://gpacalculator.net/admissions/	https://gpacalculator.net/admissions/albany-technical-college/	Albany Technical College	content	gpa-hub-row__name	live								
https://gpacalculator.net/admissions/	https://gpacalculator.net/admissions/albertus-magnus-college/	Albertus Magnus College	content	gpa-hub-row__name	live								
https://gpacalculator.net/admissions/	https://gpacalculator.net/admissions/albion-college/	Albion College	content	gpa-hub-row__name	live								
https://gpacalculator.net/admissions/	https://gpacalculator.net/admissions/albizu-university-miami/	Albizu University Miami	content	gpa-hub-row__name	live								
https://gpacalculator.net/admissions/	https://gpacalculator.net/admissions/albright-college/	Albright College	content	gpa-hub-row__name	live								
https://gpacalculator.net/admissions/	https://gpacalculator.net/admissions/alcorn-state-university/	Alcorn State University	content	gpa-hub-row__name	live								
https://gpacalculator.net/admissions/	https://gpacalculator.net/admissions/alexandria-technical-and-community-college/	Alexandria Technical & Community College	content	gpa-hub-row__name	live								
https://gpacalculator.net/admissions/	https://gpacalculator.net/admissions/page/2/	Show more colleges Loading…	content	gpa-hub__load	checked	200			200	https://gpacalculator.net/admissions/page/2/	200	0	
https://gpacalculator.net/admissions/	https://gpacalculator.net/admissions/	Admission Requirements	sidebar		live								
https://gpacalculator.net/pharmacy-school-gpa-calculator/	https://gpacalculator.net/admissions/	Admission Requirements	sidebar		live								
https://gpacalculator.net/medical-school-gpa-calculator/	https://gpacalculator.net/admissions/	Admission Requirements	sidebar		live								
https://gpacalculator.net/weighted-gpa-calculator/	https://gpacalculator.net/admissions/	Admission Requirements	sidebar		live								
https://gpacalculator.net/target-gpa-calculator/	https://gpacalculator.net/admissions/	Admission Requirements	sidebar		live								
https://gpacalculator.net/course-repeat-gpa-calculator/	https://gpacalculator.net/admissions/	Admission Requirements	sidebar		live								
https://gpacalculator.net/grade-conversion/canada/	https://gpacalculator.net/admissions/	Admission Requirements	sidebar		live								
https://gpacalculator.net/ez-grader/	https://gpacalculator.net/admissions/	Admission Requirements	sidebar		live								
https://gpacalculator.net/sgpa-to-cgpa-conversion-calculator/	https://gpacalculator.net/admissions/	Admission Requirements	sidebar		live								
https://gpacalculator.net/cumulative-cgpa-calculator/	https://gpacalculator.net/admissions/	Admission Requirements	sidebar		live								
https://gpacalculator.net/cgpa-to-percentage-calculator/	https://gpacalculator.net/admissions/	Admission Requirements	sidebar		live								
https://gpacalculator.net/semester-gpa-calculator/	https://gpacalculator.net/admissions/	Admission Requirements	sidebar		live								
https://gpacalculator.net/gpa-converter/	https://gpacalculator.net/admissions/	Admission Requirements	sidebar		live								
https://gpacalculator.net/gpa-infographic/	https://gpacalculator.net/admissions/	Admission Requirements	sidebar		live								
https://gpacalculator.net/privacy-policy/	https://gpacalculator.net/admissions/	Admission Requirements	sidebar		live								
https://gpacalculator.net/faq/	https://gpacalculator.net/admissions/	Admission Requirements	sidebar		live								
https://gpacalculator.net/grade-guide/	https://gpacalculator.net/admissions/	Admission Requirements	sidebar		live								
https://gpacalculator.net/grade-conversion/zimbabwe/	https://gpacalculator.net/admissions/	Admission Requirements	sidebar		live								
https://gpacalculator.net/grade-conversion/ukraine/	https://gpacalculator.net/admissions/	Admission Requirements	sidebar		live								
https://gpacalculator.net/grade-conversion/ethiopia/	https://gpacalculator.net/admissions/	Admission Requirements	sidebar		live								
https://gpacalculator.net/grade-conversion/eritrea/	https://gpacalculator.net/admissions/	Admission Requirements	sidebar		live								
https://gpacalculator.net/grade-conversion/el-salvador/	https://gpacalculator.net/admissions/	Admission Requirements	sidebar		live								
https://gpacalculator.net/grade-conversion/egypt/	https://gpacalculator.net/admissions/	Admission Requirements	sidebar		live								
https://gpacalculator.net/grade-conversion/ecuador/	https://gpacalculator.net/admissions/	Admission Requirements	sidebar		live								
https://gpacalculator.net/grade-conversion/dr-congo/	https://gpacalculator.net/admissions/	Admission Requirements	sidebar		live								
https://gpacalculator.net/grade-conversion/cyprus/	https://gpacalculator.net/admissions/	Admission Requirements	sidebar		live								
https://gpacalculator.net/grade-conversion/croatia/	https://gpacalculator.net/admissions/	Admission Requirements	sidebar		live								
https://gpacalculator.net/grade-conversion/cote-divoire/	https://gpacalculator.net/admissions/	Admission Requirements	sidebar		live								
https://gpacalculator.net/grade-conversion/congo/	https://gpacalculator.net/admissions/	Admission Requirements	sidebar		live								
https://gpacalculator.net/grade-conversion/colombia/	https://gpacalculator.net/admissions/	Admission Requirements	sidebar		live								
https://gpacalculator.net/grade-conversion/cameroon/	https://gpacalculator.net/admissions/	Admission Requirements	sidebar		live								
https://gpacalculator.net/grade-conversion/cambodia/	https://gpacalculator.net/admissions/	Admission Requirements	sidebar		live								
https://gpacalculator.net/grade-conversion/brunei/	https://gpacalculator.net/admissions/	Admission Requirements	sidebar		live								
https://gpacalculator.net/grade-conversion/bosnia-herzegovina/	https://gpacalculator.net/admissions/	Admission Requirements	sidebar		live								
https://gpacalculator.net/grade-conversion/bolivia/	https://gpacalculator.net/admissions/	Admission Requirements	sidebar		live								
https://gpacalculator.net/grade-conversion/belize/	https://gpacalculator.net/admissions/	Admission Requirements	sidebar		live								
https://gpacalculator.net/grade-conversion/barbados/	https://gpacalculator.net/admissions/	Admission Requirements	sidebar		live								
https://gpacalculator.net/grade-conversion/belarus/	https://gpacalculator.net/admissions/	Admission Requirements	sidebar		live								
https://gpacalculator.net/grade-conversion/bangladesh/	https://gpacalculator.net/admissions/	Admission Requirements	sidebar		live								
https://gpacalculator.net/grade-conversion/bahrain/	https://gpacalculator.net/admissions/	Admission Requirements	sidebar		live								
https://gpacalculator.net/grade-conversion/bahamas/	https://gpacalculator.net/admissions/	Admission Requirements	sidebar		live								
https://gpacalculator.net/grade-conversion/azerbaijan/	https://gpacalculator.net/admissions/	Admission Requirements	sidebar		live								
https://gpacalculator.net/grade-conversion/armenia/	https://gpacalculator.net/admissions/	Admission Requirements	sidebar		live								
https://gpacalculator.net/grade-conversion/angola/	https://gpacalculator.net/admissions/	Admission Requirements	sidebar		live								
https://gpacalculator.net/grade-conversion/algeria/	https://gpacalculator.net/admissions/	Admission Requirements	sidebar		live								
https://gpacalculator.net/grade-conversion/albania/	https://gpacalculator.net/admissions/	Admission Requirements	sidebar		live								
https://gpacalculator.net/grade-conversion/afghanistan/	https://gpacalculator.net/admissions/	Admission Requirements	sidebar		live								
https://gpacalculator.net/how-to-raise-gpa/2-0-to-2-2/	https://gpacalculator.net/admissions/	Admission Requirements	sidebar		live								
https://gpacalculator.net/grade-conversion/scotland/	https://gpacalculator.net/admissions/	Admission Requirements	sidebar		live								
https://gpacalculator.net/ap-courses/	https://gpacalculator.net/admissions/	Admission Requirements	sidebar		live								
https://gpacalculator.net/faq/what-is-the-highest-gpa/	https://gpacalculator.net/admissions/	Admission Requirements	sidebar		live								
https://gpacalculator.net/faq/what-is-the-average-gpa/	https://gpacalculator.net/admissions/	Admission Requirements	sidebar		live								
https://gpacalculator.net/faq/how-do-i-get-a-near-4-0-gpa/	https://gpacalculator.net/admissions/	Admission Requirements	sidebar		live								
https://gpacalculator.net/faq/how-to-raise-your-gpa-fast/	https://gpacalculator.net/admissions/	Admission Requirements	sidebar		live								
https://gpacalculator.net/faq/can-i-round-up-my-gpa/	https://gpacalculator.net/admissions/	Admission Requirements	sidebar		live								
https://gpacalculator.net/faq/cum-laude-gpa/	https://gpacalculator.net/admissions/	Admission Requirements	sidebar		live								
https://gpacalculator.net/grade-conversion/pakistan/	https://gpacalculator.net/admissions/	Admission Requirements	sidebar		live								
https://gpacalculator.net/grade-conversion/vietnam/	https://gpacalculator.net/admissions/	Admission Requirements	sidebar		live								
https://gpacalculator.net/grade-conversion/uruguay/	https://gpacalculator.net/admissions/	Admission Requirements	sidebar		live								
https://gpacalculator.net/grade-conversion/united-arab-emirates/	https://gpacalculator.net/admissions/	Admission Requirements	sidebar		live								
https://gpacalculator.net/grade-conversion/turkey/	https://gpacalculator.net/admissions/	Admission Requirements	sidebar		live								
https://gpacalculator.net/grade-conversion/thailand/	https://gpacalculator.net/admissions/	Admission Requirements	sidebar		live								
https://gpacalculator.net/grade-conversion/tanzania/	https://gpacalculator.net/admissions/	Admission Requirements	sidebar		live								
https://gpacalculator.net/grade-conversion/taiwan/	https://gpacalculator.net/admissions/	Admission Requirements	sidebar		live								
https://gpacalculator.net/grade-conversion/switzerland/	https://gpacalculator.net/admissions/	Admission Requirements	sidebar		live								
https://gpacalculator.net/grade-conversion/sweden/	https://gpacalculator.net/admissions/	Admission Requirements	sidebar		live								
https://gpacalculator.net/grade-conversion/spain/	https://gpacalculator.net/admissions/	Admission Requirements	sidebar		live								
https://gpacalculator.net/grade-conversion/south-africa/	https://gpacalculator.net/admissions/	Admission Requirements	sidebar		live								
https://gpacalculator.net/grade-conversion/slovenia/	https://gpacalculator.net/admissions/	Admission Requirements	sidebar		live								
https://gpacalculator.net/grade-conversion/singapore/	https://gpacalculator.net/admissions/	Admission Requirements	sidebar		live								
https://gpacalculator.net/grade-conversion/senegal/	https://gpacalculator.net/admissions/	Admission Requirements	sidebar		live								
https://gpacalculator.net/grade-conversion/russia/	https://gpacalculator.net/admissions/	Admission Requirements	sidebar		live								
https://gpacalculator.net/grade-conversion/romania/	https://gpacalculator.net/admissions/	Admission Requirements	sidebar		live								
https://gpacalculator.net/grade-conversion/portugal/	https://gpacalculator.net/admissions/	Admission Requirements	sidebar		live								
https://gpacalculator.net/grade-conversion/poland/	https://gpacalculator.net/admissions/	Admission Requirements	sidebar		live								
https://gpacalculator.net/grade-conversion/peru/	https://gpacalculator.net/admissions/	Admission Requirements	sidebar		live								
https://gpacalculator.net/grade-conversion/panama/	https://gpacalculator.net/admissions/	Admission Requirements	sidebar		live								
https://gpacalculator.net/grade-conversion/norway/	https://gpacalculator.net/admissions/	Admission Requirements	sidebar		live								
https://gpacalculator.net/grade-conversion/nicaragua/	https://gpacalculator.net/admissions/	Admission Requirements	sidebar		live								
https://gpacalculator.net/grade-conversion/new-zealand/	https://gpacalculator.net/admissions/	Admission Requirements	sidebar		live								
https://gpacalculator.net/grade-conversion/netherlands/	https://gpacalculator.net/admissions/	Admission Requirements	sidebar		live								
https://gpacalculator.net/grade-conversion/morocco/	https://gpacalculator.net/admissions/	Admission Requirements	sidebar		live								
https://gpacalculator.net/grade-conversion/malta/	https://gpacalculator.net/admissions/	Admission Requirements	sidebar		live								
https://gpacalculator.net/grade-conversion/malaysia/	https://gpacalculator.net/admissions/	Admission Requirements	sidebar		live								
https://gpacalculator.net/grade-conversion/lithuania/	https://gpacalculator.net/admissions/	Admission Requirements	sidebar		live								
https://gpacalculator.net/grade-conversion/latvia/	https://gpacalculator.net/admissions/	Admission Requirements	sidebar		live								
https://gpacalculator.net/grade-conversion/kazakhstan/	https://gpacalculator.net/admissions/	Admission Requirements	sidebar		live								
https://gpacalculator.net/grade-conversion/jordan/	https://gpacalculator.net/admissions/	Admission Requirements	sidebar		live								
https://gpacalculator.net/grade-conversion/japan/	https://gpacalculator.net/admissions/	Admission Requirements	sidebar		live								
https://gpacalculator.net/grade-conversion/italy/	https://gpacalculator.net/admissions/	Admission Requirements	sidebar		live								
https://gpacalculator.net/grade-conversion/ireland/	https://gpacalculator.net/admissions/	Admission Requirements	sidebar		live								
https://gpacalculator.net/grade-conversion/indonesia/	https://gpacalculator.net/admissions/	Admission Requirements	sidebar		live								
https://gpacalculator.net/grade-conversion/iceland/	https://gpacalculator.net/admissions/	Admission Requirements	sidebar		live								
https://gpacalculator.net/grade-conversion/hungary/	https://gpacalculator.net/admissions/	Admission Requirements	sidebar		live								
https://gpacalculator.net/grade-conversion/hong-kong/	https://gpacalculator.net/admissions/	Admission Requirements	sidebar		live								
https://gpacalculator.net/grade-conversion/greece/	https://gpacalculator.net/admissions/	Admission Requirements	sidebar		live								
https://gpacalculator.net/grade-conversion/ghana/	https://gpacalculator.net/admissions/	Admission Requirements	sidebar		live								
https://gpacalculator.net/grade-conversion/france/	https://gpacalculator.net/admissions/	Admission Requirements	sidebar		live								
https://gpacalculator.net/grade-conversion/finland/	https://gpacalculator.net/admissions/	Admission Requirements	sidebar		live								
https://gpacalculator.net/grade-conversion/fiji/	https://gpacalculator.net/admissions/	Admission Requirements	sidebar		live								
https://gpacalculator.net/grade-conversion/estonia/	https://gpacalculator.net/admissions/	Admission Requirements	sidebar		live								
https://gpacalculator.net/grade-conversion/dominican-republic/	https://gpacalculator.net/admissions/	Admission Requirements	sidebar		live								
https://gpacalculator.net/grade-conversion/denmark/	https://gpacalculator.net/admissions/	Admission Requirements	sidebar		live								
https://gpacalculator.net/grade-conversion/czech-republic/	https://gpacalculator.net/admissions/	Admission Requirements	sidebar		live								
https://gpacalculator.net/grade-conversion/cuba/	https://gpacalculator.net/admissions/	Admission Requirements	sidebar		live								
https://gpacalculator.net/grade-conversion/costa-rica/	https://gpacalculator.net/admissions/	Admission Requirements	sidebar		live								
https://gpacalculator.net/grade-conversion/china/	https://gpacalculator.net/admissions/	Admission Requirements	sidebar		live								
https://gpacalculator.net/grade-conversion/chile/	https://gpacalculator.net/admissions/	Admission Requirements	sidebar		live								
https://gpacalculator.net/grade-conversion/bulgaria/	https://gpacalculator.net/admissions/	Admission Requirements	sidebar		live								
https://gpacalculator.net/grade-conversion/brazil/	https://gpacalculator.net/admissions/	Admission Requirements	sidebar		live								
https://gpacalculator.net/grade-conversion/botswana/	https://gpacalculator.net/admissions/	Admission Requirements	sidebar		live								
https://gpacalculator.net/grade-conversion/belgium/	https://gpacalculator.net/admissions/	Admission Requirements	sidebar		live								
https://gpacalculator.net/grade-conversion/austria/	https://gpacalculator.net/admissions/	Admission Requirements	sidebar		live								
https://gpacalculator.net/grade-conversion/australia/	https://gpacalculator.net/admissions/	Admission Requirements	sidebar		live								
https://gpacalculator.net/grade-conversion/argentina/	https://gpacalculator.net/admissions/	Admission Requirements	sidebar		live								
https://gpacalculator.net/gpa/	https://gpacalculator.net/admissions/	Admission Requirements	sidebar		live								
https://gpacalculator.net/grade-chart/	https://gpacalculator.net/admissions/	Admission Requirements	sidebar		live								
https://gpacalculator.net/grade-conversion/yemen/	https://gpacalculator.net/admissions/	Admission Requirements	sidebar		live								
https://gpacalculator.net/grade-conversion/zambia/	https://gpacalculator.net/admissions/	Admission Requirements	sidebar		live								
https://gpacalculator.net/grade-conversion/venezuela/	https://gpacalculator.net/admissions/	Admission Requirements	sidebar		live								
https://gpacalculator.net/grade-conversion/uzbekistan/	https://gpacalculator.net/admissions/	Admission Requirements	sidebar		live								
https://gpacalculator.net/grade-conversion/uganda/	https://gpacalculator.net/admissions/	Admission Requirements	sidebar		live								
https://gpacalculator.net/grade-conversion/turkmenistan/	https://gpacalculator.net/admissions/	Admission Requirements	sidebar		live								
https://gpacalculator.net/grade-conversion/tunisia/	https://gpacalculator.net/admissions/	Admission Requirements	sidebar		live								
https://gpacalculator.net/grade-conversion/trinidad-tobago/	https://gpacalculator.net/admissions/	Admission Requirements	sidebar		live								
https://gpacalculator.net/grade-conversion/tajikistan/	https://gpacalculator.net/admissions/	Admission Requirements	sidebar		live								
https://gpacalculator.net/grade-conversion/syria/	https://gpacalculator.net/admissions/	Admission Requirements	sidebar		live								
https://gpacalculator.net/grade-conversion/sudan/	https://gpacalculator.net/admissions/	Admission Requirements	sidebar		live								
https://gpacalculator.net/grade-conversion/state-of-palestine/	https://gpacalculator.net/admissions/	Admission Requirements	sidebar		live								
https://gpacalculator.net/grade-conversion/sri-lanka/	https://gpacalculator.net/admissions/	Admission Requirements	sidebar		live								
https://gpacalculator.net/grade-conversion/south-korea/	https://gpacalculator.net/admissions/	Admission Requirements	sidebar		live								
https://gpacalculator.net/grade-conversion/somalia/	https://gpacalculator.net/admissions/	Admission Requirements	sidebar		live								
https://gpacalculator.net/grade-conversion/slovakia/	https://gpacalculator.net/admissions/	Admission Requirements	sidebar		live								
https://gpacalculator.net/grade-conversion/sierra-leone/	https://gpacalculator.net/admissions/	Admission Requirements	sidebar		live								
https://gpacalculator.net/grade-conversion/serbia/	https://gpacalculator.net/admissions/	Admission Requirements	sidebar		live								
https://gpacalculator.net/grade-conversion/saudi-arabia/	https://gpacalculator.net/admissions/	Admission Requirements	sidebar		live								
https://gpacalculator.net/grade-conversion/rwanda/	https://gpacalculator.net/admissions/	Admission Requirements	sidebar		live								
https://gpacalculator.net/grade-conversion/qatar/	https://gpacalculator.net/admissions/	Admission Requirements	sidebar		live								
https://gpacalculator.net/grade-conversion/philippines/	https://gpacalculator.net/admissions/	Admission Requirements	sidebar		live								
https://gpacalculator.net/grade-conversion/paraguay/	https://gpacalculator.net/admissions/	Admission Requirements	sidebar		live								
https://gpacalculator.net/grade-conversion/papua-new-guinea/	https://gpacalculator.net/admissions/	Admission Requirements	sidebar		live								
https://gpacalculator.net/grade-conversion/oman/	https://gpacalculator.net/admissions/	Admission Requirements	sidebar		live								
https://gpacalculator.net/grade-conversion/north-macedonia/	https://gpacalculator.net/admissions/	Admission Requirements	sidebar		live								
https://gpacalculator.net/grade-conversion/nigeria/	https://gpacalculator.net/admissions/	Admission Requirements	sidebar		live								
https://gpacalculator.net/grade-conversion/nepal/	https://gpacalculator.net/admissions/	Admission Requirements	sidebar		live								
https://gpacalculator.net/grade-conversion/namibia/	https://gpacalculator.net/admissions/	Admission Requirements	sidebar		live								
https://gpacalculator.net/grade-conversion/myanmar/	https://gpacalculator.net/admissions/	Admission Requirements	sidebar		live								
https://gpacalculator.net/grade-conversion/mozambique/	https://gpacalculator.net/admissions/	Admission Requirements	sidebar		live								
https://gpacalculator.net/grade-conversion/montenegro/	https://gpacalculator.net/admissions/	Admission Requirements	sidebar		live								
https://gpacalculator.net/grade-conversion/mongolia/	https://gpacalculator.net/admissions/	Admission Requirements	sidebar		live								
https://gpacalculator.net/grade-conversion/moldova/	https://gpacalculator.net/admissions/	Admission Requirements	sidebar		live								
https://gpacalculator.net/grade-conversion/mexico/	https://gpacalculator.net/admissions/	Admission Requirements	sidebar		live								
https://gpacalculator.net/grade-conversion/mauritius/	https://gpacalculator.net/admissions/	Admission Requirements	sidebar		live								
https://gpacalculator.net/grade-conversion/malawi/	https://gpacalculator.net/admissions/	Admission Requirements	sidebar		live								
https://gpacalculator.net/grade-conversion/luxembourg/	https://gpacalculator.net/admissions/	Admission Requirements	sidebar		live								
https://gpacalculator.net/grade-conversion/madagascar/	https://gpacalculator.net/admissions/	Admission Requirements	sidebar		live								
https://gpacalculator.net/grade-conversion/libya/	https://gpacalculator.net/admissions/	Admission Requirements	sidebar		live								
https://gpacalculator.net/grade-conversion/liberia/	https://gpacalculator.net/admissions/	Admission Requirements	sidebar		live								
https://gpacalculator.net/grade-conversion/laos/	https://gpacalculator.net/admissions/	Admission Requirements	sidebar		live								
https://gpacalculator.net/grade-conversion/lebanon/	https://gpacalculator.net/admissions/	Admission Requirements	sidebar		live								
https://gpacalculator.net/grade-conversion/kuwait/	https://gpacalculator.net/admissions/	Admission Requirements	sidebar		live								
https://gpacalculator.net/grade-conversion/kyrgyzstan/	https://gpacalculator.net/admissions/	Admission Requirements	sidebar		live								
https://gpacalculator.net/grade-conversion/kenya/	https://gpacalculator.net/admissions/	Admission Requirements	sidebar		live								
https://gpacalculator.net/grade-conversion/jamaica/	https://gpacalculator.net/admissions/	Admission Requirements	sidebar		live								
https://gpacalculator.net/grade-conversion/israel/	https://gpacalculator.net/admissions/	Admission Requirements	sidebar		live								
https://gpacalculator.net/grade-conversion/iran/	https://gpacalculator.net/admissions/	Admission Requirements	sidebar		live								
https://gpacalculator.net/grade-conversion/iraq/	https://gpacalculator.net/admissions/	Admission Requirements	sidebar		live								
https://gpacalculator.net/grade-conversion/honduras/	https://gpacalculator.net/admissions/	Admission Requirements	sidebar		live								
https://gpacalculator.net/grade-conversion/guyana/	https://gpacalculator.net/admissions/	Admission Requirements	sidebar		live								
https://gpacalculator.net/grade-conversion/haiti/	https://gpacalculator.net/admissions/	Admission Requirements	sidebar		live								
https://gpacalculator.net/grade-conversion/guatemala/	https://gpacalculator.net/admissions/	Admission Requirements	sidebar		live								
https://gpacalculator.net/grade-conversion/guinea/	https://gpacalculator.net/admissions/	Admission Requirements	sidebar		live								
https://gpacalculator.net/grade-conversion/georgia/	https://gpacalculator.net/admissions/	Admission Requirements	sidebar		live								
https://gpacalculator.net/gpa-scale-calculator-for-12-0-scale/	https://gpacalculator.net/admissions/	Admission Requirements	sidebar		live								
https://gpacalculator.net/gpa-scale-calculator-for-5-0-scale/	https://gpacalculator.net/admissions/	Admission Requirements	sidebar		live								
https://gpacalculator.net/gpa-scale-calculator-for-6-0-scale/	https://gpacalculator.net/admissions/	Admission Requirements	sidebar		live								
https://gpacalculator.net/gpa-scale-calculator-for-7-0-scale/	https://gpacalculator.net/admissions/	Admission Requirements	sidebar		live								
https://gpacalculator.net/gpa-normalization-calculator/	https://gpacalculator.net/admissions/	Admission Requirements	sidebar		live								
https://gpacalculator.net/grade-curve-calculator/	https://gpacalculator.net/admissions/	Admission Requirements	sidebar		live								
https://gpacalculator.net/gpa-comparison-calculator/	https://gpacalculator.net/admissions/	Admission Requirements	sidebar		live								
https://gpacalculator.net/incomplete-grade-impact-calculator/	https://gpacalculator.net/admissions/	Admission Requirements	sidebar		live								
https://gpacalculator.net/retake-grade-calculator/	https://gpacalculator.net/admissions/	Admission Requirements	sidebar		live								
https://gpacalculator.net/course-load-calculator/	https://gpacalculator.net/admissions/	Admission Requirements	sidebar		live								
https://gpacalculator.net/credit-transfer-calculator/	https://gpacalculator.net/admissions/	Admission Requirements	sidebar		live								
https://gpacalculator.net/high-school-transcript-calculator/	https://gpacalculator.net/admissions/	Admission Requirements	sidebar		live								
https://gpacalculator.net/college-savings-calculator/	https://gpacalculator.net/admissions/	Admission Requirements	sidebar		live								
https://gpacalculator.net/gpa-deficit-calculator/	https://gpacalculator.net/admissions/	Admission Requirements	sidebar		live								
https://gpacalculator.net/gpa-and-letter-grade-converter/	https://gpacalculator.net/admissions/	Admission Requirements	sidebar		live								
https://gpacalculator.net/gpa-calculator-for-quarter-system/	https://gpacalculator.net/admissions/	Admission Requirements	sidebar		live								
https://gpacalculator.net/gpa-drop-calculator/	https://gpacalculator.net/admissions/	Admission Requirements	sidebar		live								
https://gpacalculator.net/gpa-predictor/	https://gpacalculator.net/admissions/	Admission Requirements	sidebar		live								
https://gpacalculator.net/gpa-progress-tracker/	https://gpacalculator.net/admissions/	Admission Requirements	sidebar		live								
https://gpacalculator.net/financial-aid-calculator/	https://gpacalculator.net/admissions/	Admission Requirements	sidebar		live								
https://gpacalculator.net/savings-goal-calculator/	https://gpacalculator.net/admissions/	Admission Requirements	sidebar		live								
https://gpacalculator.net/student-budget-calculator/	https://gpacalculator.net/admissions/	Admission Requirements	sidebar		live								
https://gpacalculator.net/student-loan-repayment-calculator/	https://gpacalculator.net/admissions/	Admission Requirements	sidebar		live								
https://gpacalculator.net/unweighted-grade-calculator/	https://gpacalculator.net/admissions/	Admission Requirements	sidebar		live								
https://gpacalculator.net/repeat-course-impact-calculator/	https://gpacalculator.net/admissions/	Admission Requirements	sidebar		live								
https://gpacalculator.net/grading-scale-calculator/	https://gpacalculator.net/admissions/	Admission Requirements	sidebar		live								
https://gpacalculator.net/comprehensive-gpa-chart-maker/	https://gpacalculator.net/admissions/	Admission Requirements	sidebar		live								
https://gpacalculator.net/dual-credit-gpa-calculator/	https://gpacalculator.net/admissions/	Admission Requirements	sidebar		live								
https://gpacalculator.net/college-cost-calculator/	https://gpacalculator.net/admissions/	Admission Requirements	sidebar		live								
https://gpacalculator.net/scholarship-calculator/	https://gpacalculator.net/admissions/	Admission Requirements	sidebar		live								
https://gpacalculator.net/semester-planner/	https://gpacalculator.net/admissions/	Admission Requirements	sidebar		live								
https://gpacalculator.net/drop-add-class-calculator/	https://gpacalculator.net/admissions/	Admission Requirements	sidebar		live								
https://gpacalculator.net/grade-weight-distribution-calculator/	https://gpacalculator.net/admissions/	Admission Requirements	sidebar		live								
https://gpacalculator.net/grade-comparison-calculator/	https://gpacalculator.net/admissions/	Admission Requirements	sidebar		live								
https://gpacalculator.net/class-schedule-maker/	https://gpacalculator.net/admissions/	Admission Requirements	sidebar		live								
https://gpacalculator.net/grading-roster/	https://gpacalculator.net/admissions/	Admission Requirements	sidebar		live								
https://gpacalculator.net/time-management-calculator/	https://gpacalculator.net/admissions/	Admission Requirements	sidebar		live								
https://gpacalculator.net/admissions/harvard/	https://gpacalculator.net/admissions/harvard/	Skip to content	sidebar	screen-reader-text skip-link	live								
https://gpacalculator.net/admissions/harvard/	https://gpacalculator.net/admissions/harvard/	GPA Calculators	nav		live								
https://gpacalculator.net/admissions/harvard/	https://gpacalculator.net/admissions/harvard/	Grade Calculators	nav		live								
https://gpacalculator.net/admissions/harvard/	https://gpacalculator.net/admissions/	College Admissions	nav	gpa-breadcrumb__link	live								
https://gpacalculator.net/admissions/harvard/	https://gpacalculator.net/admissions/	Admission Requirements	sidebar		live								
https://gpacalculator.net/admissions/dallas-college/	https://gpacalculator.net/admissions/dallas-college/	Skip to content	sidebar	screen-reader-text skip-link	live								
https://gpacalculator.net/admissions/dallas-college/	https://gpacalculator.net/admissions/dallas-college/	GPA Calculators	nav		live								
https://gpacalculator.net/admissions/dallas-college/	https://gpacalculator.net/admissions/dallas-college/	Grade Calculators	nav		live								
https://gpacalculator.net/admissions/dallas-college/	https://gpacalculator.net/admissions/	College Admissions	nav	gpa-breadcrumb__link	live								
https://gpacalculator.net/admissions/dallas-college/	https://gpacalculator.net/admissions/	Admission Requirements	sidebar		live								
