old_slug,action,target,college,unitid,found_by,note,today,clicks,impressions
alabama-a-and-m-university,301,https://gpacalculator.net/admissions/alabama-a-m-university/,100654 Alabama A & M University,100654,ipeds,,404 -> 404,,
birmingham-southern-college,410,,100937 Birmingham-Southern College,100937,ipeds,closed 07/31/2024 (IPEDS),404 -> 404,,
goddard-college,410,,230889 Goddard College,230889,ipeds,closed 08/02/2024 (IPEDS),404 -> 404,,
johnson-and-wales-university-charlotte,301,https://gpacalculator.net/admissions/johnson-wales-university-charlotte/,445708 Johnson & Wales University-Charlotte,445708,ipeds,,404 -> 404,,
johnson-and-wales-university-providence,301,https://gpacalculator.net/admissions/johnson-wales-university-providence/,217235 Johnson & Wales University-Providence,217235,ipeds,,404 -> 404,,
long-island-business-institute,410,,192509 Long Island Business Institute,192509,ipeds,closed 01/27/2024 (IPEDS),404 -> 404,,
prairie-view-a-and-m-university,301,https://gpacalculator.net/admissions/prairie-view-a-m-university/,227526 Prairie View A & M University,227526,ipeds,,404 -> 404,,
southern-university-and-a-and-m-college,301,https://gpacalculator.net/admissions/southern-university-and-a-m-college/,160621 Southern University and A & M College,160621,ipeds,,404 -> 404,,
texas-a-and-m-university-corpus-christi,301,https://gpacalculator.net/admissions/texas-a-m-university-corpus-christi/,224147 Texas A & M University-Corpus Christi,224147,ipeds,,404 -> 404,,
texas-a-and-m-university-kingsville,301,https://gpacalculator.net/admissions/texas-a-m-university-kingsville/,228705 Texas A&M University-Kingsville,228705,ipeds,,404 -> 404,,
texas-a-and-m-university-texarkana,301,https://gpacalculator.net/admissions/texas-a-m-university-texarkana/,224545 Texas A&M University-Texarkana,224545,ipeds,,404 -> 404,,
the-kings-college,301,https://gpacalculator.net/admissions/kings-college-pa/,213321 King's College,213321,ipeds,matched without the leading 'The',404 -> 404,,
the-university-of-the-arts,410,,215105 University of the Arts,215105,ipeds,closed 06/07/2024 (IPEDS); matched without the leading 'The',404 -> 404,,
university-of-antelope-valley,410,,442930 University of Antelope Valley,442930,ipeds,closed 02/29/2024 (IPEDS),404 -> 404,,
university-of-management-and-technology,301,https://gpacalculator.net/admissions/university-of-management-and-technology-the/,University of Management and Technology (The),437097,title,,301 WordPress -> 200 https://gpacalculator.net/admissions/university-of-management-and-technology-the/,,
wells-college,410,,197230 Wells College,197230,ipeds,closed 05/10/2024 (IPEDS),404 -> 404,,
