old_slug,today,why,college,unitid,clicks,impressions
american-academy-of-dramatic-arts-los-angeles,404 -> 404,no page here; open in IPEDS 2024 but missing from College Scorecard's June 2026 release (may have closed since),108852 American Academy of Dramatic Arts-Los Angeles,108852,,
antioch-university-new-england,404 -> 404,"operating, but no page here",245865 Antioch University-New England,245865,,
antioch-university-system-administration,404 -> 404,left IPEDS after 2023 without a closing date or a successor,440138 Antioch University-System Administration,440138,,
aspen-university,404 -> 404,"operating, but no page here",454829 Aspen University,454829,,
bethel-university-3,404 -> 404,no college by that name in IPEDS (2002-2024),,,,
brown-mackie-college-albuquerque,404 -> 404,left IPEDS after 2017 without a closing date or a successor,460039 Brown Mackie College-Albuquerque,460039,,
brown-mackie-college-atlanta,404 -> 404,left IPEDS after 2017 without a closing date or a successor,410283 Brown Mackie College-Atlanta,410283,,
brown-mackie-college-cincinnati,404 -> 404,left IPEDS after 2017 without a closing date or a successor,205610 Brown Mackie College-Cincinnati,205610,,
brown-mackie-college-findlay,404 -> 404,left IPEDS after 2017 without a closing date or a successor,375489 Brown Mackie College-Findlay,375489,,
brown-mackie-college-fort-wayne,404 -> 404,left IPEDS after 2017 without a closing date or a successor,408039 Brown Mackie College-Fort Wayne,408039,,
brown-mackie-college-indianapolis,404 -> 404,left IPEDS after 2017 without a closing date or a successor,451699 Brown Mackie College-Indianapolis,451699,,
brown-mackie-college-louisville,404 -> 404,left IPEDS after 2017 without a closing date or a successor,157599 Brown Mackie College-Louisville,157599,,
brown-mackie-college-merrillville,404 -> 404,left IPEDS after 2017 without a closing date or a successor,151616 Brown Mackie College-Merrillville,151616,,
brown-mackie-college-miami,404 -> 404,left IPEDS after 2017 without a closing date or a successor,447290 Brown Mackie College-Miami,447290,,
brown-mackie-college-quad-cities,404 -> 404,"operating, but no page here",373085 Ross College-Davenport,373085,,
brown-mackie-college-san-antonio,404 -> 404,left IPEDS after 2017 without a closing date or a successor,460613 Brown Mackie College-San Antonio,460613,,
brown-mackie-college-tucson,404 -> 404,left IPEDS after 2017 without a closing date or a successor,104364 Brown Mackie College-Tucson,104364,,
brown-mackie-college-tulsa,404 -> 404,left IPEDS after 2017 without a closing date or a successor,455619 Brown Mackie College-Tulsa,455619,,
central-methodist-uni-college-of-graduate-studies,301 WordPress -> 404 https://gpacalculator.net/admissions/central-methodist-uni-college-of-graduate-studies/,no college by that name in IPEDS (2002-2024),,,,
central-methodist-university-college-of-graduate-and-extended-studies,404 -> 404,"operating, but no page here",445267 Central Methodist University-College of Graduate and Extended Studies,445267,,
colorado-heights-university,404 -> 404,left IPEDS after 2017 without a closing date or a successor,367839 Colorado Heights University,367839,,
cornish-college-of-the-arts,404 -> 404,no page here; open in IPEDS 2024 but missing from College Scorecard's June 2026 release (may have closed since),235024 Cornish College of the Arts,235024,,
dowling-college,404 -> 404,left IPEDS after 2016 without a closing date or a successor,190770 Dowling College,190770,,
eastern-gateway-community-college,404 -> 404,no page here; open in IPEDS 2024 but missing from College Scorecard's June 2026 release (may have closed since),203331 Eastern Gateway Community College,203331,,
ellis-university,301 WordPress -> 404 https://gpacalculator.net/admissions/ellis-university/,left IPEDS after 2012 without a closing date or a successor,452133 John Hancock University,452133,,
fashion-institute-of-design-and-merchandising-los-angeles,404 -> 404,no page here; open in IPEDS 2024 but missing from College Scorecard's June 2026 release (may have closed since),114354 FIDM-Fashion Institute of Design & Merchandising,114354,,
fashion-institute-of-design-and-merchandising-orange-county,404 -> 404,"merged into FIDM-Fashion Institute of Design & Merchandising, which has no page here",114415 FIDM-Fashion Institute of Design & Merchandising-Orange County,114415,,
fashion-institute-of-design-and-merchandising-san-diego,404 -> 404,"merged into FIDM-Fashion Institute of Design & Merchandising, which has no page here",248846 FIDM-Fashion Institute of Design & Merchandising-San Diego,248846,,
florida-career-college-miami,404 -> 404,no page here; open in IPEDS 2024 but missing from College Scorecard's June 2026 release (may have closed since),133997 Florida Career College-Miami,133997,,
fontbonne-university,404 -> 404,no page here; open in IPEDS 2024 but missing from College Scorecard's June 2026 release (may have closed since),177418 Fontbonne University,177418,,
globe-institute-of-technology,404 -> 404,left IPEDS after 2016 without a closing date or a successor,188465 Globe Institute of Technology,188465,,
globe-university%CB%86green-bay,301 Rank Math -> 404 https://gpacalculator.net/admissions/globe-university-green-bay/,no college by that name in IPEDS (2002-2024),,,,
globe-university%CB%86madison-west,301 Rank Math -> 404 https://gpacalculator.net/admissions/globe-university-madison-west/,no college by that name in IPEDS (2002-2024),,,,
globe-university%CB%86wausau,301 Rank Math -> 404 https://gpacalculator.net/admissions/globe-university-wausau/,no college by that name in IPEDS (2002-2024),,,,
globe-university-appleton,404 -> 404,left IPEDS after 2016 without a closing date or a successor,466514 Globe University-Appleton,466514,,
globe-university-eau-claire,404 -> 404,left IPEDS after 2016 without a closing date or a successor,456816 Globe University-Eau Claire,456816,,
globe-university-la-crosse,404 -> 404,left IPEDS after 2016 without a closing date or a successor,458991 Globe University-La Crosse,458991,,
globe-university-madison-east,404 -> 404,left IPEDS after 2017 without a closing date or a successor,458733 Globe University-Madison East,458733,,
globe-university-sioux-falls,404 -> 404,left IPEDS after 2016 without a closing date or a successor,456807 Globe University-Sioux Falls,456807,,
globe-university-wausau,404 -> 404,left IPEDS after 2017 without a closing date or a successor,458779 Globe UniversityWausau,458779,,
globe-university-woodbury,404 -> 404,left IPEDS after 2016 without a closing date or a successor,173629 Globe University-Woodbury,173629,,
harrison-college-columbus,404 -> 404,left IPEDS after 2011 without a closing date or a successor,151193 Harrison College-Columbus,151193,,
harrison-college-elkhart,404 -> 404,left IPEDS after 2011 without a closing date or a successor,450386 Harrison College-Elkhart,450386,,
harrison-college-evansville,404 -> 404,left IPEDS after 2011 without a closing date or a successor,423670 Harrison College-Evansville,423670,,
harrison-college-indianapolis-east,404 -> 404,left IPEDS after 2011 without a closing date or a successor,414850 Harrison College-Indianapolis East,414850,,
harrison-college-lafayette,404 -> 404,left IPEDS after 2011 without a closing date or a successor,151245 Harrison College-Lafayette,151245,,
harrison-college-terre-haute,404 -> 404,left IPEDS after 2011 without a closing date or a successor,151236 Harrison College-Terre Haute,151236,,
international-technological-university,404 -> 404,left IPEDS after 2022 without a closing date or a successor,443128 International Technological University,443128,,
island-drafting-and-technical-institute,404 -> 404,no page here; open in IPEDS 2024 but missing from College Scorecard's June 2026 release (may have closed since),191959 Island Drafting and Technical Institute,191959,,
johnson-wales-university-online,404 -> 404,"operating, but no page here",460349 Johnson & Wales University-Online,460349,,
kingston-university,301 WordPress -> 404 https://gpacalculator.net/admissions/kingston-university/,left IPEDS after 2011 without a closing date or a successor,461050 Kingston University,461050,,
limestone-college,404 -> 404,no page here; open in IPEDS 2024 but missing from College Scorecard's June 2026 release (may have closed since),218238 Limestone University,218238,,
liu-brentwood,404 -> 404,"merged into Long Island University, which has no page here",192563 LIU Brentwood,192563,,
liu-hudson-at-westchester,404 -> 404,"merged into Long Island University, which has no page here",432357 LIU Hudson at Westchester,432357,,
liu-riverhead,404 -> 404,"merged into Long Island University, which has no page here",450766 LIU Riverhead,450766,,
liu-university-center-campus,404 -> 404,"merged into Long Island University, which has no page here",192457 LIU-University Center Campus,192457,,
long-island-university-brentwood-campus,301 WordPress -> 404 https://gpacalculator.net/admissions/long-island-university-brentwood-campus/,"merged into Long Island University, which has no page here",192563 LIU Brentwood,192563,,
long-island-university-riverhead-campus,301 WordPress -> 404 https://gpacalculator.net/admissions/long-island-university-riverhead-campus/,"merged into Long Island University, which has no page here",450766 LIU Riverhead,450766,,
long-island-university-university-center-campus,301 WordPress -> 404 https://gpacalculator.net/admissions/long-island-university-university-center-campus/,"merged into Long Island University, which has no page here",192457 LIU-University Center Campus,192457,,
long-island-university-westchester-campus,301 WordPress -> 404 https://gpacalculator.net/admissions/long-island-university-westchester-campus/,"merged into Long Island University, which has no page here",432357 LIU Hudson at Westchester,432357,,
marian-university-3,404 -> 404,no college by that name in IPEDS (2002-2024),,,,
marlboro-college,404 -> 404,"several colleges by that name, none with an answer: Marlboro College: none left IPEDS after 2020 without a closing date or a successor; Marlboro College Graduate & Professional Studies: none left IPEDS after 2020 without a closing date or a successor",230940 Marlboro College | 440411 Marlboro College Graduate & Professional Studies,230940 440411,,
martin-university,404 -> 404,no page here; open in IPEDS 2024 but missing from College Scorecard's June 2026 release (may have closed since),151810 Martin University,151810,,
minnesota-school-of-business-blaine,404 -> 404,left IPEDS after 2016 without a closing date or a successor,451769 Minnesota School of Business-Blaine,451769,,
minnesota-school-of-business-moorhead,404 -> 404,left IPEDS after 2016 without a closing date or a successor,455585 Minnesota School of Business-Moorhead,455585,,
minnesota-school-of-business-richfield,404 -> 404,left IPEDS after 2016 without a closing date or a successor,174279 Minnesota School of Business-Richfield,174279,,
minnesota-school-of-business-rochester,404 -> 404,left IPEDS after 2016 without a closing date or a successor,447670 Minnesota School of Business-Rochester,447670,,
minnesota-school-of-business-waite-park,404 -> 404,left IPEDS after 2016 without a closing date or a successor,445920 Minnesota School of Business-Waite Park,445920,,
mount-ida-college,404 -> 404,left IPEDS after 2017 without a closing date or a successor,166948 Mount Ida College,166948,,
new-england-college-of-business,404 -> 404,no college by that name in IPEDS (2002-2024),,,,
new-layout-test-page,404 -> 404,no college by that name in IPEDS (2002-2024),,,,
non-traditional-campuses,404 -> 404,no college by that name in IPEDS (2002-2024),,,,
northland-college,404 -> 404,no page here; open in IPEDS 2024 but missing from College Scorecard's June 2026 release (may have closed since),239512 Northland College,239512,,
northwestern-college-il,404 -> 404,no college by that name in IPEDS (2002-2024),,,,
northwestern-college-southwestern-campus,404 -> 404,no page here; open in IPEDS 2024 but missing from College Scorecard's June 2026 release (may have closed since),260992 Northwestern College,260992,,
ohio-business-college-sandusky,404 -> 404,no page here; open in IPEDS 2024 but missing from College Scorecard's June 2026 release (may have closed since),203739 Ohio Business College-Sandusky,203739,,
omaha-school-of-massage-and-healthcare-of-herzing-uni,301 WordPress -> 404 https://gpacalculator.net/admissions/omaha-school-of-massage-and-healthcare-of-herzing-uni/,no college by that name in IPEDS (2002-2024),,,,
omaha-school-of-massage-and-healthcare-of-herzing-university,404 -> 404,left IPEDS after 2017 without a closing date or a successor,407328 Omaha School of Massage and Healthcare of Herzing University,407328,,
ottawa-university-kansas-city,404 -> 404,"operating, but no page here",155636 Ottawa University-Kansas City,155636,,
paier-college-of-art-inc,404 -> 404,no page here; open in IPEDS 2024 but missing from College Scorecard's June 2026 release (may have closed since),130110 Paier College,130110,,
patten-university,301 WordPress -> 404 https://gpacalculator.net/admissions/patten-university/,left IPEDS after 2012 without a closing date or a successor,121071 Patten University,121071,,
roger-williams-university-school-of-law,404 -> 404,"operating, but no page here",409616 Roger Williams University School of Law,409616,,
saint-augustine-college,404 -> 404,no page here; open in IPEDS 2024 but missing from College Scorecard's June 2026 release (may have closed since),148876 St. Augustine College,148876,,
south-university-off-campus-programs,301 WordPress -> 404 https://gpacalculator.net/admissions/south-university-off-campus-programs/,no college by that name in IPEDS (2002-2024),,,,
southern-illinois-university-systems-office,301 WordPress -> 404 https://gpacalculator.net/admissions/southern-illinois-university-systems-office/,left IPEDS after 2023 without a closing date or a successor,149240 Southern Illinois University-System Office,149240,,
st-andrews-university,404 -> 404,no page here; open in IPEDS 2024 but missing from College Scorecard's June 2026 release (may have closed since),199698 St. Andrews University,199698,,
st-luke-university,301 WordPress -> 404 https://gpacalculator.net/admissions/st-luke-university/,"several colleges by that name, none with an answer: St Luke University: none left IPEDS after 2005 without a closing date or a successor; St Luke University: none left IPEDS after 2013 without a closing date or a successor",446695 St Luke University | 461069 St Luke University,446695 461069,,
texas-a-and-m-university-commerce,404 -> 404,"operating, but no page here",224554 East Texas A&M University,224554,,
the-college-of-new-rochelle,404 -> 404,left IPEDS after 2019 without a closing date or a successor,193645 The College of New Rochelle,193645,,
the-college-of-saint-rose,404 -> 404,no page here; open in IPEDS 2024 but missing from College Scorecard's June 2026 release (may have closed since),195234 The College of Saint Rose,195234,,
the-kings-college,404 -> 404,left IPEDS after 2023 without a closing date or a successor,454184 The King's College,454184,,
the-texas-am-university-system-office,301 WordPress -> 404 https://gpacalculator.net/admissions/the-texas-am-university-system-office/,left IPEDS after 2023 without a closing date or a successor,228732 Texas A & M University-System Office,228732,,
triangle-tech-inc-bethlehem,404 -> 404,no page here; open in IPEDS 2024 but missing from College Scorecard's June 2026 release (may have closed since),448859 Triangle Tech Inc-Bethlehem,448859,,
triangle-tech-inc-dubois,404 -> 404,no page here; open in IPEDS 2024 but missing from College Scorecard's June 2026 release (may have closed since),216454 Triangle Tech Inc-Dubois,216454,,
triangle-tech-inc-greensburg,404 -> 404,no page here; open in IPEDS 2024 but missing from College Scorecard's June 2026 release (may have closed since),216445 Triangle Tech Inc-Greensburg,216445,,
triangle-tech-inc-pittsburgh,404 -> 404,no page here; open in IPEDS 2024 but missing from College Scorecard's June 2026 release (may have closed since),216436 Triangle Tech Inc-Pittsburgh,216436,,
triangle-tech-inc-sunbury,404 -> 404,no page here; open in IPEDS 2024 but missing from College Scorecard's June 2026 release (may have closed since),443377 Triangle Tech Inc-Sunbury,443377,,
uni-of-nebraska-central-administration-system-office,301 WordPress -> 404 https://gpacalculator.net/admissions/uni-of-nebraska-central-administration-system-office/,no college by that name in IPEDS (2002-2024),,,,
union-institute-and-university,404 -> 404,"several colleges by that name, none with an answer: UNION INSTITUTE & UNIVERSITY: none left IPEDS after 2003 without a closing date or a successor; UNION INSTITUTE & UNIVERSITY: none left IPEDS after 2003 without a closing date or a successor; Union Institute & University: none left IPEDS after 2023 without a closing date or a successor; UNION INSTITUTE & UNIVERSITY: none left IPEDS after 2003 without a closing date or a successor; UNION INSTITUTE & UNIVERSITY: none left IPEDS after 2003 without a closing date or a successor; UNION INSTITUTE & UNIVERSITY: none left IPEDS after 2003 without a closing date or a successor",124627 UNION INSTITUTE & UNIVERSITY | 138062 UNION INSTITUTE & UNIVERSITY | 206279 Union Institute & University | 420671 UNION INSTITUTE & UNIVERSITY | 440660 UNION INSTITUTE & UNIVERSITY | 440712 UNION INSTITUTE & UNIVERSITY,124627 138062 206279 420671 440660 440712,,
university-of-maine-system-central-office,301 WordPress -> 404 https://gpacalculator.net/admissions/university-of-maine-system-central-office/,left IPEDS after 2023 without a closing date or a successor,161280 University of Maine-System Central Office,161280,,
university-of-minnesota-twin-cities,404 -> 404,"operating, but no page here",174066 University of Minnesota-Twin Cities,174066,,
university-of-missouri-systems-office,301 WordPress -> 404 https://gpacalculator.net/admissions/university-of-missouri-systems-office/,left IPEDS after 2023 without a closing date or a successor,178439 University of Missouri-System Office,178439,,
university-of-phoenix-hawaii-campus,404 -> 404,no page here; open in IPEDS 2024 but missing from College Scorecard's June 2026 release (may have closed since),420042 University of Phoenix-Hawaii,420042,,
university-of-phoenix-phoenix-campus,404 -> 404,"merged into University of Phoenix-Arizona, which has no page here",105516 University of Phoenix-Phoenix Campus,105516,,
university-of-st-thomas-3,404 -> 404,no college by that name in IPEDS (2002-2024),,,,
university-system-of-maryland,301 WordPress -> 404 https://gpacalculator.net/admissions/university-system-of-maryland-research-centers/,left IPEDS after 2023 without a closing date or a successor,164146 University System of Maryland,164146,,
university-system-of-maryland-research-centers,301 WordPress -> 404 https://gpacalculator.net/admissions/university-system-of-maryland-research-centers/,left IPEDS after 2023 without a closing date or a successor,404480 University System of Maryland-Research Centers,404480,,
virginia-college-la,404 -> 404,no college by that name in IPEDS (2002-2024),,,,
virginia-college-sc,404 -> 404,no college by that name in IPEDS (2002-2024),,,,
virginia-college-va,404 -> 404,no college by that name in IPEDS (2002-2024),,,,
wheelock-college,404 -> 404,left IPEDS after 2018 without a closing date or a successor,168290 Wheelock College,168290,,
whitworth-university-adult-degree-programs,404 -> 404,"operating, but no page here",475200 Whitworth University-Adult Degree Programs,475200,,
