old_url	same_college_today
https://gpacalculator.net/admission/auburn-university/	https://gpacalculator.net/admissions/auburn/
https://gpacalculator.net/admission/harvard-university/	https://gpacalculator.net/admissions/harvard/
https://gpacalculator.net/admission/texas-tech-university/	https://gpacalculator.net/admissions/texas-tech/
https://gpacalculator.net/admission/university-of-california-berkeley/	https://gpacalculator.net/admissions/uc-berkeley/
https://gpacalculator.net/admission/university-of-north-carolina-at-chapel-hill/	https://gpacalculator.net/admissions/unc/
https://gpacalculator.net/admission/university-of-michigan-ann-arbor/	
https://gpacalculator.net/admission/stanford-university/	https://gpacalculator.net/admissions/stanford/
https://gpacalculator.net/admission/clemson-university/	https://gpacalculator.net/admissions/clemson/
https://gpacalculator.net/admission/university-of-notre-dame/	https://gpacalculator.net/admissions/notre-dame/
https://gpacalculator.net/admission/university-of-maryland-college-park/	https://gpacalculator.net/admissions/umd/
https://gpacalculator.net/admission/the-university-of-texas-at-austin/	https://gpacalculator.net/admissions/ut-austin/
https://gpacalculator.net/admission/university-of-georgia/	https://gpacalculator.net/admissions/georgia/
https://gpacalculator.net/admission/new-york-university/	https://gpacalculator.net/admissions/nyu/
https://gpacalculator.net/admission/stony-brook-university/	https://gpacalculator.net/admissions/stony-brook/
https://gpacalculator.net/admission/miami-university-oxford/	
https://gpacalculator.net/admission/yale-university/	https://gpacalculator.net/admissions/yale/
https://gpacalculator.net/admission/rice-university/	https://gpacalculator.net/admissions/rice/
https://gpacalculator.net/admission/princeton-university/	https://gpacalculator.net/admissions/princeton/
https://gpacalculator.net/admission/duke-university/	https://gpacalculator.net/admissions/duke/
https://gpacalculator.net/admission/northeastern-university/	https://gpacalculator.net/admissions/northeastern/
https://gpacalculator.net/admission/university-of-florida/	https://gpacalculator.net/admissions/florida/
https://gpacalculator.net/admission/university-of-delaware/	https://gpacalculator.net/admissions/delaware/
https://gpacalculator.net/admission/texas-a-m-university-college-station/	
https://gpacalculator.net/admission/north-carolina-state-university-at-raleigh/	https://gpacalculator.net/admissions/nc-state/
https://gpacalculator.net/admission/university-of-southern-california/	https://gpacalculator.net/admissions/usc/
https://gpacalculator.net/admission/university-of-washington-seattle-campus/	https://gpacalculator.net/admissions/washington/
https://gpacalculator.net/admission/university-of-north-carolina-wilmington/	
https://gpacalculator.net/admission/brigham-young-university-provo/	https://gpacalculator.net/admissions/byu/
https://gpacalculator.net/admission/george-washington-university/	https://gpacalculator.net/admissions/george-washington/
https://gpacalculator.net/admission/villanova-university/	https://gpacalculator.net/admissions/villanova/
https://gpacalculator.net/admission/university-of-wisconsin-madison/	https://gpacalculator.net/admissions/wisconsin/
https://gpacalculator.net/admission/carnegie-mellon-university/	https://gpacalculator.net/admissions/carnegie-mellon/
https://gpacalculator.net/admission/tufts-university/	https://gpacalculator.net/admissions/tufts/
https://gpacalculator.net/admission/university-of-pittsburgh-pittsburgh-campus/	https://gpacalculator.net/admissions/pitt/
https://gpacalculator.net/admission/embry-riddle-aeronautical-university-daytona-beach/	https://gpacalculator.net/admissions/embry-riddle/
https://gpacalculator.net/admission/emory-university/	https://gpacalculator.net/admissions/emory/
https://gpacalculator.net/admission/columbia-university-in-the-city-of-new-york/	https://gpacalculator.net/admissions/columbia/
https://gpacalculator.net/admission/university-of-minnesota-twin-cities/	
https://gpacalculator.net/admission/san-diego-state-university/	https://gpacalculator.net/admissions/san-diego-state/
https://gpacalculator.net/admission/brown-university/	https://gpacalculator.net/admissions/brown/
https://gpacalculator.net/admission/appalachian-state-university/	https://gpacalculator.net/admissions/appalachian-state/
https://gpacalculator.net/admission/georgetown-university/	https://gpacalculator.net/admissions/georgetown/
https://gpacalculator.net/admission/cornell-university/	https://gpacalculator.net/admissions/cornell/
https://gpacalculator.net/admission/university-of-pennsylvania/	https://gpacalculator.net/admissions/upenn/
https://gpacalculator.net/admission/florida-gulf-coast-university/	https://gpacalculator.net/admissions/florida-gulf-coast/
https://gpacalculator.net/admission/lehigh-university/	https://gpacalculator.net/admissions/lehigh/
https://gpacalculator.net/admission/university-of-california-los-angeles/	https://gpacalculator.net/admissions/ucla/
https://gpacalculator.net/admission/florida-international-university/	https://gpacalculator.net/admissions/florida-international/
https://gpacalculator.net/admission/case-western-reserve-university/	https://gpacalculator.net/admissions/case-western/
https://gpacalculator.net/admission/colgate-university/	https://gpacalculator.net/admissions/colgate/
https://gpacalculator.net/admission/the-university-of-alabama/	https://gpacalculator.net/admissions/alabama/
https://gpacalculator.net/admission/the-university-of-texas-at-dallas/	https://gpacalculator.net/admissions/ut-dallas/
https://gpacalculator.net/admission/mercer-university/	https://gpacalculator.net/admissions/mercer/
https://gpacalculator.net/admission/the-university-of-tennessee-knoxville/	
https://gpacalculator.net/admission/vanderbilt-university/	https://gpacalculator.net/admissions/vanderbilt/
https://gpacalculator.net/admission/ohio-state-university-main-campus/	
https://gpacalculator.net/admission/liu-post/	
https://gpacalculator.net/admission/california-polytechnic-state-university-san-luis-obispo/	https://gpacalculator.net/admissions/cal-poly-slo/
https://gpacalculator.net/admission/university-of-chicago/	https://gpacalculator.net/admissions/chicago/
https://gpacalculator.net/admission/bradley-university/	https://gpacalculator.net/admissions/bradley/
https://gpacalculator.net/admission/university-of-illinois-at-urbana-champaign/	https://gpacalculator.net/admissions/uiuc/
https://gpacalculator.net/admission/university-of-california-irvine/	https://gpacalculator.net/admissions/uc-irvine/
https://gpacalculator.net/admission/depaul-university/	https://gpacalculator.net/admissions/depaul/
https://gpacalculator.net/admission/embry-riddle-aeronautical-uni-daytona-beach/	
https://gpacalculator.net/admission/university-of-iowa/	https://gpacalculator.net/admissions/iowa/
https://gpacalculator.net/admission/north-carolina-a-t-state-university/	
https://gpacalculator.net/admission/nova-southeastern-university/	https://gpacalculator.net/admissions/nova-southeastern/
https://gpacalculator.net/admission/brandeis-university/	https://gpacalculator.net/admissions/brandeis/
https://gpacalculator.net/admission/butler-university/	https://gpacalculator.net/admissions/butler/
https://gpacalculator.net/admission/loyola-marymount-university/	https://gpacalculator.net/admissions/loyola-marymount/
https://gpacalculator.net/admission/university-of-california-davis/	https://gpacalculator.net/admissions/uc-davis/
https://gpacalculator.net/admission/university-of-california-riverside/	https://gpacalculator.net/admissions/uc-riverside/
https://gpacalculator.net/admission/university-of-california-santa-barbara/	https://gpacalculator.net/admissions/uc-santa-barbara/
https://gpacalculator.net/admission/belmont-university/	https://gpacalculator.net/admissions/belmont/
https://gpacalculator.net/admission/university-of-california-san-francisco/	https://gpacalculator.net/admissions/uc-san-francisco/
https://gpacalculator.net/admission/creighton-university/	https://gpacalculator.net/admissions/creighton/
https://gpacalculator.net/admission/the-university-of-texas-health-science-center-at-houston/	
https://gpacalculator.net/admission/northwestern-university/	https://gpacalculator.net/admissions/northwestern/
https://gpacalculator.net/admission/denison-university/	https://gpacalculator.net/admissions/denison/
https://gpacalculator.net/admission/christopher-newport-university/	https://gpacalculator.net/admissions/christopher-newport/
https://gpacalculator.net/admission/louisiana-state-university-and-agricultural-mechanical-college/	
https://gpacalculator.net/admission/roger-williams-university-school-of-law/	
https://gpacalculator.net/admission/university-of-california-san-diego/	https://gpacalculator.net/admissions/uc-san-diego/
https://gpacalculator.net/admission/university-of-north-florida/	https://gpacalculator.net/admissions/north-florida/
https://gpacalculator.net/admission/california-state-university-fullerton/	https://gpacalculator.net/admissions/csu-fullerton/
https://gpacalculator.net/admission/samford-university/	https://gpacalculator.net/admissions/samford/
https://gpacalculator.net/admission/johns-hopkins-university/	https://gpacalculator.net/admissions/johns-hopkins/
https://gpacalculator.net/admission/kingston-university/	
https://gpacalculator.net/admission/university-of-alabama-system-office/	
https://gpacalculator.net/admission/texas-state-university-san-marcos/	
https://gpacalculator.net/admission/taylor-university/	https://gpacalculator.net/admissions/taylor/
https://gpacalculator.net/admission/university-of-dayton/	https://gpacalculator.net/admissions/dayton/
https://gpacalculator.net/admission/willamette-university/	https://gpacalculator.net/admissions/willamette/
https://gpacalculator.net/admission/university-of-san-diego/	https://gpacalculator.net/admissions/san-diego/
https://gpacalculator.net/admission/michigan-technological-university/	https://gpacalculator.net/admissions/michigan-tech/
https://gpacalculator.net/admission/st-bonaventure-university/	
https://gpacalculator.net/admission/valparaiso-university/	https://gpacalculator.net/admissions/valparaiso/
https://gpacalculator.net/admission/duquesne-university/	https://gpacalculator.net/admissions/duquesne/
https://gpacalculator.net/admission/university-of-north-texas-health-science-center/	
https://gpacalculator.net/admission/washington-university-in-st-louis/	https://gpacalculator.net/admissions/washu/
https://gpacalculator.net/admission/golden-gate-university-san-francisco/	
https://gpacalculator.net/admission/michigan-state-university-college-of-law/	
https://gpacalculator.net/admission/virginia-polytechnic-institute-and-state-university/	
https://gpacalculator.net/admission/california-polytechnic-state-uni-san-luis-obispo/	
https://gpacalculator.net/admission/washington-and-lee-university/	https://gpacalculator.net/admissions/washington-and-lee/
https://gpacalculator.net/admission/palm-beach-atlantic-university/	
https://gpacalculator.net/admission/saint-louis-university/	
https://gpacalculator.net/admission/ohio-state-uni-agricultural-technical-institute/	
https://gpacalculator.net/admission/university-of-texas-southwestern-medical-center/	
https://gpacalculator.net/admission/itt-technical-institute-university-park/	
https://gpacalculator.net/admission/clarkson-university/	https://gpacalculator.net/admissions/clarkson/
https://gpacalculator.net/admission/the-texas-am-university-system-office/	
https://gpacalculator.net/admission/depauw-university/	https://gpacalculator.net/admissions/depauw/
https://gpacalculator.net/admission/illinois-wesleyan-university/	https://gpacalculator.net/admissions/illinois-wesleyan/
https://gpacalculator.net/admission/university-of-massachusetts-amherst/	https://gpacalculator.net/admissions/umass-amherst/
https://gpacalculator.net/admission/francis-marion-university/	https://gpacalculator.net/admissions/francis-marion/
https://gpacalculator.net/admission/colorado-christian-university/	https://gpacalculator.net/admissions/colorado-christian/
https://gpacalculator.net/admission/university-of-maine-system-central-office/	
https://gpacalculator.net/admission/oregon-health-science-university/	https://gpacalculator.net/admissions/oregon-health-and-science-university/
https://gpacalculator.net/admission/the-university-of-tennessee-chattanooga/	
https://gpacalculator.net/admission/south-university-west-palm-beach/	
https://gpacalculator.net/admission/franciscan-university-of-steubenville/	https://gpacalculator.net/admissions/franciscan/
https://gpacalculator.net/admission/university-of-phoenix-phoenix-campus/	
https://gpacalculator.net/admission/embry-riddle-aeronautical-university-prescott/	https://gpacalculator.net/admissions/embry-riddle-prescott/
https://gpacalculator.net/admission/saint-thomas-university/	
https://gpacalculator.net/admission/transylvania-university/	https://gpacalculator.net/admissions/transylvania/
https://gpacalculator.net/admission/pennsylvania-state-uni-penn-state-great-valley/	
https://gpacalculator.net/admission/university-of-alabama-in-huntsville/	
https://gpacalculator.net/admission/winthrop-university/	https://gpacalculator.net/admissions/winthrop/
https://gpacalculator.net/admission/university-of-alabama-at-birmingham/	https://gpacalculator.net/admissions/uab/
https://gpacalculator.net/admission/texas-tech-university-system-administration/	
https://gpacalculator.net/admission/st-andrews-university/	
https://gpacalculator.net/admission/concordia-university-nebraska/	
https://gpacalculator.net/admission/university-of-st-thomas-3/	
https://gpacalculator.net/admission/the-university-of-texas-medical-branch/	
https://gpacalculator.net/admission/north-greenville-university/	https://gpacalculator.net/admissions/north-greenville/
https://gpacalculator.net/admission/devry-unis-keller-graduate-school-of-management-indiana/	
https://gpacalculator.net/admission/allied-american-university/	
https://gpacalculator.net/admission/devry-universitys-keller-graduate-school-of-management-illinois/	
https://gpacalculator.net/admission/university-of-tulsa/	https://gpacalculator.net/admissions/tulsa/
https://gpacalculator.net/admission/university-of-cincinnati-blue-ash-college/	
https://gpacalculator.net/admission/utah-state-uni-regional-campuses-and-distance-education/	
https://gpacalculator.net/admission/truman-state-university/	https://gpacalculator.net/admissions/truman-state/
https://gpacalculator.net/admission/midwestern-university-downers-grove/	
https://gpacalculator.net/admission/pennsylvania-state-university-penn-state-great-valley/	
https://gpacalculator.net/admission/rosalind-franklin-university-of-medicine-and-science/	https://gpacalculator.net/admissions/rosalind-franklin-university/
https://gpacalculator.net/admission/liu-brooklyn/	
https://gpacalculator.net/admission/pennsylvania-state-uni-penn-state-mont-alto/	
https://gpacalculator.net/admission/south-university-the-art-institute-of-dallas/	
https://gpacalculator.net/admission/liu-university-center-campus/	
https://gpacalculator.net/admission/the-university-of-texas-md-anderson-cancer-center/	https://gpacalculator.net/admissions/md-anderson-cancer-center/
https://gpacalculator.net/admission/missouri-university-of-science-and-technology/	https://gpacalculator.net/admissions/missouri-st/
https://gpacalculator.net/admission/university-of-south-carolina-beaufort/	https://gpacalculator.net/admissions/sc-beaufort/
https://gpacalculator.net/admission/hollins-university/	https://gpacalculator.net/admissions/hollins/
https://gpacalculator.net/admission/georgia-college-state-university/	
https://gpacalculator.net/admission/arizona-state-university-tempe/	
https://gpacalculator.net/admission/university-of-california-hastings-college-of-law/	
https://gpacalculator.net/admission/university-of-south-florida-sarasota-manatee/	
https://gpacalculator.net/admission/virginia-polytechnic-institute-and-state-uni/	
https://gpacalculator.net/admission/marian-university-3/	
https://gpacalculator.net/admission/university-of-alabama-at-huntsville/	https://gpacalculator.net/admissions/uah/
https://gpacalculator.net/admission/colorado-state-university-system-office/	
https://gpacalculator.net/admission/purdue-university-north-central-campus/	
https://gpacalculator.net/admission/chatham-university/	https://gpacalculator.net/admissions/chatham/
https://gpacalculator.net/admission/augusta-state-university/	
https://gpacalculator.net/admission/drury-university/	https://gpacalculator.net/admissions/drury/
https://gpacalculator.net/admission/cedarville-university/	https://gpacalculator.net/admissions/cedarville/
https://gpacalculator.net/admission/southern-university-board-and-system/	
https://gpacalculator.net/admission/governors-state-university/	https://gpacalculator.net/admissions/governors-state/
https://gpacalculator.net/admission/strayer-university-texas/	
https://gpacalculator.net/admission/university-of-maryland-baltimore-county/	https://gpacalculator.net/admissions/umbc/
https://gpacalculator.net/admission/oklahoma-state-university-institute-of-technology/	
https://gpacalculator.net/admission/philadelphia-university/	
https://gpacalculator.net/admission/fairleigh-dickinson-uni-metropolitan-campus/	
https://gpacalculator.net/admission/kansas-state-university/	https://gpacalculator.net/admissions/kansas-state/
https://gpacalculator.net/admission/argosy-university-denver/	
https://gpacalculator.net/admission/our-lady-of-the-lake-university/	
https://gpacalculator.net/admission/southern-polytechnic-state-university/	
https://gpacalculator.net/admission/university-of-south-florida-polytechnic/	
https://gpacalculator.net/admission/pennsylvania-state-uni-penn-state-schuylkill/	
https://gpacalculator.net/admission/texas-a-m-international-university/	
https://gpacalculator.net/admission/ottawa-university-jeffersonville/	
https://gpacalculator.net/admission/trine-university-south-bend-regional-campus/	
https://gpacalculator.net/admission/kettering-university/	https://gpacalculator.net/admissions/kettering/
https://gpacalculator.net/admission/ohio-northern-university/	https://gpacalculator.net/admissions/ohio-northern/
https://gpacalculator.net/admission/university-of-dallas/	https://gpacalculator.net/admissions/dallas/
https://gpacalculator.net/admission/argosy-university-atlanta/	
https://gpacalculator.net/admission/university-of-illinois-university-administration/	
https://gpacalculator.net/admission/des-moines-university-osteopathic-medical-center/	
https://gpacalculator.net/admission/union-university/	https://gpacalculator.net/admissions/union/
https://gpacalculator.net/admission/devry-unis-keller-graduate-school-of-management-pa/	
https://gpacalculator.net/admission/university-of-south-florida-st-petersburg/	
https://gpacalculator.net/admission/devry-unis-keller-graduate-school-of-management-colorado/	
https://gpacalculator.net/admission/saint-louis-university-main-campus/	https://gpacalculator.net/admissions/saint-louis/
https://gpacalculator.net/admission/john-f-kennedy-university/	
https://gpacalculator.net/admission/lincoln-university-3/	
https://gpacalculator.net/admission/the-uni-of-texas-m-d-anderson-cancer-center/	
https://gpacalculator.net/admission/rosalind-franklin-uni-of-medicine-and-science/	
https://gpacalculator.net/admission/oregon-university-system/	
https://gpacalculator.net/admission/johnson-wales-university-online/	
https://gpacalculator.net/admission/northcentral-university/	
https://gpacalculator.net/admission/devry-universitys-keller-graduate-school-of-management-michigan/	
https://gpacalculator.net/admission/pennsylvania-state-uni-penn-state-harrisburg/	
https://gpacalculator.net/admission/northwestern-polytechnic-university/	
https://gpacalculator.net/admission/martin-university/	
https://gpacalculator.net/admission/bethel-university/	https://gpacalculator.net/admissions/bethel-university-mn,bethel-university-tn/
https://gpacalculator.net/admission/university-of-mississippi-medical-center/	
https://gpacalculator.net/admission/the-dickinson-school-of-law-of-the-pennsylvania-state-uni/	
https://gpacalculator.net/admission/holy-names-university/	
https://gpacalculator.net/admission/uni-of-the-dc-david-a-clarke-school-of-law/	
https://gpacalculator.net/admission/pennsylvania-state-uni-penn-state-brandywine/	
https://gpacalculator.net/admission/university-system-of-maryland/	
https://gpacalculator.net/admission/oklahoma-city-university/	https://gpacalculator.net/admissions/oklahoma-city/
https://gpacalculator.net/admission/university-of-north-texas-system/	
https://gpacalculator.net/admission/university-of-sioux-falls/	https://gpacalculator.net/admissions/sioux-falls/
https://gpacalculator.net/admission/armstrong-atlantic-state-university/	
https://gpacalculator.net/admission/a-t-still-university-of-health-sciences/	https://gpacalculator.net/admissions/a-t-still-university/
https://gpacalculator.net/admission/pennsylvania-state-university-penn-state-fayette-eberly/	
https://gpacalculator.net/admission/university-of-louisiana-at-monroe/	
https://gpacalculator.net/admission/pennsylvania-state-uni-penn-state-erie-behrend-college/	
https://gpacalculator.net/admission/ottawa-university-kansas-city/	
https://gpacalculator.net/admission/devry-universitys-keller-graduate-school-of-management-new-jersey/	
https://gpacalculator.net/admission/university-of-virginia-main-campus/	https://gpacalculator.net/admissions/virginia/
https://gpacalculator.net/admission/long-island-university-university-center-campus/	
https://gpacalculator.net/admission/everest-university-largo/	
https://gpacalculator.net/admission/ashford-university/	
https://gpacalculator.net/admission/lincoln-university/	https://gpacalculator.net/admissions/lincoln-university-mo,lincoln-university-ca/
https://gpacalculator.net/admission/midwestern-university-glendale/	
https://gpacalculator.net/admission/devry-universitys-keller-graduate-school-of-management-utah/	
https://gpacalculator.net/admission/strayer-university-georgia/	
https://gpacalculator.net/admission/international-technological-university/	
https://gpacalculator.net/admission/devry-universitys-keller-graduate-school-of-management-oklahoma/	
https://gpacalculator.net/admission/pennsylvania-state-uni-penn-state-fayette-eberly-campus/	
https://gpacalculator.net/admission/devry-unis-keller-graduate-school-of-management-texas/	
https://gpacalculator.net/admission/university-of-phoenix-baton-rouge-campus/	
https://gpacalculator.net/admission/west-texas-a-m-university/	
https://gpacalculator.net/admission/south-university%CB%86virginia-beach/	
https://gpacalculator.net/admission/argosy-university-washington-d-c/	
https://gpacalculator.net/admission/university-of-phoenix-minneapolisst-paul-campus/	
https://gpacalculator.net/admission/st-marys-seminary-university/	https://gpacalculator.net/admissions/st-marys-seminary-and-university/
https://gpacalculator.net/admission/strayer-university-district-of-columbia/	
https://gpacalculator.net/admission/pennsylvania-state-uni-penn-state-greater-allegheny/	
https://gpacalculator.net/admission/argosy-university-washington-dc/	
https://gpacalculator.net/admission/north-georgia-college-state-university/	
https://gpacalculator.net/admission/antioch-university-new-england/	
https://gpacalculator.net/admission/liu-riverhead/	
https://gpacalculator.net/admission/cardinal-stritch-university/	
https://gpacalculator.net/admission/university-of-wisconsin-extension/	
https://gpacalculator.net/admission/university-of-the-district-of-columbia-david-a-clarke-school-of-law/	
https://gpacalculator.net/admission/oklahoma-state-uni-center-for-health-sciences/	
https://gpacalculator.net/admission/great-falls-college-montana-state-university/	
https://gpacalculator.net/admission/devry-universitys-keller-graduate-school-of-management-florida/	
https://gpacalculator.net/admission/john-brown-university/	https://gpacalculator.net/admissions/john-brown/
https://gpacalculator.net/admission/texas-a-m-university-system-office/	
https://gpacalculator.net/admission/pennsylvania-state-uni-penn-state-wilkes-barre/	
https://gpacalculator.net/admission/polytechnic-university-of-puerto-rico-miami/	
https://gpacalculator.net/admission/strayer-university-louisiana/	
https://gpacalculator.net/admission/patten-university/	
https://gpacalculator.net/admission/argosy-university-hawaii/	
https://gpacalculator.net/admission/devry-unis-keller-graduate-school-of-management-nc/	
https://gpacalculator.net/admission/devry-unis-keller-graduate-school-of-management-tennessee/	
https://gpacalculator.net/admission/mountain-state-university/	
https://gpacalculator.net/admission/university-of-wisconsin-colleges/	
https://gpacalculator.net/admission/kennesaw-state-university-kennesaw-georgia/	
https://gpacalculator.net/admission/strayer-university-global-region/	
https://gpacalculator.net/admission/devry-unis-keller-graduate-school-of-management-minnesota/	
https://gpacalculator.net/admission/university-of-north-carolina-system-office/	
https://gpacalculator.net/admission/everest-university-jacksonville/	
https://gpacalculator.net/admission/texas-lutheran-university/	https://gpacalculator.net/admissions/texas-lutheran/
https://gpacalculator.net/admission/itt-technical-institute-bradenton/	
https://gpacalculator.net/admission/western-state-college-of-law-at-argosy-university/	
https://gpacalculator.net/admission/southern-illinois-university-systems-office/	
https://gpacalculator.net/admission/strayer-university-north-carolina/	
https://gpacalculator.net/admission/spalding-university/	https://gpacalculator.net/admissions/spalding/
https://gpacalculator.net/admission/widener-university-harrisburg-campus/	
https://gpacalculator.net/admission/helena-college-university-of-montana/	
https://gpacalculator.net/admission/devry-unis-keller-graduate-school-of-management-oklahoma/	
https://gpacalculator.net/admission/liu-brentwood/	
https://gpacalculator.net/admission/everest-university-north-orlando/	
https://gpacalculator.net/admission/ai-miami-international-uni-of-art-and-design/	
https://gpacalculator.net/admission/aspen-university/	
https://gpacalculator.net/admission/everest-university-lakeland/	
https://gpacalculator.net/admission/long-island-university-rockland-campus/	
https://gpacalculator.net/admission/argosy-university-seattle/	
https://gpacalculator.net/admission/university-of-phoenix-richmond-virginia-beach-campus/	
https://gpacalculator.net/admission/university-of-wisconsin-system-administration/	
https://gpacalculator.net/admission/bethany-university/	
https://gpacalculator.net/admission/devry-unis-keller-graduate-school-of-management-missouri/	
https://gpacalculator.net/admission/devry-universitys-keller-graduate-school-of-management-georgia/	
https://gpacalculator.net/admission/pennsylvania-state-uni-penn-state-lehigh-valley/	
https://gpacalculator.net/admission/upstate-medical-university/	
https://gpacalculator.net/admission/university-of-management-and-technology/	
https://gpacalculator.net/admission/fashion-institute-of-design-and-merchandising-los-angeles/	
https://gpacalculator.net/admission/devry-unis-keller-graduate-school-of-management-washington/	
https://gpacalculator.net/admission/antioch-university-phd-program-in-leadership-and-change/	
https://gpacalculator.net/admission/argosy-university-phoenix-online-division/	
https://gpacalculator.net/admission/argosy-university-schaumburg/	
https://gpacalculator.net/admission/devry-universitys-keller-graduate-school-of-management-minnesota/	
https://gpacalculator.net/admission/devry-universitys-keller-graduate-school-of-management-wisconsin/	
https://gpacalculator.net/admission/south-university-virginia-beach/	
https://gpacalculator.net/admission/whitworth-university-adult-degree-programs/	
https://gpacalculator.net/admission/globe-university-wausau/	
https://gpacalculator.net/admission/devry-university-administrative-office/	
https://gpacalculator.net/admission/fontbonne-university/	
https://gpacalculator.net/admission/argosy-university-nashville/	
https://gpacalculator.net/admission/devry-universitys-keller-graduate-school-of-management-maryland/	
https://gpacalculator.net/admission/bergin-university-of-canine-studies/	
https://gpacalculator.net/admission/south-university-savannah/	
https://gpacalculator.net/admission/liu-hudson-at-westchester/	
https://gpacalculator.net/admission/fashion-institute-of-design-and-merchandising-san-francisco/	
https://gpacalculator.net/admission/devry-unis-keller-graduate-school-of-management-michigan/	
https://gpacalculator.net/admission/devry-universitys-keller-graduate-school-of-management-north-carolina/	
https://gpacalculator.net/admission/montana-state-uni-great-falls-college-of-technology/	
https://gpacalculator.net/admission/strayer-university-south-carolina/	
https://gpacalculator.net/admission/devry-unis-keller-graduate-school-of-management-maryland/	
https://gpacalculator.net/admission/resurrection-university/	
https://gpacalculator.net/admission/union-institute-and-university/	
https://gpacalculator.net/admission/uni-of-arkansas-community-college-batesville/	
https://gpacalculator.net/admission/argosy-university-san-francisco-bay-area/	
https://gpacalculator.net/admission/broadview-university-boise/	
https://gpacalculator.net/admission/devry-universitys-keller-graduate-school-of-management-indiana/	
https://gpacalculator.net/admission/university-of-antelope-valley/	
https://gpacalculator.net/admission/university-of-phoenix-delaware-campus/	
https://gpacalculator.net/admission/south-university-off-campus-programs/	
https://gpacalculator.net/admission/strayer-university-pennsylvania/	
https://gpacalculator.net/admission/everest-university-orange-park/	
https://gpacalculator.net/admission/globe-university%CB%86wausau/	
https://gpacalculator.net/admission/marian-university-wi/	
https://gpacalculator.net/admission/southern-university-and-a-and-m-college/	
https://gpacalculator.net/admission/argosy-university-twin-cities/	
https://gpacalculator.net/admission/university-of-california-system-administration-central-office/	
https://gpacalculator.net/admission/university-of-new-hampshire-school-of-law/	
https://gpacalculator.net/admission/cairn-university-langhorne/	
https://gpacalculator.net/admission/south-university-richmond/	
https://gpacalculator.net/admission/uni-of-montana-helena-college-of-technology/	
https://gpacalculator.net/admission/university-of-houston-system-administration/	
https://gpacalculator.net/admission/husson-university-bangor-maine/	
https://gpacalculator.net/admission/virginia-college-in-charleston/	
https://gpacalculator.net/admission/kansas-city-university-of-medicine-and-biosciences/	
https://gpacalculator.net/admission/anderson-university-in/	
https://gpacalculator.net/admission/devry-unis-keller-graduate-school-of-management-illinois/	
https://gpacalculator.net/admission/long-island-university-westchester-campus/	
https://gpacalculator.net/admission/the-university-of-west-los-angeles/	
https://gpacalculator.net/admission/university-of-medicine-and-dentistry-of-new-jersey/	
https://gpacalculator.net/admission/university-system-of-maryland-research-centers/	
https://gpacalculator.net/admission/the-dickinson-school-of-law-of-the-pennsylvania-state-university/	
https://gpacalculator.net/admission/argosy-university-san-diego/	
https://gpacalculator.net/admission/devry-unis-keller-graduate-school-of-management-oregon/	
https://gpacalculator.net/admission/southern-california-university-soma/	
https://gpacalculator.net/admission/antioch-uni-phd-program-in-leadership-and-change/	
https://gpacalculator.net/admission/devry-universitys-keller-graduate-school-of-management-ohio/	
https://gpacalculator.net/admission/strayer-university-florida/	
https://gpacalculator.net/admission/university-of-massachusetts-medical-school-worcester/	
https://gpacalculator.net/admission/antioch-university-system-administration/	
https://gpacalculator.net/admission/devry-unis-keller-graduate-school-of-management-new-jersey/	
https://gpacalculator.net/admission/south-university-columbia/	
https://gpacalculator.net/admission/central-methodist-university-college-of-graduate-and-extended-studies/	
https://gpacalculator.net/admission/devry-universitys-keller-graduate-school-of-management-missouri/	
https://gpacalculator.net/admission/south-university-novi/	
https://gpacalculator.net/admission/south-university-savannah-online/	
https://gpacalculator.net/admission/university-of-phoenix-lafayette-campus/	
https://gpacalculator.net/admission/omaha-school-of-massage-and-healthcare-of-herzing-university/	
https://gpacalculator.net/admission/strayer-university-kentucky/	
https://gpacalculator.net/admission/strayer-university-utah/	
https://gpacalculator.net/admission/devry-unis-keller-graduate-school-of-management-utah/	
https://gpacalculator.net/admission/argosy-university-sarasota/	
https://gpacalculator.net/admission/devry-universitys-keller-graduate-school-of-management-virginia/	
https://gpacalculator.net/admission/globe-university-green-bay/	
https://gpacalculator.net/admission/strayer-university-tennessee/	
https://gpacalculator.net/admission/the-kings-college/	
https://gpacalculator.net/admission/devry-unis-keller-graduate-school-of-management-ohio/	
https://gpacalculator.net/admission/strayer-university-virginia/	
https://gpacalculator.net/admission/uni-of-medicine-and-dentistry-of-new-jersey/	
https://gpacalculator.net/admission/university-of-phoenix-hawaii-campus/	
https://gpacalculator.net/admission/louisiana-state-university-health-sciences-center-new-orleans/	
https://gpacalculator.net/admission/the-uni-of-texas-health-science-center-at-houston/	
https://gpacalculator.net/admission/argosy-university-salt-lake-city/	
https://gpacalculator.net/admission/devry-unis-keller-graduate-school-of-management-kentucky/	
https://gpacalculator.net/admission/argosy-university-inland-empire/	
https://gpacalculator.net/admission/south-university-the-art-institute-of-fort-worth/	
https://gpacalculator.net/admission/argosy-university-dallas/	
https://gpacalculator.net/admission/everest-university-brandon/	
https://gpacalculator.net/admission/the-university-of-the-arts/	
https://gpacalculator.net/admission/uni-of-massachusetts-medical-school-worcester/	
https://gpacalculator.net/admission/university-of-alaska-system-of-higher-education/	
https://gpacalculator.net/admission/devry-unis-keller-graduate-school-of-management-florida/	
https://gpacalculator.net/admission/south-university%CB%86savannah-online/	
https://gpacalculator.net/admission/south-university-accelerated-graduate-programs/	
https://gpacalculator.net/admission/university-system-of-new-hampshire-system-office/	
https://gpacalculator.net/admission/cossatot-community-college-of-the-uni-of-arkansas/	
https://gpacalculator.net/admission/strayer-university-west-virginia/	
https://gpacalculator.net/admission/globe-university-eau-claire/	
https://gpacalculator.net/admission/phillips-community-college-of-the-uni-of-arkansas/	
https://gpacalculator.net/admission/uni-of-arkansas-community-college-morrilton/	
https://gpacalculator.net/admission/strayer-university-maryland/	
https://gpacalculator.net/admission/strayer-university-mississippi/	
https://gpacalculator.net/admission/ellis-university/	
https://gpacalculator.net/admission/luther-rice-university-seminary/	
https://gpacalculator.net/admission/university-of-oklahoma-health-sciences-center/	
https://gpacalculator.net/admission/prairie-view-a-and-m-university/	
https://gpacalculator.net/admission/southern-wesleyan-university/	https://gpacalculator.net/admissions/southern-wesleyan/
https://gpacalculator.net/admission/morrison-university/	
https://gpacalculator.net/admission/devry-universitys-keller-graduate-school-of-management-colorado/	
https://gpacalculator.net/admission/everest-university-tampa/	
https://gpacalculator.net/admission/louisiana-state-university-system-office/	
https://gpacalculator.net/admission/southern-illinois-university-system-office/	
https://gpacalculator.net/admission/strayer-university-ohio/	
https://gpacalculator.net/admission/globe-university-woodbury/	
https://gpacalculator.net/admission/kansas-city-uni-of-medicine-and-biosciences/	
https://gpacalculator.net/admission/liu-hudson-at-rockland/	
https://gpacalculator.net/admission/pennsylvania-state-uni-penn-state-worthington-scranton/	
https://gpacalculator.net/admission/university-of-missouri-systems-office/	
https://gpacalculator.net/admission/colorado-heights-university/	
https://gpacalculator.net/admission/strayer-university-new-jersey/	
https://gpacalculator.net/admission/richland-college/	
https://gpacalculator.net/admission/texas-a-and-m-university-galveston/	
https://gpacalculator.net/admission/the-boston-conservatory/	
https://gpacalculator.net/admission/purdue-university-calumet-campus/	
https://gpacalculator.net/admission/shorter-uni-college-of-adult-professional-programs/	
https://gpacalculator.net/admission/devry-universitys-keller-graduate-school-of-management-nevada/	
https://gpacalculator.net/admission/new-layout-test-page/	
https://gpacalculator.net/admission/dowling-college/	
https://gpacalculator.net/admission/fashion-institute-of-design-and-merchandising-orange-county/	
https://gpacalculator.net/admission/american-intercontinental-uni-south-florida/	
https://gpacalculator.net/admission/globe-university-madison-east/	
https://gpacalculator.net/admission/northwestern-college-il/	
https://gpacalculator.net/admission/st-luke-university/	
https://gpacalculator.net/admission/strayer-university-alabama/	
https://gpacalculator.net/admission/texas-a-and-m-university-corpus-christi/	
https://gpacalculator.net/admission/brookhaven-college/	
https://gpacalculator.net/admission/strayer-university-delaware/	
https://gpacalculator.net/admission/university-of-arkansas-system-office/	
https://gpacalculator.net/admission/university-of-the-rockies/	
https://gpacalculator.net/admission/concordia-college-new-york/	
https://gpacalculator.net/admission/wells-college/	
https://gpacalculator.net/admission/globe-university-sioux-falls/	
https://gpacalculator.net/admission/oklahoma-state-uni-institute-of-technology-okmulgee/	
https://gpacalculator.net/admission/becker-college/	
https://gpacalculator.net/admission/bethel-university-3/	
https://gpacalculator.net/admission/devry-universitys-keller-graduate-school-of-management-arizona/	
https://gpacalculator.net/admission/johnson-and-wales-university-providence/	
https://gpacalculator.net/admission/globe-university%CB%86green-bay/	
https://gpacalculator.net/admission/university-of-phoenix-shreveport-bossier-campus/	
https://gpacalculator.net/admission/cornish-college-of-the-arts/	
https://gpacalculator.net/admission/argosy-university-phoenix/	
https://gpacalculator.net/admission/devry-universitys-keller-graduate-school-of-management-oregon/	
https://gpacalculator.net/admission/polytechnic-uni-of-puerto-rico-miami-campus/	
https://gpacalculator.net/admission/south-university-montgomery/	
https://gpacalculator.net/admission/university-of-nebraska-central-administration-system-office/	
https://gpacalculator.net/admission/alabama-a-and-m-university/	
https://gpacalculator.net/admission/saint-augustine-college/	
https://gpacalculator.net/admission/texas-a-and-m-university-kingsville/	
https://gpacalculator.net/admission/ashland-uni-dwight-schar-college-of-nursing/	
https://gpacalculator.net/admission/devry-unis-keller-graduate-school-of-management-california/	
https://gpacalculator.net/admission/devry-unis-keller-graduate-school-of-management-wisconsin/	
https://gpacalculator.net/admission/high-school-gpa-guide/	
https://gpacalculator.net/admission/long-island-university-brentwood-campus/	
https://gpacalculator.net/admission/louisiana-state-uni-health-sciences-center-shreveport/	
https://gpacalculator.net/admission/pennsylvania-state-uni-penn-state-new-kensington/	
https://gpacalculator.net/admission/salus-university/	
https://gpacalculator.net/admission/johnson-and-wales-university-charlotte/	
https://gpacalculator.net/admission/brandman-university/	
https://gpacalculator.net/admission/globe-university-la-crosse/	
https://gpacalculator.net/admission/louisiana-state-uni-and-agricultural-mechanical-college/	
https://gpacalculator.net/admission/university-of-hawaii-system-office/	
https://gpacalculator.net/admission/university-of-phoenix-detroit-campus/	
https://gpacalculator.net/admission/the-college-of-saint-rose/	
https://gpacalculator.net/admission/national-american-uni-colorado-springs-south/	
https://gpacalculator.net/admission/western-state-university-college-of-law-argosy/	
https://gpacalculator.net/admission/fashion-institute-of-design-and-merchandising-san-diego/	
https://gpacalculator.net/admission/north-georgia-college-and-state-university/	
https://gpacalculator.net/admission/texas-a-and-m-university-texarkana/	
https://gpacalculator.net/admission/argosy-university-los-angeles/	
https://gpacalculator.net/admission/devry-unis-keller-graduate-school-of-management-arizona/	
https://gpacalculator.net/admission/devry-unis-keller-graduate-school-of-management-virginia/	
https://gpacalculator.net/admission/globe-university-madison-west/	
https://gpacalculator.net/admission/birmingham-southern-college/	
https://gpacalculator.net/admission/brown-mackie-college-akron/	
https://gpacalculator.net/admission/cedar-valley-college/	
https://gpacalculator.net/admission/minnesota-school-of-business-blaine/	
https://gpacalculator.net/admission/triangle-tech-inc-dubois/	
https://gpacalculator.net/admission/devry-universitys-keller-graduate-school-of-management-tennessee/	
https://gpacalculator.net/admission/globe-university-appleton/	
https://gpacalculator.net/admission/uni-of-nebraska-central-administration-system-office/	
https://gpacalculator.net/admission/florida-career-college-miami/	
https://gpacalculator.net/admission/marlboro-college/	
https://gpacalculator.net/admission/the-college-of-new-rochelle/	
https://gpacalculator.net/admission/devry-universitys-keller-graduate-school-of-management-california/	
https://gpacalculator.net/admission/independence-university/	
https://gpacalculator.net/admission/louisiana-state-university-health-sciences-center-shreveport/	
https://gpacalculator.net/admission/philadelphia-biblical-university-langhorne/	
https://gpacalculator.net/admission/strayer-university-arkansas/	
https://gpacalculator.net/admission/the-university-of-texas-system-office/	
https://gpacalculator.net/admission/university-of-louisiana-system-administration/	
https://gpacalculator.net/admission/brown-mackie-college-cincinnati/	
https://gpacalculator.net/admission/eastfield-college/	
https://gpacalculator.net/admission/macon-state-college/	
https://gpacalculator.net/admission/middle-georgia-technical-college/	
https://gpacalculator.net/admission/south-georgia-college/	
https://gpacalculator.net/admission/north-lake-college/	
https://gpacalculator.net/admission/devry-universitys-keller-graduate-school-of-management-kentucky/	
https://gpacalculator.net/admission/devry-universitys-keller-graduate-school-of-management-texas/	
https://gpacalculator.net/admission/georgia-health-sciences-university/	
https://gpacalculator.net/admission/national-american-uni-ellsworth-afb-extension/	
https://gpacalculator.net/admission/pennsylvania-state-university-college-of-medicine/	
https://gpacalculator.net/admission/university-of-colorado-system-office/	
https://gpacalculator.net/admission/cazenovia-college/	
https://gpacalculator.net/admission/newbury-college-brookline/	
https://gpacalculator.net/admission/nyack-college/	
https://gpacalculator.net/admission/paier-college-of-art-inc/	
https://gpacalculator.net/admission/pittsburgh-technical-institute/	
https://gpacalculator.net/admission/wheelock-college/	
https://gpacalculator.net/admission/argosy-university-orange-county/	
https://gpacalculator.net/admission/devry-unis-keller-graduate-school-of-management-georgia/	
https://gpacalculator.net/admission/devry-universitys-keller-graduate-school-of-management-pennsylvania/	
https://gpacalculator.net/admission/south-university%CB%86richmond/	
https://gpacalculator.net/admission/trine-uni-regionalnon-traditional-campuses/	
https://gpacalculator.net/admission/university-of-phoenix-knoxville-campus/	
https://gpacalculator.net/admission/american-academy-of-dramatic-arts-los-angeles/	
https://gpacalculator.net/admission/armstrong-state-university/	
https://gpacalculator.net/admission/baptist-bible-college-and-seminary/	
https://gpacalculator.net/admission/brown-mackie-college-miami/	
https://gpacalculator.net/admission/florida-christian-college/	
https://gpacalculator.net/admission/limestone-college/	
https://gpacalculator.net/admission/minnesota-school-of-business-richfield/	
https://gpacalculator.net/admission/minnesota-school-of-business-shakopee/	
https://gpacalculator.net/admission/mount-ida-college/	
https://gpacalculator.net/admission/the-new-england-institute-of-art/	
https://gpacalculator.net/admission/triangle-tech-inc-greensburg/	
https://gpacalculator.net/admission/triangle-tech-inc-sunbury/	
https://gpacalculator.net/admission/virginia-college-sc/	
https://gpacalculator.net/admission/argosy-university-chicago/	
https://gpacalculator.net/admission/argosy-university-tampa/	
https://gpacalculator.net/admission/everest-university-south-orlando/	
https://gpacalculator.net/admission/louisiana-state-uni-health-sciences-center-new-orleans/	
https://gpacalculator.net/admission/brown-mackie-college-albuquerque/	
https://gpacalculator.net/admission/brown-mackie-college-merrillville/	
https://gpacalculator.net/admission/brown-mackie-college-north-canton/	
https://gpacalculator.net/admission/goddard-college/	
https://gpacalculator.net/admission/harrison-college/	
https://gpacalculator.net/admission/johnson-and-wales-university-denver/	
https://gpacalculator.net/admission/johnson-and-wales-university-north-miami/	
https://gpacalculator.net/admission/minnesota-school-of-business-moorhead/	
https://gpacalculator.net/admission/minnesota-school-of-business-waite-park/	
https://gpacalculator.net/admission/mountain-view-college/	
https://gpacalculator.net/admission/new-england-college-of-business/	
https://gpacalculator.net/admission/northland-college/	
https://gpacalculator.net/admission/southern-vermont-college/	
https://gpacalculator.net/admission/vatterott-college-kansas-city/	
https://gpacalculator.net/admission/vatterott-college-tulsa/	
https://gpacalculator.net/admission/virginia-college-la/	
https://gpacalculator.net/admission/waycross-college/	
https://gpacalculator.net/admission/brown-mackie-college-indianapolis/	
https://gpacalculator.net/admission/california-state-university-chancellors-office/	
https://gpacalculator.net/admission/central-methodist-uni-college-of-graduate-studies/	
https://gpacalculator.net/admission/globe-university%CB%86madison-west/	
https://gpacalculator.net/admission/long-island-university-riverhead-campus/	
https://gpacalculator.net/admission/omaha-school-of-massage-and-healthcare-of-herzing-uni/	
https://gpacalculator.net/admission/university-of-massachusetts-central-office/	
https://gpacalculator.net/admission/university-of-missouri-system-office/	
https://gpacalculator.net/admission/brown-mackie-college-atlanta/	
https://gpacalculator.net/admission/brown-mackie-college-fort-wayne/	
https://gpacalculator.net/admission/brown-mackie-college-kansas-city/	
https://gpacalculator.net/admission/brown-mackie-college-louisville/	
https://gpacalculator.net/admission/brown-mackie-college-michigan-city/	
https://gpacalculator.net/admission/brown-mackie-college-quad-cities/	
https://gpacalculator.net/admission/harrison-college-elkhart/	
https://gpacalculator.net/admission/harrison-college-evansville/	
https://gpacalculator.net/admission/island-drafting-and-technical-institute/	
https://gpacalculator.net/admission/minnesota-school-of-business-lakeville/	
https://gpacalculator.net/admission/minnesota-school-of-business-plymouth/	
https://gpacalculator.net/admission/non-traditional-campuses/	
https://gpacalculator.net/admission/northwestern-college-southwestern-campus/	
https://gpacalculator.net/admission/ohio-business-college-sandusky/	
https://gpacalculator.net/admission/stevens-henager-college-murray/	
https://gpacalculator.net/admission/texas-a-and-m-university-commerce/	
https://gpacalculator.net/admission/triangle-tech-inc-bethlehem/	
https://gpacalculator.net/admission/triangle-tech-inc-erie/	
https://gpacalculator.net/admission/triangle-tech-inc-pittsburgh/	
https://gpacalculator.net/admission/vatterott-college-berkeley/	
https://gpacalculator.net/admission/vatterott-college-saint-joseph/	
https://gpacalculator.net/admission/vatterott-college-springfield/	
https://gpacalculator.net/admission/vatterott-college-sunset-hills/	
https://gpacalculator.net/admission/vatterott-college-wichita/	
https://gpacalculator.net/admission/virginia-college-biloxi/	
https://gpacalculator.net/admission/virginia-college-birmingham/	
https://gpacalculator.net/admission/virginia-college-jacksonville/	
https://gpacalculator.net/admission/virginia-college-montgomery/	
https://gpacalculator.net/admission/antioch-university-midwest/	
https://gpacalculator.net/admission/central-methodist-uni-college-of-liberal-arts-sciences/	
https://gpacalculator.net/admission/devry-unis-keller-graduate-school-of-management-nevada/	
https://gpacalculator.net/admission/devry-universitys-keller-graduate-school-of-management-washington/	
https://gpacalculator.net/admission/everest-university-melbourne/	
https://gpacalculator.net/admission/everest-university-pompano-beach/	
https://gpacalculator.net/admission/the-uni-of-texas-health-science-center-at-san-antonio/	
https://gpacalculator.net/admission/bay-state-college/	
https://gpacalculator.net/admission/brown-mackie-college-birmingham/	
https://gpacalculator.net/admission/brown-mackie-college-findlay/	
https://gpacalculator.net/admission/brown-mackie-college-salina/	
https://gpacalculator.net/admission/brown-mackie-college-san-antonio/	
https://gpacalculator.net/admission/brown-mackie-college-tucson/	
https://gpacalculator.net/admission/brown-mackie-college-tulsa/	
https://gpacalculator.net/admission/career-point-college-ok/	
https://gpacalculator.net/admission/eastern-gateway-community-college/	
https://gpacalculator.net/admission/globe-institute-of-technology/	
https://gpacalculator.net/admission/green-mountain-college/	
https://gpacalculator.net/admission/harrison-college-columbus/	
https://gpacalculator.net/admission/harrison-college-indianapolis-east/	
https://gpacalculator.net/admission/harrison-college-lafayette/	
https://gpacalculator.net/admission/harrison-college-terre-haute/	
https://gpacalculator.net/admission/keiser-career-college-jacksonville/	
https://gpacalculator.net/admission/lecole-culinaire-mo/	
https://gpacalculator.net/admission/long-island-business-institute/	
https://gpacalculator.net/admission/middle-georgia-college/	
https://gpacalculator.net/admission/minnesota-school-of-business-rochester/	
https://gpacalculator.net/admission/stevens-henager-college-of-business-provo/	
https://gpacalculator.net/admission/stevens-henager-college-ogden/	
https://gpacalculator.net/admission/stevens-henager-college/	
https://gpacalculator.net/admission/vatterott-college-des-moines/	
https://gpacalculator.net/admission/vatterott-college-joplin/	
https://gpacalculator.net/admission/vatterott-college-quincy/	
https://gpacalculator.net/admission/virginia-college-augusta/	
https://gpacalculator.net/admission/virginia-college-austin/	
https://gpacalculator.net/admission/virginia-college-mobile/	
https://gpacalculator.net/admission/virginia-college-va/	
