sitemap,url,lastmod
post-sitemap.xml,https://gpacalculator.net/good-grades/how-to-avoid-senior-slide/,2026-09-14T21:07:11+00:00
post-sitemap.xml,https://gpacalculator.net/college-advice/high-school-gpa-guide/,2024-04-29T23:37:03+00:00
post-sitemap.xml,https://gpacalculator.net/good-grades/boosting-college-gpa/,2024-04-29T23:34:31+00:00
post-sitemap.xml,https://gpacalculator.net/good-grades/improve-gpa-semester/,2024-04-29T23:28:18+00:00
post-sitemap.xml,https://gpacalculator.net/good-grades/mastering-gpa-calculations-a-students-guide/,2024-04-29T23:26:54+00:00
post-sitemap.xml,https://gpacalculator.net/good-grades/ways-to-save-on-tuition/,2023-01-18T05:38:43+00:00
post-sitemap.xml,https://gpacalculator.net/good-grades/gpa-vs-course-rigor/,2023-01-18T05:37:43+00:00
post-sitemap.xml,https://gpacalculator.net/good-grades/balancing-a-high-gpa-and-challenging-coursework/,2023-01-18T05:37:24+00:00
post-sitemap.xml,https://gpacalculator.net/good-grades/top-10-college-admission-myths/,2023-01-18T05:37:16+00:00
post-sitemap.xml,https://gpacalculator.net/good-grades/how-to-form-your-own-college-study-team/,2013-04-12T07:31:58+00:00
post-sitemap.xml,https://gpacalculator.net/good-grades/how-to-get-the-most-out-of-your-college-education/,2013-01-13T02:02:34+00:00
post-sitemap.xml,https://gpacalculator.net/good-grades/why-every-college-student-should-understand-business-fundamentals/,2012-12-31T01:55:16+00:00
post-sitemap.xml,https://gpacalculator.net/good-grades/should-you-hire-a-tutor/,2012-12-24T04:08:36+00:00
post-sitemap.xml,https://gpacalculator.net/good-grades/5-cool-ways-to-make-money-between-classes/,2012-12-24T02:55:03+00:00
post-sitemap.xml,https://gpacalculator.net/good-grades/study-habits-for-academic-success/,2012-12-03T04:36:55+00:00
post-sitemap.xml,https://gpacalculator.net/good-grades/how-important-is-your-gpa/,2012-11-27T08:02:07+00:00
post-sitemap.xml,https://gpacalculator.net/good-grades/finding-your-dream-job/,2012-11-15T06:07:06+00:00
post-sitemap.xml,https://gpacalculator.net/good-grades/are-online-classes-for-you/,2012-11-10T05:02:48+00:00
post-sitemap.xml,https://gpacalculator.net/good-grades/college-education-with-average-gpa/,2012-11-05T05:03:26+00:00
post-sitemap.xml,https://gpacalculator.net/good-grades/tips-for-maintaining-high-gpa/,2012-10-31T04:57:57+00:00
post-sitemap.xml,https://gpacalculator.net/good-grades/volunteering-and-your-gpa/,2012-10-26T04:51:00+00:00
post-sitemap.xml,https://gpacalculator.net/good-grades/how-to-choose-your-college-major/,2012-10-05T05:50:40+00:00
post-sitemap.xml,https://gpacalculator.net/good-grades/does-a-perfect-gpa-guarantee-success/,2012-10-25T05:33:15+00:00
post-sitemap.xml,https://gpacalculator.net/good-grades/good-grade-pill/,2012-09-27T04:04:15+00:00
post-sitemap.xml,https://gpacalculator.net/good-grades/get-into-your-dream-college-without-a-high-gpa/,2012-09-27T01:44:00+00:00
post-sitemap.xml,https://gpacalculator.net/good-grades/how-raising-your-gpa-can-put-cash-in-your-pocket/,2012-10-02T01:35:22+00:00
post-sitemap.xml,https://gpacalculator.net/good-grades/how-to-apply-to-grad-school-with-low-gpa/,2012-09-14T02:15:37+00:00
post-sitemap.xml,https://gpacalculator.net/good-grades/what-are-good-grades-really-worth/,2012-08-29T05:41:25+00:00
page-sitemap.xml,https://gpacalculator.net/,2026-10-01T05:07:57+00:00
page-sitemap.xml,https://gpacalculator.net/middle-school-gpa-calculator/,2026-10-03T03:29:53+00:00
page-sitemap.xml,https://gpacalculator.net/grade-calculator/,2026-10-03T03:29:51+00:00
page-sitemap.xml,https://gpacalculator.net/high-school-gpa-calculator/,2026-10-03T03:29:49+00:00
page-sitemap.xml,https://gpacalculator.net/college-gpa-calculator/ucla-gpa-calculator/,2026-10-03T02:40:46+00:00
page-sitemap.xml,https://gpacalculator.net/college-gpa-calculator/,2026-10-02T19:48:25+00:00
page-sitemap.xml,https://gpacalculator.net/gpa-scale/1-0-gpa/,2026-10-01T21:03:44+00:00
page-sitemap.xml,https://gpacalculator.net/gpa-scale/1-1-gpa/,2026-10-01T21:03:43+00:00
page-sitemap.xml,https://gpacalculator.net/gpa-scale/1-2-gpa/,2026-10-01T21:03:42+00:00
page-sitemap.xml,https://gpacalculator.net/gpa-scale/1-3-gpa/,2026-10-01T21:03:42+00:00
page-sitemap.xml,https://gpacalculator.net/gpa-scale/1-4-gpa/,2026-10-01T21:03:42+00:00
page-sitemap.xml,https://gpacalculator.net/gpa-scale/1-5-gpa/,2026-10-01T21:03:41+00:00
page-sitemap.xml,https://gpacalculator.net/gpa-scale/1-6-gpa/,2026-10-01T21:03:40+00:00
page-sitemap.xml,https://gpacalculator.net/gpa-scale/1-7-gpa/,2026-10-01T21:03:39+00:00
page-sitemap.xml,https://gpacalculator.net/gpa-scale/1-8-gpa/,2026-10-01T21:03:39+00:00
page-sitemap.xml,https://gpacalculator.net/gpa-scale/1-9-gpa/,2026-10-01T21:03:38+00:00
page-sitemap.xml,https://gpacalculator.net/gpa-scale/2-0-gpa/,2026-10-01T21:03:38+00:00
page-sitemap.xml,https://gpacalculator.net/gpa-scale/2-1-gpa/,2026-10-01T21:03:37+00:00
page-sitemap.xml,https://gpacalculator.net/gpa-scale/2-2-gpa/,2026-10-01T21:03:36+00:00
page-sitemap.xml,https://gpacalculator.net/gpa-scale/2-3-gpa/,2026-10-01T21:03:36+00:00
page-sitemap.xml,https://gpacalculator.net/gpa-scale/2-4-gpa/,2026-10-01T21:03:35+00:00
page-sitemap.xml,https://gpacalculator.net/gpa-scale/2-5-gpa/,2026-10-01T21:03:35+00:00
page-sitemap.xml,https://gpacalculator.net/gpa-scale/2-6-gpa/,2026-10-01T21:03:34+00:00
page-sitemap.xml,https://gpacalculator.net/gpa-scale/2-7-gpa/,2026-10-01T21:03:34+00:00
page-sitemap.xml,https://gpacalculator.net/gpa-scale/2-8-gpa/,2026-10-01T21:03:33+00:00
page-sitemap.xml,https://gpacalculator.net/gpa-scale/2-9-gpa/,2026-10-01T21:03:33+00:00
page-sitemap.xml,https://gpacalculator.net/gpa-scale/3-0-gpa/,2026-10-01T21:03:32+00:00
page-sitemap.xml,https://gpacalculator.net/gpa-scale/3-1-gpa/,2026-10-01T21:03:32+00:00
page-sitemap.xml,https://gpacalculator.net/gpa-scale/3-2-gpa/,2026-10-01T21:03:32+00:00
page-sitemap.xml,https://gpacalculator.net/gpa-scale/3-3-gpa/,2026-10-01T21:03:31+00:00
page-sitemap.xml,https://gpacalculator.net/gpa-scale/3-4-gpa/,2026-10-01T21:03:30+00:00
page-sitemap.xml,https://gpacalculator.net/gpa-scale/3-5-gpa/,2026-10-01T21:03:30+00:00
page-sitemap.xml,https://gpacalculator.net/gpa-scale/3-6-gpa/,2026-10-01T21:03:29+00:00
page-sitemap.xml,https://gpacalculator.net/gpa-scale/3-7-gpa/,2026-10-01T21:03:29+00:00
page-sitemap.xml,https://gpacalculator.net/gpa-scale/3-8-gpa/,2026-10-01T21:03:28+00:00
page-sitemap.xml,https://gpacalculator.net/gpa-scale/3-9-gpa/,2026-10-01T21:03:28+00:00
page-sitemap.xml,https://gpacalculator.net/gpa-scale/4-0-gpa/,2026-10-01T21:03:27+00:00
page-sitemap.xml,https://gpacalculator.net/gpa-scale/,2026-10-01T20:44:33+00:00
page-sitemap.xml,https://gpacalculator.net/how-to-raise-gpa/,2026-10-01T07:43:02+00:00
page-sitemap.xml,https://gpacalculator.net/semester-grade-calculator/,2026-10-01T07:38:27+00:00
page-sitemap.xml,https://gpacalculator.net/weighted-grade-calculator/,2026-10-01T07:37:51+00:00
page-sitemap.xml,https://gpacalculator.net/final-grade-calculator/,2026-10-01T07:36:45+00:00
page-sitemap.xml,https://gpacalculator.net/college-gpa-calculator/uw-gpa-calculator/,2026-09-30T02:12:32+00:00
page-sitemap.xml,https://gpacalculator.net/college-gpa-calculator/mit-gpa-calculator/,2026-09-29T19:31:39+00:00
page-sitemap.xml,https://gpacalculator.net/college-gpa-calculator/stanford-gpa-calculator/,2026-09-29T19:29:20+00:00
page-sitemap.xml,https://gpacalculator.net/college-gpa-calculator/harvard/,2026-09-29T19:18:52+00:00
page-sitemap.xml,https://gpacalculator.net/college-gpa-calculator/princeton-gpa-calculator/,2026-09-29T19:13:46+00:00
page-sitemap.xml,https://gpacalculator.net/college-gpa-calculator/caltech-gpa-calculator/,2026-09-29T19:10:58+00:00
page-sitemap.xml,https://gpacalculator.net/college-gpa-calculator/yale-gpa-calculator/,2026-09-29T19:07:01+00:00
page-sitemap.xml,https://gpacalculator.net/college-gpa-calculator/uchicago-gpa-calculator/,2026-09-29T19:03:17+00:00
page-sitemap.xml,https://gpacalculator.net/college-gpa-calculator/columbia-gpa-calculator/,2026-09-29T19:00:59+00:00
page-sitemap.xml,https://gpacalculator.net/college-gpa-calculator/upenn-gpa-calculator/,2026-09-29T18:59:08+00:00
page-sitemap.xml,https://gpacalculator.net/college-gpa-calculator/uc-berkeley-gpa-calculator/,2026-09-29T18:56:50+00:00
page-sitemap.xml,https://gpacalculator.net/college-gpa-calculator/ohio-state-gpa-calculator/,2026-09-29T18:54:50+00:00
page-sitemap.xml,https://gpacalculator.net/college-gpa-calculator/cornell-gpa-calculator/,2026-09-29T18:51:34+00:00
page-sitemap.xml,https://gpacalculator.net/college-gpa-calculator/jhu-gpa-calculator/,2026-09-29T18:49:19+00:00
page-sitemap.xml,https://gpacalculator.net/college-gpa-calculator/northwestern-gpa-calculator/,2026-09-29T18:44:59+00:00
page-sitemap.xml,https://gpacalculator.net/college-gpa-calculator/umich-gpa-calculator/,2026-09-29T18:42:05+00:00
page-sitemap.xml,https://gpacalculator.net/college-gpa-calculator/duke-gpa-calculator/,2026-09-29T18:38:29+00:00
page-sitemap.xml,https://gpacalculator.net/college-gpa-calculator/dartmouth-gpa-calculator/,2026-09-29T18:32:49+00:00
page-sitemap.xml,https://gpacalculator.net/college-gpa-calculator/vanderbilt-gpa-calculator/,2026-09-29T18:23:23+00:00
page-sitemap.xml,https://gpacalculator.net/college-gpa-calculator/ucsd-gpa-calculator/,2026-09-29T18:17:58+00:00
page-sitemap.xml,https://gpacalculator.net/college-gpa-calculator/usc-gpa-calculator/,2026-09-29T18:15:44+00:00
page-sitemap.xml,https://gpacalculator.net/college-gpa-calculator/uc-davis-gpa-calculator/,2026-09-29T16:02:34+00:00
page-sitemap.xml,https://gpacalculator.net/college-gpa-calculator/ut-austin-gpa-calculator/,2026-09-29T15:58:38+00:00
page-sitemap.xml,https://gpacalculator.net/college-gpa-calculator/uw-madison-gpa-calculator/,2026-09-29T15:52:34+00:00
page-sitemap.xml,https://gpacalculator.net/college-gpa-calculator/uiuc-gpa-calculator/,2026-09-29T15:50:24+00:00
page-sitemap.xml,https://gpacalculator.net/college-gpa-calculator/unc-gpa-calculator/,2026-09-29T15:47:35+00:00
page-sitemap.xml,https://gpacalculator.net/college-gpa-calculator/ucsb-gpa-calculator/,2026-09-29T15:44:54+00:00
page-sitemap.xml,https://gpacalculator.net/college-gpa-calculator/georgia-tech-gpa-calculator/,2026-09-29T15:42:25+00:00
page-sitemap.xml,https://gpacalculator.net/college-gpa-calculator/nyu-gpa-calculator/,2026-09-29T15:39:09+00:00
page-sitemap.xml,https://gpacalculator.net/college-gpa-calculator/uci-gpa-calculator/,2026-09-29T15:37:08+00:00
page-sitemap.xml,https://gpacalculator.net/college-gpa-calculator/uf-gpa-calculator/,2026-09-29T15:33:44+00:00
page-sitemap.xml,https://gpacalculator.net/college-gpa-calculator/uva-gpa-calculator/,2026-09-29T15:30:57+00:00
page-sitemap.xml,https://gpacalculator.net/college-gpa-calculator/cmu-gpa-calculator/,2026-09-29T15:25:53+00:00
page-sitemap.xml,https://gpacalculator.net/college-gpa-calculator/purdue-gpa-calculator/,2026-09-29T15:22:27+00:00
page-sitemap.xml,https://gpacalculator.net/college-gpa-calculator/umn-gpa-calculator/,2026-09-29T15:20:26+00:00
page-sitemap.xml,https://gpacalculator.net/college-gpa-calculator/umd-gpa-calculator/,2026-09-29T15:15:15+00:00
page-sitemap.xml,https://gpacalculator.net/college-gpa-calculator/pitt-gpa-calculator/,2026-09-29T15:13:14+00:00
page-sitemap.xml,https://gpacalculator.net/college-gpa-calculator/rice-gpa-calculator/,2026-09-29T15:06:55+00:00
page-sitemap.xml,https://gpacalculator.net/college-gpa-calculator/texas-am-gpa-calculator/,2026-09-29T15:04:36+00:00
page-sitemap.xml,https://gpacalculator.net/college-gpa-calculator/msu-gpa-calculator/,2026-09-29T15:01:06+00:00
page-sitemap.xml,https://gpacalculator.net/college-gpa-calculator/cu-boulder-gpa-calculator/,2026-09-29T14:58:40+00:00
page-sitemap.xml,https://gpacalculator.net/college-gpa-calculator/uiowa-gpa-calculator/,2026-09-29T14:55:50+00:00
page-sitemap.xml,https://gpacalculator.net/college-gpa-calculator/iu-gpa-calculator/,2026-09-29T14:53:25+00:00
page-sitemap.xml,https://gpacalculator.net/college-gpa-calculator/umass-amherst-gpa-calculator/,2026-09-29T14:50:01+00:00
page-sitemap.xml,https://gpacalculator.net/college-gpa-calculator/uga-gpa-calculator/,2026-09-29T14:41:53+00:00
page-sitemap.xml,https://gpacalculator.net/college-gpa-calculator/alabama-gpa-calculator/,2026-09-29T14:36:46+00:00
page-sitemap.xml,https://gpacalculator.net/college-gpa-calculator/penn-state-gpa-calculator/,2026-09-29T14:34:14+00:00
page-sitemap.xml,https://gpacalculator.net/college-gpa-calculator/utah-gpa-calculator/,2026-09-29T14:26:29+00:00
page-sitemap.xml,https://gpacalculator.net/college-gpa-calculator/uconn-gpa-calculator/,2026-09-29T14:23:50+00:00
page-sitemap.xml,https://gpacalculator.net/college-gpa-calculator/udel-gpa-calculator/,2026-09-29T14:15:21+00:00
page-sitemap.xml,https://gpacalculator.net/college-gpa-calculator/ku-gpa-calculator/,2026-09-29T13:34:56+00:00
page-sitemap.xml,https://gpacalculator.net/college-gpa-calculator/mizzou-gpa-calculator/,2026-09-29T13:32:05+00:00
page-sitemap.xml,https://gpacalculator.net/college-gpa-calculator/utk-gpa-calculator/,2026-09-29T13:27:02+00:00
page-sitemap.xml,https://gpacalculator.net/college-gpa-calculator/unl-gpa-calculator/,2026-09-29T13:24:12+00:00
page-sitemap.xml,https://gpacalculator.net/college-gpa-calculator/uo-gpa-calculator/,2026-09-29T13:19:56+00:00
page-sitemap.xml,https://gpacalculator.net/college-gpa-calculator/ou-gpa-calculator/,2026-09-29T11:37:57+00:00
page-sitemap.xml,https://gpacalculator.net/college-gpa-calculator/fsu-gpa-calculator/,2026-09-29T11:32:35+00:00
page-sitemap.xml,https://gpacalculator.net/college-gpa-calculator/university-of-miami-gpa-calculator/,2026-09-29T11:30:26+00:00
page-sitemap.xml,https://gpacalculator.net/college-gpa-calculator/rutgers-gpa-calculator/,2026-09-29T11:26:54+00:00
page-sitemap.xml,https://gpacalculator.net/college-gpa-calculator/kentucky-gpa-calculator/,2026-09-29T11:22:47+00:00
page-sitemap.xml,https://gpacalculator.net/college-gpa-calculator/clemson-gpa-calculator/,2026-09-29T11:18:14+00:00
page-sitemap.xml,https://gpacalculator.net/college-gpa-calculator/asu-gpa-calculator/,2026-09-29T11:16:05+00:00
page-sitemap.xml,https://gpacalculator.net/college-gpa-calculator/uni-of-houston-gpa-calculator/,2026-09-29T11:08:18+00:00
page-sitemap.xml,https://gpacalculator.net/college-gpa-calculator/iowa-state-gpa-calculator/,2026-09-29T11:05:59+00:00
page-sitemap.xml,https://gpacalculator.net/college-gpa-calculator/uvm-gpa-calculator/,2026-09-29T11:03:24+00:00
page-sitemap.xml,https://gpacalculator.net/college-gpa-calculator/rochester-gpa-calculator/,2026-09-29T11:01:07+00:00
page-sitemap.xml,https://gpacalculator.net/college-gpa-calculator/georgetown-gpa-calculator/,2026-09-29T10:58:14+00:00
page-sitemap.xml,https://gpacalculator.net/college-gpa-calculator/bu-gpa-calculator/,2026-09-29T10:55:54+00:00
page-sitemap.xml,https://gpacalculator.net/college-gpa-calculator/emory-gpa-calculator/,2026-09-29T10:49:38+00:00
page-sitemap.xml,https://gpacalculator.net/college-gpa-calculator/tufts-gpa-calculator/,2026-09-29T10:46:24+00:00
page-sitemap.xml,https://gpacalculator.net/college-gpa-calculator/washu-gpa-calculator/,2026-09-29T10:40:59+00:00
page-sitemap.xml,https://gpacalculator.net/college-gpa-calculator/case-western-gpa-calculator/,2026-09-29T10:36:35+00:00
page-sitemap.xml,https://gpacalculator.net/college-gpa-calculator/notre-dame-gpa-calculator/,2026-09-29T10:30:30+00:00
page-sitemap.xml,https://gpacalculator.net/college-gpa-calculator/northeastern-gpa-calculator/,2026-09-29T10:26:44+00:00
page-sitemap.xml,https://gpacalculator.net/college-gpa-calculator/usd-gpa-calculator/,2026-09-29T10:22:12+00:00
page-sitemap.xml,https://gpacalculator.net/college-gpa-calculator/syracuse-gpa-calculator/,2026-09-29T10:19:08+00:00
page-sitemap.xml,https://gpacalculator.net/college-gpa-calculator/wfu-gpa-calculator/,2026-09-29T10:15:49+00:00
page-sitemap.xml,https://gpacalculator.net/college-gpa-calculator/baylor-gpa-calculator/,2026-09-29T10:10:30+00:00
page-sitemap.xml,https://gpacalculator.net/college-gpa-calculator/tcu-gpa-calculator/,2026-09-29T10:05:07+00:00
page-sitemap.xml,https://gpacalculator.net/college-gpa-calculator/michigan-tech-gpa-calculator/,2026-09-29T10:02:04+00:00
page-sitemap.xml,https://gpacalculator.net/college-gpa-calculator/iit-gpa-calculator/,2026-09-29T09:58:10+00:00
page-sitemap.xml,https://gpacalculator.net/college-gpa-calculator/usf-gpa-calculator/,2026-09-29T09:53:31+00:00
page-sitemap.xml,https://gpacalculator.net/college-gpa-calculator/drexel-gpa-calculator/,2026-09-29T09:47:44+00:00
page-sitemap.xml,https://gpacalculator.net/college-gpa-calculator/marquette-gpa-calculator/,2026-09-29T09:23:50+00:00
page-sitemap.xml,https://gpacalculator.net/college-gpa-calculator/unh-gpa-calculator/,2026-09-29T09:17:59+00:00
page-sitemap.xml,https://gpacalculator.net/college-gpa-calculator/uri-gpa-calculator/,2026-09-29T09:07:57+00:00
page-sitemap.xml,https://gpacalculator.net/college-gpa-calculator/ucf-gpa-calculator/,2026-09-29T08:56:45+00:00
page-sitemap.xml,https://gpacalculator.net/grade-conversion/germany/,2026-09-27T07:54:37+00:00
page-sitemap.xml,https://gpacalculator.net/grade-conversion/,2026-09-27T04:56:47+00:00
page-sitemap.xml,https://gpacalculator.net/grade-conversion/united-kingdom/,2026-09-21T22:52:40+00:00
page-sitemap.xml,https://gpacalculator.net/grade-conversion/india/,2026-09-21T22:52:40+00:00
page-sitemap.xml,https://gpacalculator.net/how-to-calculate-gpa/,2026-09-21T22:52:34+00:00
page-sitemap.xml,https://gpacalculator.net/contact-us/,2026-09-21T22:52:28+00:00
page-sitemap.xml,https://gpacalculator.net/gpa-scale/12-to-4-point-gpa/,2026-09-21T22:49:38+00:00
page-sitemap.xml,https://gpacalculator.net/how-to-calculate-gpa/cumulative-gpa/,2026-09-21T22:49:38+00:00
page-sitemap.xml,https://gpacalculator.net/how-to-calculate-gpa/weighted-gpa/,2026-09-21T22:49:38+00:00
page-sitemap.xml,https://gpacalculator.net/how-to-calculate-gpa/semester-gpa/,2026-09-21T22:49:38+00:00
page-sitemap.xml,https://gpacalculator.net/about-us/,2026-09-21T22:49:38+00:00
page-sitemap.xml,https://gpacalculator.net/college-gpa-calculator/nc-state-gpa-calculator/,2026-09-21T06:02:29+00:00
page-sitemap.xml,https://gpacalculator.net/college-gpa-calculator/brown-gpa-calculator/,2026-09-21T06:01:32+00:00
page-sitemap.xml,https://gpacalculator.net/admissions/,2026-09-20T20:27:41+00:00
page-sitemap.xml,https://gpacalculator.net/pharmacy-school-gpa-calculator/,2026-09-20T16:51:23+00:00
page-sitemap.xml,https://gpacalculator.net/medical-school-gpa-calculator/,2026-09-20T16:45:15+00:00
page-sitemap.xml,https://gpacalculator.net/weighted-gpa-calculator/,2026-09-20T16:36:23+00:00
page-sitemap.xml,https://gpacalculator.net/target-gpa-calculator/,2026-09-20T07:49:14+00:00
page-sitemap.xml,https://gpacalculator.net/course-repeat-gpa-calculator/,2026-09-20T07:49:12+00:00
page-sitemap.xml,https://gpacalculator.net/grade-conversion/canada/,2026-09-20T07:49:10+00:00
page-sitemap.xml,https://gpacalculator.net/ez-grader/,2026-09-20T07:49:07+00:00
page-sitemap.xml,https://gpacalculator.net/sgpa-to-cgpa-conversion-calculator/,2026-09-20T07:49:05+00:00
page-sitemap.xml,https://gpacalculator.net/cumulative-cgpa-calculator/,2026-09-20T07:49:02+00:00
page-sitemap.xml,https://gpacalculator.net/cgpa-to-percentage-calculator/,2026-09-15T01:36:37+00:00
page-sitemap.xml,https://gpacalculator.net/semester-gpa-calculator/,2026-09-15T01:15:59+00:00
page-sitemap.xml,https://gpacalculator.net/gpa-converter/,2026-09-15T01:03:58+00:00
page-sitemap.xml,https://gpacalculator.net/gpa-infographic/,2026-09-08T03:22:12+00:00
page-sitemap.xml,https://gpacalculator.net/privacy-policy/,2026-09-08T03:22:05+00:00
page-sitemap.xml,https://gpacalculator.net/faq/,2026-09-08T03:21:37+00:00
page-sitemap.xml,https://gpacalculator.net/grade-guide/,2026-09-08T03:20:43+00:00
page-sitemap.xml,https://gpacalculator.net/grade-conversion/zimbabwe/,2026-09-08T03:19:13+00:00
page-sitemap.xml,https://gpacalculator.net/grade-conversion/ukraine/,2026-09-08T03:19:13+00:00
page-sitemap.xml,https://gpacalculator.net/grade-conversion/ethiopia/,2026-09-08T03:19:13+00:00
page-sitemap.xml,https://gpacalculator.net/grade-conversion/eritrea/,2026-09-08T03:19:06+00:00
page-sitemap.xml,https://gpacalculator.net/grade-conversion/el-salvador/,2026-09-08T03:19:06+00:00
page-sitemap.xml,https://gpacalculator.net/grade-conversion/egypt/,2026-09-08T03:19:06+00:00
page-sitemap.xml,https://gpacalculator.net/grade-conversion/ecuador/,2026-09-08T03:19:06+00:00
page-sitemap.xml,https://gpacalculator.net/grade-conversion/dr-congo/,2026-09-08T03:19:06+00:00
page-sitemap.xml,https://gpacalculator.net/grade-conversion/cyprus/,2026-09-08T03:18:59+00:00
page-sitemap.xml,https://gpacalculator.net/grade-conversion/croatia/,2026-09-08T03:18:59+00:00
page-sitemap.xml,https://gpacalculator.net/grade-conversion/cote-divoire/,2026-09-08T03:18:59+00:00
page-sitemap.xml,https://gpacalculator.net/grade-conversion/congo/,2026-09-08T03:18:59+00:00
page-sitemap.xml,https://gpacalculator.net/grade-conversion/colombia/,2026-09-08T03:18:59+00:00
page-sitemap.xml,https://gpacalculator.net/grade-conversion/cameroon/,2026-09-08T03:18:52+00:00
page-sitemap.xml,https://gpacalculator.net/grade-conversion/cambodia/,2026-09-08T03:18:52+00:00
page-sitemap.xml,https://gpacalculator.net/grade-conversion/brunei/,2026-09-08T03:18:52+00:00
page-sitemap.xml,https://gpacalculator.net/grade-conversion/bosnia-herzegovina/,2026-09-08T03:18:52+00:00
page-sitemap.xml,https://gpacalculator.net/grade-conversion/bolivia/,2026-09-08T03:18:45+00:00
page-sitemap.xml,https://gpacalculator.net/grade-conversion/belize/,2026-09-08T03:18:45+00:00
page-sitemap.xml,https://gpacalculator.net/grade-conversion/barbados/,2026-09-08T03:18:45+00:00
page-sitemap.xml,https://gpacalculator.net/grade-conversion/belarus/,2026-09-08T03:18:45+00:00
page-sitemap.xml,https://gpacalculator.net/grade-conversion/bangladesh/,2026-09-08T03:18:45+00:00
page-sitemap.xml,https://gpacalculator.net/grade-conversion/bahrain/,2026-09-08T03:18:45+00:00
page-sitemap.xml,https://gpacalculator.net/grade-conversion/bahamas/,2026-09-08T03:18:38+00:00
page-sitemap.xml,https://gpacalculator.net/grade-conversion/azerbaijan/,2026-09-08T03:18:38+00:00
page-sitemap.xml,https://gpacalculator.net/grade-conversion/armenia/,2026-09-08T03:18:38+00:00
page-sitemap.xml,https://gpacalculator.net/grade-conversion/angola/,2026-09-08T03:18:38+00:00
page-sitemap.xml,https://gpacalculator.net/grade-conversion/algeria/,2026-09-08T03:18:38+00:00
page-sitemap.xml,https://gpacalculator.net/grade-conversion/albania/,2026-09-08T03:18:38+00:00
page-sitemap.xml,https://gpacalculator.net/grade-conversion/afghanistan/,2026-09-08T03:18:32+00:00
page-sitemap.xml,https://gpacalculator.net/how-to-raise-gpa/2-0-to-2-2/,2026-09-08T03:18:32+00:00
page-sitemap.xml,https://gpacalculator.net/grade-conversion/scotland/,2026-09-08T03:18:32+00:00
page-sitemap.xml,https://gpacalculator.net/ap-courses/,2026-09-08T03:18:32+00:00
page-sitemap.xml,https://gpacalculator.net/faq/what-is-the-highest-gpa/,2026-09-08T03:18:32+00:00
page-sitemap.xml,https://gpacalculator.net/faq/what-is-the-average-gpa/,2026-09-08T03:18:32+00:00
page-sitemap.xml,https://gpacalculator.net/faq/how-do-i-get-a-near-4-0-gpa/,2026-09-08T03:18:32+00:00
page-sitemap.xml,https://gpacalculator.net/faq/how-to-raise-your-gpa-fast/,2026-09-08T03:18:24+00:00
page-sitemap.xml,https://gpacalculator.net/faq/can-i-round-up-my-gpa/,2026-09-08T03:18:24+00:00
page-sitemap.xml,https://gpacalculator.net/faq/cum-laude-gpa/,2026-09-08T03:18:24+00:00
page-sitemap.xml,https://gpacalculator.net/grade-conversion/pakistan/,2026-09-08T03:18:24+00:00
page-sitemap.xml,https://gpacalculator.net/grade-conversion/vietnam/,2026-09-08T03:18:24+00:00
page-sitemap.xml,https://gpacalculator.net/grade-conversion/uruguay/,2026-09-08T03:18:24+00:00
page-sitemap.xml,https://gpacalculator.net/grade-conversion/united-arab-emirates/,2026-09-08T03:18:24+00:00
page-sitemap.xml,https://gpacalculator.net/grade-conversion/turkey/,2026-09-08T03:18:17+00:00
page-sitemap.xml,https://gpacalculator.net/grade-conversion/thailand/,2026-09-08T03:18:17+00:00
page-sitemap.xml,https://gpacalculator.net/grade-conversion/tanzania/,2026-09-08T03:18:17+00:00
page-sitemap.xml,https://gpacalculator.net/grade-conversion/taiwan/,2026-09-08T03:18:17+00:00
page-sitemap.xml,https://gpacalculator.net/grade-conversion/switzerland/,2026-09-08T03:18:17+00:00
page-sitemap.xml,https://gpacalculator.net/grade-conversion/sweden/,2026-09-08T03:18:17+00:00
page-sitemap.xml,https://gpacalculator.net/grade-conversion/spain/,2026-09-08T03:18:17+00:00
page-sitemap.xml,https://gpacalculator.net/grade-conversion/south-africa/,2026-09-08T03:18:17+00:00
page-sitemap.xml,https://gpacalculator.net/grade-conversion/slovenia/,2026-09-08T03:18:11+00:00
page-sitemap.xml,https://gpacalculator.net/grade-conversion/singapore/,2026-09-08T03:18:11+00:00
page-sitemap.xml,https://gpacalculator.net/grade-conversion/senegal/,2026-09-08T03:18:11+00:00
page-sitemap.xml,https://gpacalculator.net/grade-conversion/russia/,2026-09-08T03:18:11+00:00
page-sitemap.xml,https://gpacalculator.net/grade-conversion/romania/,2026-09-08T03:18:11+00:00
page-sitemap.xml,https://gpacalculator.net/grade-conversion/portugal/,2026-09-08T03:18:11+00:00
page-sitemap.xml,https://gpacalculator.net/grade-conversion/poland/,2026-09-08T03:18:11+00:00
page-sitemap.xml,https://gpacalculator.net/grade-conversion/peru/,2026-09-08T03:18:11+00:00
page-sitemap.xml,https://gpacalculator.net/grade-conversion/panama/,2026-09-08T03:18:04+00:00
page-sitemap.xml,https://gpacalculator.net/grade-conversion/norway/,2026-09-08T03:18:04+00:00
page-sitemap.xml,https://gpacalculator.net/grade-conversion/nicaragua/,2026-09-08T03:18:04+00:00
page-sitemap.xml,https://gpacalculator.net/grade-conversion/new-zealand/,2026-09-08T03:18:04+00:00
page-sitemap.xml,https://gpacalculator.net/grade-conversion/netherlands/,2026-09-08T03:18:04+00:00
page-sitemap.xml,https://gpacalculator.net/grade-conversion/morocco/,2026-09-08T03:18:04+00:00
page-sitemap.xml,https://gpacalculator.net/grade-conversion/malta/,2026-09-08T03:18:04+00:00
page-sitemap.xml,https://gpacalculator.net/grade-conversion/malaysia/,2026-09-08T03:18:04+00:00
page-sitemap.xml,https://gpacalculator.net/grade-conversion/lithuania/,2026-09-08T03:17:56+00:00
page-sitemap.xml,https://gpacalculator.net/grade-conversion/latvia/,2026-09-08T03:17:56+00:00
page-sitemap.xml,https://gpacalculator.net/grade-conversion/kazakhstan/,2026-09-08T03:17:56+00:00
page-sitemap.xml,https://gpacalculator.net/grade-conversion/jordan/,2026-09-08T03:17:56+00:00
page-sitemap.xml,https://gpacalculator.net/grade-conversion/japan/,2026-09-08T03:17:56+00:00
page-sitemap.xml,https://gpacalculator.net/grade-conversion/italy/,2026-09-08T03:17:56+00:00
page-sitemap.xml,https://gpacalculator.net/grade-conversion/ireland/,2026-09-08T03:17:56+00:00
page-sitemap.xml,https://gpacalculator.net/grade-conversion/indonesia/,2026-09-08T03:17:50+00:00
page-sitemap.xml,https://gpacalculator.net/grade-conversion/iceland/,2026-09-08T03:17:50+00:00
page-sitemap.xml,https://gpacalculator.net/grade-conversion/hungary/,2026-09-08T03:17:50+00:00
page-sitemap.xml,https://gpacalculator.net/grade-conversion/hong-kong/,2026-09-08T03:17:50+00:00
page-sitemap.xml,https://gpacalculator.net/grade-conversion/greece/,2026-09-08T03:17:50+00:00
page-sitemap.xml,https://gpacalculator.net/grade-conversion/ghana/,2026-09-08T03:17:50+00:00
page-sitemap.xml,https://gpacalculator.net/grade-conversion/france/,2026-09-08T03:17:42+00:00
page-sitemap.xml,https://gpacalculator.net/grade-conversion/finland/,2026-09-08T03:17:42+00:00
page-sitemap.xml,https://gpacalculator.net/grade-conversion/fiji/,2026-09-08T03:17:42+00:00
page-sitemap.xml,https://gpacalculator.net/grade-conversion/estonia/,2026-09-08T03:17:42+00:00
page-sitemap.xml,https://gpacalculator.net/grade-conversion/dominican-republic/,2026-09-08T03:17:42+00:00
page-sitemap.xml,https://gpacalculator.net/grade-conversion/denmark/,2026-09-08T03:17:42+00:00
page-sitemap.xml,https://gpacalculator.net/grade-conversion/czech-republic/,2026-09-08T03:17:42+00:00
page-sitemap.xml,https://gpacalculator.net/grade-conversion/cuba/,2026-09-08T03:17:42+00:00
page-sitemap.xml,https://gpacalculator.net/grade-conversion/costa-rica/,2026-09-08T03:17:36+00:00
page-sitemap.xml,https://gpacalculator.net/grade-conversion/china/,2026-09-08T03:17:36+00:00
page-sitemap.xml,https://gpacalculator.net/grade-conversion/chile/,2026-09-08T03:17:36+00:00
page-sitemap.xml,https://gpacalculator.net/grade-conversion/bulgaria/,2026-09-08T03:17:36+00:00
page-sitemap.xml,https://gpacalculator.net/grade-conversion/brazil/,2026-09-08T03:17:36+00:00
page-sitemap.xml,https://gpacalculator.net/grade-conversion/botswana/,2026-09-08T03:17:36+00:00
page-sitemap.xml,https://gpacalculator.net/grade-conversion/belgium/,2026-09-08T03:17:36+00:00
page-sitemap.xml,https://gpacalculator.net/grade-conversion/austria/,2026-09-08T03:17:29+00:00
page-sitemap.xml,https://gpacalculator.net/grade-conversion/australia/,2026-09-08T03:17:29+00:00
page-sitemap.xml,https://gpacalculator.net/grade-conversion/argentina/,2026-09-08T03:17:29+00:00
page-sitemap.xml,https://gpacalculator.net/gpa/,2026-09-08T03:17:29+00:00
page-sitemap.xml,https://gpacalculator.net/grade-chart/,2026-09-08T03:17:29+00:00
page-sitemap.xml,https://gpacalculator.net/grade-conversion/yemen/,2026-09-08T03:13:34+00:00
page-sitemap.xml,https://gpacalculator.net/grade-conversion/zambia/,2026-09-08T03:13:34+00:00
page-sitemap.xml,https://gpacalculator.net/grade-conversion/venezuela/,2026-09-08T03:13:27+00:00
page-sitemap.xml,https://gpacalculator.net/grade-conversion/uzbekistan/,2026-09-08T03:13:27+00:00
page-sitemap.xml,https://gpacalculator.net/grade-conversion/uganda/,2026-09-08T03:13:27+00:00
page-sitemap.xml,https://gpacalculator.net/grade-conversion/turkmenistan/,2026-09-08T03:13:27+00:00
page-sitemap.xml,https://gpacalculator.net/grade-conversion/tunisia/,2026-09-08T03:13:27+00:00
page-sitemap.xml,https://gpacalculator.net/grade-conversion/trinidad-tobago/,2026-09-08T03:13:20+00:00
page-sitemap.xml,https://gpacalculator.net/grade-conversion/tajikistan/,2026-09-08T03:13:20+00:00
page-sitemap.xml,https://gpacalculator.net/grade-conversion/syria/,2026-09-08T03:13:20+00:00
page-sitemap.xml,https://gpacalculator.net/grade-conversion/sudan/,2026-09-08T03:13:20+00:00
page-sitemap.xml,https://gpacalculator.net/grade-conversion/state-of-palestine/,2026-09-08T03:13:13+00:00
page-sitemap.xml,https://gpacalculator.net/grade-conversion/sri-lanka/,2026-09-08T03:13:13+00:00
page-sitemap.xml,https://gpacalculator.net/grade-conversion/south-korea/,2026-09-08T03:13:13+00:00
page-sitemap.xml,https://gpacalculator.net/grade-conversion/somalia/,2026-09-08T03:13:13+00:00
page-sitemap.xml,https://gpacalculator.net/grade-conversion/slovakia/,2026-09-08T03:13:13+00:00
page-sitemap.xml,https://gpacalculator.net/grade-conversion/sierra-leone/,2026-09-08T03:13:06+00:00
page-sitemap.xml,https://gpacalculator.net/grade-conversion/serbia/,2026-09-08T03:13:06+00:00
page-sitemap.xml,https://gpacalculator.net/grade-conversion/saudi-arabia/,2026-09-08T03:13:06+00:00
page-sitemap.xml,https://gpacalculator.net/grade-conversion/rwanda/,2026-09-08T03:12:59+00:00
page-sitemap.xml,https://gpacalculator.net/grade-conversion/qatar/,2026-09-08T03:12:59+00:00
page-sitemap.xml,https://gpacalculator.net/grade-conversion/philippines/,2026-09-08T03:12:59+00:00
page-sitemap.xml,https://gpacalculator.net/grade-conversion/paraguay/,2026-09-08T03:12:59+00:00
page-sitemap.xml,https://gpacalculator.net/grade-conversion/papua-new-guinea/,2026-09-08T03:12:59+00:00
page-sitemap.xml,https://gpacalculator.net/grade-conversion/oman/,2026-09-08T03:12:59+00:00
page-sitemap.xml,https://gpacalculator.net/grade-conversion/north-macedonia/,2026-09-08T03:12:52+00:00
page-sitemap.xml,https://gpacalculator.net/grade-conversion/nigeria/,2026-09-08T03:12:52+00:00
page-sitemap.xml,https://gpacalculator.net/grade-conversion/nepal/,2026-09-08T03:12:52+00:00
page-sitemap.xml,https://gpacalculator.net/grade-conversion/namibia/,2026-09-08T03:12:52+00:00
page-sitemap.xml,https://gpacalculator.net/grade-conversion/myanmar/,2026-09-08T03:12:52+00:00
page-sitemap.xml,https://gpacalculator.net/grade-conversion/mozambique/,2026-09-08T03:12:45+00:00
page-sitemap.xml,https://gpacalculator.net/grade-conversion/montenegro/,2026-09-08T03:12:45+00:00
page-sitemap.xml,https://gpacalculator.net/grade-conversion/mongolia/,2026-09-08T03:12:45+00:00
page-sitemap.xml,https://gpacalculator.net/grade-conversion/moldova/,2026-09-08T03:12:45+00:00
page-sitemap.xml,https://gpacalculator.net/grade-conversion/mexico/,2026-09-08T03:12:45+00:00
page-sitemap.xml,https://gpacalculator.net/grade-conversion/mauritius/,2026-09-08T03:12:38+00:00
page-sitemap.xml,https://gpacalculator.net/grade-conversion/malawi/,2026-09-08T03:12:38+00:00
page-sitemap.xml,https://gpacalculator.net/grade-conversion/luxembourg/,2026-09-08T03:12:38+00:00
page-sitemap.xml,https://gpacalculator.net/grade-conversion/madagascar/,2026-09-08T03:12:38+00:00
page-sitemap.xml,https://gpacalculator.net/grade-conversion/libya/,2026-09-08T03:12:32+00:00
page-sitemap.xml,https://gpacalculator.net/grade-conversion/liberia/,2026-09-08T03:12:32+00:00
page-sitemap.xml,https://gpacalculator.net/grade-conversion/laos/,2026-09-08T03:12:32+00:00
page-sitemap.xml,https://gpacalculator.net/grade-conversion/lebanon/,2026-09-08T03:12:32+00:00
page-sitemap.xml,https://gpacalculator.net/grade-conversion/kuwait/,2026-09-08T03:12:32+00:00
page-sitemap.xml,https://gpacalculator.net/grade-conversion/kyrgyzstan/,2026-09-08T03:12:32+00:00
page-sitemap.xml,https://gpacalculator.net/grade-conversion/kenya/,2026-09-08T03:12:32+00:00
page-sitemap.xml,https://gpacalculator.net/grade-conversion/jamaica/,2026-09-08T03:12:25+00:00
page-sitemap.xml,https://gpacalculator.net/grade-conversion/israel/,2026-09-08T03:12:25+00:00
page-sitemap.xml,https://gpacalculator.net/grade-conversion/iran/,2026-09-08T03:12:25+00:00
page-sitemap.xml,https://gpacalculator.net/grade-conversion/iraq/,2026-09-08T03:12:25+00:00
page-sitemap.xml,https://gpacalculator.net/grade-conversion/honduras/,2026-09-08T03:12:25+00:00
page-sitemap.xml,https://gpacalculator.net/grade-conversion/guyana/,2026-09-08T03:12:25+00:00
page-sitemap.xml,https://gpacalculator.net/grade-conversion/haiti/,2026-09-08T03:12:18+00:00
page-sitemap.xml,https://gpacalculator.net/grade-conversion/guatemala/,2026-09-08T03:12:18+00:00
page-sitemap.xml,https://gpacalculator.net/grade-conversion/guinea/,2026-09-08T03:12:18+00:00
page-sitemap.xml,https://gpacalculator.net/grade-conversion/georgia/,2026-09-08T03:12:18+00:00
page-sitemap.xml,https://gpacalculator.net/gpa-scale-calculator-for-12-0-scale/,2026-09-07T05:15:15+00:00
page-sitemap.xml,https://gpacalculator.net/gpa-scale-calculator-for-5-0-scale/,2026-09-07T05:15:14+00:00
page-sitemap.xml,https://gpacalculator.net/gpa-scale-calculator-for-6-0-scale/,2026-09-07T05:15:12+00:00
page-sitemap.xml,https://gpacalculator.net/gpa-scale-calculator-for-7-0-scale/,2026-09-07T05:15:11+00:00
page-sitemap.xml,https://gpacalculator.net/gpa-normalization-calculator/,2026-09-07T05:15:09+00:00
page-sitemap.xml,https://gpacalculator.net/grade-curve-calculator/,2026-09-07T05:15:07+00:00
page-sitemap.xml,https://gpacalculator.net/gpa-comparison-calculator/,2026-09-07T05:15:05+00:00
page-sitemap.xml,https://gpacalculator.net/incomplete-grade-impact-calculator/,2026-09-07T05:15:04+00:00
page-sitemap.xml,https://gpacalculator.net/retake-grade-calculator/,2026-09-07T05:14:54+00:00
page-sitemap.xml,https://gpacalculator.net/course-load-calculator/,2026-09-07T05:14:53+00:00
page-sitemap.xml,https://gpacalculator.net/credit-transfer-calculator/,2026-09-07T05:14:52+00:00
page-sitemap.xml,https://gpacalculator.net/high-school-transcript-calculator/,2026-09-07T05:14:51+00:00
page-sitemap.xml,https://gpacalculator.net/college-savings-calculator/,2026-09-07T05:14:50+00:00
page-sitemap.xml,https://gpacalculator.net/gpa-deficit-calculator/,2026-09-07T05:14:49+00:00
page-sitemap.xml,https://gpacalculator.net/gpa-and-letter-grade-converter/,2026-09-07T05:14:48+00:00
page-sitemap.xml,https://gpacalculator.net/gpa-calculator-for-quarter-system/,2026-09-07T05:14:47+00:00
page-sitemap.xml,https://gpacalculator.net/gpa-drop-calculator/,2026-09-07T05:14:46+00:00
page-sitemap.xml,https://gpacalculator.net/gpa-predictor/,2026-09-07T05:14:45+00:00
page-sitemap.xml,https://gpacalculator.net/gpa-progress-tracker/,2026-09-07T05:14:44+00:00
page-sitemap.xml,https://gpacalculator.net/financial-aid-calculator/,2026-09-07T05:14:43+00:00
page-sitemap.xml,https://gpacalculator.net/savings-goal-calculator/,2026-09-07T05:14:42+00:00
page-sitemap.xml,https://gpacalculator.net/student-budget-calculator/,2026-09-07T05:14:41+00:00
page-sitemap.xml,https://gpacalculator.net/student-loan-repayment-calculator/,2026-09-07T05:14:40+00:00
page-sitemap.xml,https://gpacalculator.net/unweighted-grade-calculator/,2026-09-07T05:14:32+00:00
page-sitemap.xml,https://gpacalculator.net/repeat-course-impact-calculator/,2026-09-07T05:14:31+00:00
page-sitemap.xml,https://gpacalculator.net/grading-scale-calculator/,2026-09-07T05:14:30+00:00
page-sitemap.xml,https://gpacalculator.net/comprehensive-gpa-chart-maker/,2026-09-07T05:14:29+00:00
page-sitemap.xml,https://gpacalculator.net/dual-credit-gpa-calculator/,2026-09-07T05:14:28+00:00
page-sitemap.xml,https://gpacalculator.net/college-cost-calculator/,2026-09-07T05:14:27+00:00
page-sitemap.xml,https://gpacalculator.net/scholarship-calculator/,2026-09-07T05:14:26+00:00
page-sitemap.xml,https://gpacalculator.net/semester-planner/,2026-09-07T05:14:25+00:00
page-sitemap.xml,https://gpacalculator.net/drop-add-class-calculator/,2026-09-07T05:14:24+00:00
page-sitemap.xml,https://gpacalculator.net/grade-weight-distribution-calculator/,2026-09-07T05:14:23+00:00
page-sitemap.xml,https://gpacalculator.net/grade-comparison-calculator/,2026-09-07T05:14:22+00:00
page-sitemap.xml,https://gpacalculator.net/class-schedule-maker/,2026-09-05T16:25:24+00:00
page-sitemap.xml,https://gpacalculator.net/grading-roster/,2026-09-05T16:25:24+00:00
page-sitemap.xml,https://gpacalculator.net/time-management-calculator/,2026-09-05T16:25:24+00:00
