address,now,code,target,why
admission/devry-unis-keller-graduate-school-of-management-michigan,301 Rank Math > /admissions/devry-university-michigan/ | 410,410,,redirects to a page that answers 410: answer 410 itself
admission/devry-unis-keller-graduate-school-of-management-missouri,301 Rank Math > /admissions/devry-university-missouri/ | 410,301,https://gpacalculator.net/admissions/devry-university-illinois/,redirects to a page that answers 410; 1 clicks in 12 months: DeVry University still runs; its main campus's page
admission/devry-unis-keller-graduate-school-of-management-utah,301 Rank Math > /admissions/devry-university-utah/ | 410,301,https://gpacalculator.net/admissions/devry-university-illinois/,redirects to a page that answers 410; 1 clicks in 12 months: DeVry University still runs; its main campus's page
admission/devry-universitys-keller-graduate-school-of-management-michigan,301 Rank Math > /admissions/devry-university-michigan/ | 410,301,https://gpacalculator.net/admissions/devry-university-illinois/,redirects to a page that answers 410; 2 clicks in 12 months: DeVry University still runs; its main campus's page
admission/devry-universitys-keller-graduate-school-of-management-missouri,301 Rank Math > /admissions/devry-university-missouri/ | 410,410,,redirects to a page that answers 410: answer 410 itself
admission/devry-universitys-keller-graduate-school-of-management-utah,301 Rank Math > /admissions/devry-university-utah/ | 410,410,,redirects to a page that answers 410: answer 410 itself
admission/globe-university%cb%86green-bay,301 Rank Math > /admissions/globe-university-green-bay/ | 410,410,,redirects to a page that answers 410: answer 410 itself
admission/globe-university%cb%86madison-west,301 Rank Math > /admissions/globe-university-madison-west/ | 410,410,,redirects to a page that answers 410: answer 410 itself
admission/globe-university%cb%86wausau,301 Rank Math > /admissions/globe-university-wausau/ | 404,410,,redirects to a page that answers 404: answer 410 itself
admission/shorter-uni-college-of-adult-professional-programs,301 Rank Math > /admissions/shorter-university-college-of-adult-professional-programs/ | 410,410,,redirects to a page that answers 410: answer 410 itself
admission/the-texas-am-university-system-office,301 WordPress > /admissions/the-texas-am-university-system-office/ | 410,301,https://gpacalculator.net/admissions/texas-a-and-m-university-college-station/,redirects to a page that answers 410; 1 clicks in 12 months: the Texas A&M system's flagship
admission/university-of-alaska-system-of-higher-education,410,301,https://gpacalculator.net/admissions/university-of-alaska-fairbanks/,1 clicks in 12 months: the University of Alaska system's flagship
admission/university-of-illinois-university-administration,410,301,https://gpacalculator.net/admissions/uiuc/,1 clicks in 12 months: the University of Illinois system's flagship
admission/university-of-phoenix-minneapolisst-paul-campus,301 Rank Math > /admissions/university-of-phoenix-minneapolis-st-paul-campus/ | 410,410,,redirects to a page that answers 410: answer 410 itself
