url,sitemap,lastmod,college_page_here,answer,old_form_answer
https://gpacalculator.net/admissions/ellis-university/,page-sitemap.xml,2026-07-15T04:46:56+00:00,,404,301 WordPress > /admissions/ellis-university/ | 404
https://gpacalculator.net/admissions/patten-university/,page-sitemap.xml,2026-07-15T04:46:49+00:00,,404,301 WordPress > /admissions/patten-university/ | 404
https://gpacalculator.net/admissions/bethany-university/,page-sitemap.xml,2026-07-15T04:46:49+00:00,,410,301 WordPress > /admissions/bethany-university/ | 410
https://gpacalculator.net/admissions/st-luke-university/,page-sitemap.xml,2026-07-15T04:46:49+00:00,,404,301 WordPress > /admissions/st-luke-university/ | 404
https://gpacalculator.net/admissions/kingston-university/,page-sitemap.xml,2026-07-15T04:46:49+00:00,,404,301 WordPress > /admissions/kingston-university/ | 404
https://gpacalculator.net/admissions/south-university-richmond/,page-sitemap.xml,2026-07-15T04:46:42+00:00,,301 Rank Math > /admissions/south-university/ | 200,301 Rank Math > /admissions/south-university/ | 200
https://gpacalculator.net/admissions/dongguk-university-los-angeles/,page-sitemap.xml,2026-07-15T04:46:36+00:00,yes,not checked,not checked
https://gpacalculator.net/admissions/south-university-virginia-beach/,page-sitemap.xml,2026-07-15T04:46:29+00:00,,301 Rank Math > /admissions/south-university/ | 200,301 Rank Math > /admissions/south-university/ | 200
https://gpacalculator.net/admissions/argosy-university-washington-d-c/,page-sitemap.xml,2026-07-15T04:46:29+00:00,,410,301 WordPress > /admissions/argosy-university-washington-d-c/ | 410
https://gpacalculator.net/admissions/south-university-savannah-online/,page-sitemap.xml,2026-07-15T04:46:22+00:00,,301 Rank Math > /admissions/south-university/ | 200,301 Rank Math > /admissions/south-university/ | 200
https://gpacalculator.net/admissions/the-university-of-west-los-angeles/,page-sitemap.xml,2026-07-15T04:46:22+00:00,,301 Rank Math > /admissions/university-of-west-los-angeles/ | 200,301 Rank Math > /admissions/university-of-west-los-angeles/ | 200
https://gpacalculator.net/admissions/broadview-university-salt-lake-city/,page-sitemap.xml,2026-07-15T04:46:22+00:00,,not checked,not checked
https://gpacalculator.net/admissions/south-university-off-campus-programs/,page-sitemap.xml,2026-07-15T04:46:15+00:00,,404,301 WordPress > /admissions/south-university-off-campus-programs/ | 404
https://gpacalculator.net/admissions/university-of-missouri-systems-office/,page-sitemap.xml,2026-07-15T04:46:15+00:00,,410,301 WordPress > /admissions/university-of-missouri-systems-office/ | 410
https://gpacalculator.net/admissions/the-texas-am-university-system-office/,page-sitemap.xml,2026-07-15T04:46:15+00:00,,410,301 WordPress > /admissions/the-texas-am-university-system-office/ | 410
https://gpacalculator.net/admissions/long-island-university-rockland-campus/,page-sitemap.xml,2026-07-15T04:46:15+00:00,,410,301 WordPress > /admissions/long-island-university-rockland-campus/ | 410
https://gpacalculator.net/admissions/itt-technical-institute-university-park/,page-sitemap.xml,2026-07-15T04:46:08+00:00,,410,301 WordPress > /admissions/itt-technical-institute-university-park/ | 410
https://gpacalculator.net/admissions/long-island-university-riverhead-campus/,page-sitemap.xml,2026-07-15T04:46:08+00:00,,404,301 WordPress > /admissions/long-island-university-riverhead-campus/ | 404
https://gpacalculator.net/admissions/long-island-university-brentwood-campus/,page-sitemap.xml,2026-07-15T04:46:08+00:00,,404,301 WordPress > /admissions/long-island-university-brentwood-campus/ | 404
https://gpacalculator.net/admissions/long-island-university-westchester-campus/,page-sitemap.xml,2026-07-15T04:46:01+00:00,,404,301 WordPress > /admissions/long-island-university-westchester-campus/ | 404
https://gpacalculator.net/admissions/university-of-maine-system-central-office/,page-sitemap.xml,2026-07-15T04:46:01+00:00,,410,301 WordPress > /admissions/university-of-maine-system-central-office/ | 410
https://gpacalculator.net/admissions/uni-of-the-dc-david-a-clarke-school-of-law/,page-sitemap.xml,2026-07-15T04:45:54+00:00,,301 Rank Math > /admissions/university-of-the-district-of-columbia/ | 200,301 Rank Math > /admissions/university-of-the-district-of-columbia/ | 200
https://gpacalculator.net/admissions/trine-university-south-bend-regional-campus/,page-sitemap.xml,2026-07-15T04:45:54+00:00,,301 Rank Math > /admissions/trine-university-regionalnon-traditional-campuses/ | 200,301 Rank Math > /admissions/trine-university-regionalnon-traditional-campuses/ | 200
https://gpacalculator.net/admissions/southern-illinois-university-systems-office/,page-sitemap.xml,2026-07-15T04:45:54+00:00,,410,301 WordPress > /admissions/southern-illinois-university-systems-office/ | 410
https://gpacalculator.net/admissions/uni-of-medicine-and-dentistry-of-new-jersey/,page-sitemap.xml,2026-07-15T04:45:47+00:00,,410,301 WordPress > /admissions/uni-of-medicine-and-dentistry-of-new-jersey/ | 410
https://gpacalculator.net/admissions/kansas-city-uni-of-medicine-and-biosciences/,page-sitemap.xml,2026-07-15T04:45:47+00:00,,301 Rank Math > /admissions/kansas-city-university/ | 200,301 Rank Math > /admissions/kansas-city-university/ | 200
https://gpacalculator.net/admissions/the-uni-of-texas-m-d-anderson-cancer-center/,page-sitemap.xml,2026-07-15T04:45:34+00:00,,301 Rank Math > /admissions/md-anderson-cancer-center/ | 200,301 Rank Math > /admissions/md-anderson-cancer-center/ | 200
https://gpacalculator.net/admissions/oklahoma-state-uni-center-for-health-sciences/,page-sitemap.xml,2026-07-15T04:45:34+00:00,,301 Rank Math > /admissions/oklahoma-state-university-center-for-health-sciences/ | 200,301 Rank Math > /admissions/oklahoma-state-university-center-for-health-sciences/ | 200
https://gpacalculator.net/admissions/uni-of-massachusetts-medical-school-worcester/,page-sitemap.xml,2026-07-15T04:45:27+00:00,,301 Rank Math > /admissions/umass-chan-medical-school/ | 200,301 Rank Math > /admissions/umass-chan-medical-school/ | 200
https://gpacalculator.net/admissions/rosalind-franklin-uni-of-medicine-and-science/,page-sitemap.xml,2026-07-15T04:45:27+00:00,,301 Rank Math > /admissions/rosalind-franklin-university/ | 200,301 Rank Math > /admissions/rosalind-franklin-university/ | 200
https://gpacalculator.net/admissions/university-system-of-maryland-research-centers/,page-sitemap.xml,2026-07-15T04:45:27+00:00,,410,301 WordPress > /admissions/university-system-of-maryland-research-centers/ | 410
https://gpacalculator.net/admissions/western-state-university-college-of-law-argosy/,page-sitemap.xml,2026-07-15T04:45:27+00:00,,301 Rank Math > /admissions/westcliff-university/ | 200,301 Rank Math > /admissions/westcliff-university/ | 200
https://gpacalculator.net/admissions/long-island-university-university-center-campus/,page-sitemap.xml,2026-07-15T04:45:20+00:00,,404,301 WordPress > /admissions/long-island-university-university-center-campus/ | 404
https://gpacalculator.net/admissions/university-of-california-hastings-college-of-law/,page-sitemap.xml,2026-07-15T04:45:20+00:00,,301 Rank Math > /admissions/uc-law-san-francisco/ | 200,301 Rank Math > /admissions/uc-law-san-francisco/ | 200
https://gpacalculator.net/admissions/the-uni-of-texas-health-science-center-at-houston/,page-sitemap.xml,2026-07-15T04:45:13+00:00,,301 Rank Math > /admissions/uthealth-houston/ | 200,301 Rank Math > /admissions/uthealth-houston/ | 200
https://gpacalculator.net/admissions/central-methodist-uni-college-of-graduate-studies/,page-sitemap.xml,2026-07-15T04:45:13+00:00,,404,301 WordPress > /admissions/central-methodist-uni-college-of-graduate-studies/ | 404
https://gpacalculator.net/admissions/uni-of-nebraska-central-administration-system-office/,page-sitemap.xml,2026-07-15T04:45:06+00:00,,410,301 WordPress > /admissions/uni-of-nebraska-central-administration-system-office/ | 410
https://gpacalculator.net/admissions/louisiana-state-uni-health-sciences-center-shreveport/,page-sitemap.xml,2026-07-15T04:45:06+00:00,,301 Rank Math > /admissions/lsu-health-shreveport/ | 200,301 Rank Math > /admissions/lsu-health-shreveport/ | 200
https://gpacalculator.net/admissions/omaha-school-of-massage-and-healthcare-of-herzing-uni/,page-sitemap.xml,2026-07-15T04:44:59+00:00,,404,301 WordPress > /admissions/omaha-school-of-massage-and-healthcare-of-herzing-uni/ | 404
https://gpacalculator.net/admissions/louisiana-state-uni-health-sciences-center-new-orleans/,page-sitemap.xml,2026-07-15T04:44:59+00:00,,301 Rank Math > /admissions/lsu-health-new-orleans/ | 200,301 Rank Math > /admissions/lsu-health-new-orleans/ | 200
https://gpacalculator.net/admissions/uni-of-california-system-administration-central-office/,page-sitemap.xml,2026-07-15T04:44:59+00:00,,410,301 WordPress > /admissions/uni-of-california-system-administration-central-office/ | 410
https://gpacalculator.net/admissions/utah-state-uni-regional-campuses-and-distance-education/,page-sitemap.xml,2026-07-15T04:44:52+00:00,,301 Rank Math > /admissions/utah-state-university/ | 200,301 Rank Math > /admissions/utah-state-university/ | 200
