url,source,planned,answer,clicks_12m,impressions_12m,flag,fix
https://gpacalculator.net/admission/ai-miami-international-uni-of-art-and-design/,search console,,301 Rank Math > /admissions/ai-miami-international-university-of-art-and-design/ | 410,0,41,dead-end,410 (redirects to a page that answers 410: answer 410 itself)
https://gpacalculator.net/admission/american-academy-of-dramatic-arts-los-angeles/,unresolved,unresolved,404,0,0,404,"410 (closed 05/30/2025 (FSA's closed-school file, OPEID 00746501): gone for good)"
https://gpacalculator.net/admission/american-intercontinental-uni-south-florida/,search console,,301 Rank Math > /admissions/american-intercontinental-university-south-florida/ | 410,0,10,dead-end,410 (redirects to a page that answers 410: answer 410 itself)
https://gpacalculator.net/admission/antioch-university-new-england/,unresolved; search console,unresolved,404,2,36,404,301 https://gpacalculator.net/admissions/antioch-university/ (the same college's page here)
https://gpacalculator.net/admission/antioch-university-system-administration/,unresolved; search console,unresolved,404,1,33,404,301 https://gpacalculator.net/admissions/antioch-university/ (the same college's page here)
https://gpacalculator.net/admission/argosy-university-phoenix/,legacy map; search console,410,410,1,6,410 with clicks,301 https://gpacalculator.net/admissions/?search=Arizona (1 clicks in 12 months: no successor; the hub's colleges in Arizona)
https://gpacalculator.net/admission/argosy-university-washington-d-c/,legacy map; search console,410,301 WordPress > /admissions/argosy-university-washington-d-c/ | 410,0,76,dead-end,410 (redirects to a page that answers 410: answer 410 itself)
https://gpacalculator.net/admission/aspen-university/,unresolved; search console,unresolved,404,0,35,404,
https://gpacalculator.net/admission/bethany-university/,legacy map; search console,410,301 WordPress > /admissions/bethany-university/ | 410,0,49,dead-end,410 (redirects to a page that answers 410: answer 410 itself)
https://gpacalculator.net/admission/bethel-university-3/,unresolved,unresolved,404,0,0,404,410 (no college by that name in IPEDS (2002-2024): gone for good)
https://gpacalculator.net/admission/broadview-university-boise/,search console,,301 Rank Math > /admissions/broadview-university/ | 410,0,36,dead-end,410 (redirects to a page that answers 410: answer 410 itself)
https://gpacalculator.net/admission/brown-mackie-college-albuquerque/,unresolved,unresolved,404,0,0,404,410 (left IPEDS after 2017 without a closing date or a successor: gone for good)
https://gpacalculator.net/admission/brown-mackie-college-atlanta/,unresolved,unresolved,404,0,0,404,410 (left IPEDS after 2017 without a closing date or a successor: gone for good)
https://gpacalculator.net/admission/brown-mackie-college-cincinnati/,unresolved,unresolved,404,0,0,404,410 (left IPEDS after 2017 without a closing date or a successor: gone for good)
https://gpacalculator.net/admission/brown-mackie-college-findlay/,unresolved,unresolved,404,0,0,404,410 (left IPEDS after 2017 without a closing date or a successor: gone for good)
https://gpacalculator.net/admission/brown-mackie-college-fort-wayne/,unresolved,unresolved,404,0,0,404,410 (left IPEDS after 2017 without a closing date or a successor: gone for good)
https://gpacalculator.net/admission/brown-mackie-college-indianapolis/,unresolved,unresolved,404,0,0,404,301 https://gpacalculator.net/admissions/?search=Indiana (1 clicks in 12 months: no successor; the hub's colleges in Indiana)
https://gpacalculator.net/admission/brown-mackie-college-louisville/,unresolved,unresolved,404,0,0,404,410 (left IPEDS after 2017 without a closing date or a successor: gone for good)
https://gpacalculator.net/admission/brown-mackie-college-merrillville/,unresolved,unresolved,404,0,0,404,410 (left IPEDS after 2017 without a closing date or a successor: gone for good)
https://gpacalculator.net/admission/brown-mackie-college-miami/,unresolved,unresolved,404,0,0,404,410 (left IPEDS after 2017 without a closing date or a successor: gone for good)
https://gpacalculator.net/admission/brown-mackie-college-quad-cities/,unresolved,unresolved,404,0,0,404,
https://gpacalculator.net/admission/brown-mackie-college-san-antonio/,unresolved,unresolved,404,0,0,404,410 (left IPEDS after 2017 without a closing date or a successor: gone for good)
https://gpacalculator.net/admission/brown-mackie-college-tucson/,unresolved,unresolved,404,0,0,404,410 (left IPEDS after 2017 without a closing date or a successor: gone for good)
https://gpacalculator.net/admission/brown-mackie-college-tulsa/,unresolved,unresolved,404,0,0,404,410 (left IPEDS after 2017 without a closing date or a successor: gone for good)
https://gpacalculator.net/admission/cardinal-stritch-university/,legacy map; search console,410,410,1,35,410 with clicks,301 https://gpacalculator.net/admissions/?search=Wisconsin (1 clicks in 12 months: no successor; the hub's colleges in Wisconsin)
https://gpacalculator.net/admission/central-methodist-uni-college-of-graduate-studies/,unresolved; search console,unresolved,301 WordPress > /admissions/central-methodist-uni-college-of-graduate-studies/ | 404,0,2,dead-end,301 https://gpacalculator.net/admissions/central-methodist-university-college-of-liberal-arts-and-sciences/ (redirects to a page that answers 404: the same college's page here)
https://gpacalculator.net/admission/central-methodist-university-college-of-graduate-and-extended-studies/,unresolved; search console,unresolved,404,0,25,404,301 https://gpacalculator.net/admissions/central-methodist-university-college-of-liberal-arts-and-sciences/ (the same college's page here)
https://gpacalculator.net/admission/colorado-heights-university/,unresolved; search console,unresolved,404,0,16,404,410 (left IPEDS after 2017 without a closing date or a successor: gone for good)
https://gpacalculator.net/admission/cornish-college-of-the-arts/,unresolved,unresolved,404,0,0,404,"410 (closed 05/16/2025 (FSA's closed-school file, OPEID 01231500): gone for good)"
https://gpacalculator.net/admission/devry-unis-keller-graduate-school-of-management-colorado/,old-slug twin; search console,301 https://gpacalculator.net/admissions/devry-university-colorado/,301 Rank Math > /admissions/devry-university-colorado/ | 410,0,53,dead-end,410 (redirects to a page that answers 410: answer 410 itself)
https://gpacalculator.net/admission/devry-unis-keller-graduate-school-of-management-indiana/,old-slug twin; search console,301 https://gpacalculator.net/admissions/devry-university-indiana/,301 Rank Math > /admissions/devry-university-indiana/ | 410,0,140,dead-end,410 (redirects to a page that answers 410: answer 410 itself)
https://gpacalculator.net/admission/devry-unis-keller-graduate-school-of-management-kentucky/,old-slug twin; search console,301 https://gpacalculator.net/admissions/devry-university-kentucky/,301 Rank Math > /admissions/devry-university-kentucky/ | 410,0,25,dead-end,410 (redirects to a page that answers 410: answer 410 itself)
https://gpacalculator.net/admission/devry-unis-keller-graduate-school-of-management-maryland/,old-slug twin; search console,301 https://gpacalculator.net/admissions/devry-university-maryland/,301 Rank Math > /admissions/devry-university-maryland/ | 410,0,25,dead-end,410 (redirects to a page that answers 410: answer 410 itself)
https://gpacalculator.net/admission/devry-unis-keller-graduate-school-of-management-michigan/,old-slug twin; search console,301 https://gpacalculator.net/admissions/devry-university-michigan/,301 Rank Math > /admissions/devry-university-michigan/ | 410,0,21,dead-end,410 (redirects to a page that answers 410: answer 410 itself)
https://gpacalculator.net/admission/devry-unis-keller-graduate-school-of-management-minnesota/,old-slug twin; search console,301 https://gpacalculator.net/admissions/devry-university-minnesota/,301 Rank Math > /admissions/devry-university-minnesota/ | 410,0,47,dead-end,410 (redirects to a page that answers 410: answer 410 itself)
https://gpacalculator.net/admission/devry-unis-keller-graduate-school-of-management-missouri/,old-slug twin; search console,301 https://gpacalculator.net/admissions/devry-university-missouri/,301 Rank Math > /admissions/devry-university-missouri/ | 410,1,41,dead-end,301 https://gpacalculator.net/admissions/devry-university-illinois/ (redirects to a page that answers 410; 1 clicks in 12 months: DeVry University still runs; its main campus's page)
https://gpacalculator.net/admission/devry-unis-keller-graduate-school-of-management-nc/,old-slug twin; search console,301 https://gpacalculator.net/admissions/devry-university-north-carolina/,301 Rank Math > /admissions/devry-university-north-carolina/ | 410,0,79,dead-end,410 (redirects to a page that answers 410: answer 410 itself)
https://gpacalculator.net/admission/devry-unis-keller-graduate-school-of-management-oklahoma/,old-slug twin; search console,301 https://gpacalculator.net/admissions/devry-university-oklahoma/,301 Rank Math > /admissions/devry-university-oklahoma/ | 410,0,45,dead-end,410 (redirects to a page that answers 410: answer 410 itself)
https://gpacalculator.net/admission/devry-unis-keller-graduate-school-of-management-oregon/,old-slug twin; search console,301 https://gpacalculator.net/admissions/devry-university-oregon/,301 Rank Math > /admissions/devry-university-oregon/ | 410,0,39,dead-end,410 (redirects to a page that answers 410: answer 410 itself)
https://gpacalculator.net/admission/devry-unis-keller-graduate-school-of-management-pa/,old-slug twin; search console,301 https://gpacalculator.net/admissions/devry-university-pennsylvania/,301 Rank Math > /admissions/devry-university-pennsylvania/ | 410,0,58,dead-end,410 (redirects to a page that answers 410: answer 410 itself)
https://gpacalculator.net/admission/devry-unis-keller-graduate-school-of-management-tennessee/,old-slug twin; search console,301 https://gpacalculator.net/admissions/devry-university-tennessee/,301 Rank Math > /admissions/devry-university-tennessee/ | 410,0,19,dead-end,410 (redirects to a page that answers 410: answer 410 itself)
https://gpacalculator.net/admission/devry-unis-keller-graduate-school-of-management-utah/,old-slug twin; search console,301 https://gpacalculator.net/admissions/devry-university-utah/,301 Rank Math > /admissions/devry-university-utah/ | 410,1,15,dead-end,301 https://gpacalculator.net/admissions/devry-university-illinois/ (redirects to a page that answers 410; 1 clicks in 12 months: DeVry University still runs; its main campus's page)
https://gpacalculator.net/admission/devry-unis-keller-graduate-school-of-management-washington/,old-slug twin; search console,301 https://gpacalculator.net/admissions/devry-university-washington/,301 Rank Math > /admissions/devry-university-washington/ | 410,0,34,dead-end,410 (redirects to a page that answers 410: answer 410 itself)
https://gpacalculator.net/admission/devry-unis-keller-graduate-school-of-management-wisconsin/,old-slug twin; search console,301 https://gpacalculator.net/admissions/devry-university-wisconsin/,301 Rank Math > /admissions/devry-university-wisconsin/ | 410,0,11,dead-end,410 (redirects to a page that answers 410: answer 410 itself)
https://gpacalculator.net/admission/devry-universitys-keller-graduate-school-of-management-colorado/,old-slug twin; search console,301 https://gpacalculator.net/admissions/devry-university-colorado/,301 Rank Math > /admissions/devry-university-colorado/ | 410,0,23,dead-end,410 (redirects to a page that answers 410: answer 410 itself)
https://gpacalculator.net/admission/devry-universitys-keller-graduate-school-of-management-indiana/,old-slug twin; search console,301 https://gpacalculator.net/admissions/devry-university-indiana/,301 Rank Math > /admissions/devry-university-indiana/ | 410,0,46,dead-end,410 (redirects to a page that answers 410: answer 410 itself)
https://gpacalculator.net/admission/devry-universitys-keller-graduate-school-of-management-kentucky/,old-slug twin; search console,301 https://gpacalculator.net/admissions/devry-university-kentucky/,301 Rank Math > /admissions/devry-university-kentucky/ | 410,0,2,dead-end,410 (redirects to a page that answers 410: answer 410 itself)
https://gpacalculator.net/admission/devry-universitys-keller-graduate-school-of-management-maryland/,old-slug twin; search console,301 https://gpacalculator.net/admissions/devry-university-maryland/,301 Rank Math > /admissions/devry-university-maryland/ | 410,0,51,dead-end,410 (redirects to a page that answers 410: answer 410 itself)
https://gpacalculator.net/admission/devry-universitys-keller-graduate-school-of-management-michigan/,old-slug twin; search console,301 https://gpacalculator.net/admissions/devry-university-michigan/,301 Rank Math > /admissions/devry-university-michigan/ | 410,2,88,dead-end,301 https://gpacalculator.net/admissions/devry-university-illinois/ (redirects to a page that answers 410; 2 clicks in 12 months: DeVry University still runs; its main campus's page)
https://gpacalculator.net/admission/devry-universitys-keller-graduate-school-of-management-minnesota/,old-slug twin; search console,301 https://gpacalculator.net/admissions/devry-university-minnesota/,301 Rank Math > /admissions/devry-university-minnesota/ | 410,0,55,dead-end,410 (redirects to a page that answers 410: answer 410 itself)
https://gpacalculator.net/admission/devry-universitys-keller-graduate-school-of-management-missouri/,old-slug twin; search console,301 https://gpacalculator.net/admissions/devry-university-missouri/,301 Rank Math > /admissions/devry-university-missouri/ | 410,0,17,dead-end,410 (redirects to a page that answers 410: answer 410 itself)
https://gpacalculator.net/admission/devry-universitys-keller-graduate-school-of-management-north-carolina/,old-slug twin; search console,301 https://gpacalculator.net/admissions/devry-university-north-carolina/,301 Rank Math > /admissions/devry-university-north-carolina/ | 410,0,46,dead-end,410 (redirects to a page that answers 410: answer 410 itself)
https://gpacalculator.net/admission/devry-universitys-keller-graduate-school-of-management-oklahoma/,old-slug twin; search console,301 https://gpacalculator.net/admissions/devry-university-oklahoma/,301 Rank Math > /admissions/devry-university-oklahoma/ | 410,0,38,dead-end,410 (redirects to a page that answers 410: answer 410 itself)
https://gpacalculator.net/admission/devry-universitys-keller-graduate-school-of-management-oregon/,old-slug twin; search console,301 https://gpacalculator.net/admissions/devry-university-oregon/,301 Rank Math > /admissions/devry-university-oregon/ | 410,0,9,dead-end,410 (redirects to a page that answers 410: answer 410 itself)
https://gpacalculator.net/admission/devry-universitys-keller-graduate-school-of-management-pennsylvania/,old-slug twin; search console,301 https://gpacalculator.net/admissions/devry-university-pennsylvania/,301 Rank Math > /admissions/devry-university-pennsylvania/ | 410,0,1,dead-end,410 (redirects to a page that answers 410: answer 410 itself)
https://gpacalculator.net/admission/devry-universitys-keller-graduate-school-of-management-tennessee/,old-slug twin; search console,301 https://gpacalculator.net/admissions/devry-university-tennessee/,301 Rank Math > /admissions/devry-university-tennessee/ | 410,0,7,dead-end,410 (redirects to a page that answers 410: answer 410 itself)
https://gpacalculator.net/admission/devry-universitys-keller-graduate-school-of-management-utah/,old-slug twin; search console,301 https://gpacalculator.net/admissions/devry-university-utah/,301 Rank Math > /admissions/devry-university-utah/ | 410,0,49,dead-end,410 (redirects to a page that answers 410: answer 410 itself)
https://gpacalculator.net/admission/devry-universitys-keller-graduate-school-of-management-washington/,old-slug twin; search console,301 https://gpacalculator.net/admissions/devry-university-washington/,301 Rank Math > /admissions/devry-university-washington/ | 410,0,1,dead-end,410 (redirects to a page that answers 410: answer 410 itself)
https://gpacalculator.net/admission/devry-universitys-keller-graduate-school-of-management-wisconsin/,old-slug twin; search console,301 https://gpacalculator.net/admissions/devry-university-wisconsin/,301 Rank Math > /admissions/devry-university-wisconsin/ | 410,0,16,dead-end,410 (redirects to a page that answers 410: answer 410 itself)
https://gpacalculator.net/admission/dowling-college/,unresolved,unresolved,404,0,0,404,410 (left IPEDS after 2016 without a closing date or a successor: gone for good)
https://gpacalculator.net/admission/eastern-gateway-community-college/,unresolved,unresolved,404,0,0,404,"410 (closed 07/28/2024 (FSA's closed-school file, OPEID 00727500): gone for good)"
https://gpacalculator.net/admission/ellis-university/,unresolved; search console,unresolved,301 WordPress > /admissions/ellis-university/ | 404,0,6,dead-end,410 (redirects to a page that answers 404: answer 410 itself)
https://gpacalculator.net/admission/fashion-institute-of-design-and-merchandising-los-angeles/,unresolved,unresolved,404,0,0,404,"410 (closed 03/24/2025 (FSA's closed-school file, OPEID 01111200): gone for good)"
https://gpacalculator.net/admission/fashion-institute-of-design-and-merchandising-orange-county/,unresolved,unresolved,404,0,0,404,"410 (merged into FIDM-Fashion Institute of Design & Merchandising, which has no page here: gone for good)"
https://gpacalculator.net/admission/fashion-institute-of-design-and-merchandising-san-diego/,unresolved,unresolved,404,0,0,404,"410 (merged into FIDM-Fashion Institute of Design & Merchandising, which has no page here: gone for good)"
https://gpacalculator.net/admission/florida-career-college-miami/,unresolved,unresolved,404,0,0,404,"410 (closed 02/12/2024 (FSA's closed-school file, OPEID 02305800): gone for good)"
https://gpacalculator.net/admission/fontbonne-university/,unresolved; search console,unresolved,404,0,39,404,"410 (closed 08/15/2025 (FSA's closed-school file, OPEID 00246400): gone for good)"
https://gpacalculator.net/admission/globe-institute-of-technology/,unresolved,unresolved,404,0,0,404,410 (left IPEDS after 2016 without a closing date or a successor: gone for good)
https://gpacalculator.net/admission/globe-university%CB%86green-bay/,unresolved,unresolved,301 Rank Math > /admissions/globe-university-green-bay/ | 410,0,0,dead-end,410 (redirects to a page that answers 410: answer 410 itself)
https://gpacalculator.net/admission/globe-university%CB%86madison-west/,unresolved,unresolved,301 Rank Math > /admissions/globe-university-madison-west/ | 410,0,0,dead-end,410 (redirects to a page that answers 410: answer 410 itself)
https://gpacalculator.net/admission/globe-university%CB%86wausau/,unresolved,unresolved,301 Rank Math > /admissions/globe-university-wausau/ | 404,0,0,dead-end,410 (redirects to a page that answers 404: answer 410 itself)
https://gpacalculator.net/admission/globe-university%cb%86green-bay/,search console,,301 Rank Math > /admissions/globe-university-green-bay/ | 410,0,10,dead-end,410 (redirects to a page that answers 410: answer 410 itself)
https://gpacalculator.net/admission/globe-university%cb%86madison-west/,search console,,301 Rank Math > /admissions/globe-university-madison-west/ | 410,0,2,dead-end,410 (redirects to a page that answers 410: answer 410 itself)
https://gpacalculator.net/admission/globe-university%cb%86wausau/,search console,,301 Rank Math > /admissions/globe-university-wausau/ | 404,0,43,dead-end,410 (redirects to a page that answers 404: answer 410 itself)
https://gpacalculator.net/admission/globe-university-appleton/,unresolved; search console,unresolved,404,0,4,404,410 (left IPEDS after 2016 without a closing date or a successor: gone for good)
https://gpacalculator.net/admission/globe-university-eau-claire/,unresolved; search console,unresolved,404,0,23,404,410 (left IPEDS after 2016 without a closing date or a successor: gone for good)
https://gpacalculator.net/admission/globe-university-la-crosse/,unresolved; search console,unresolved,404,0,3,404,410 (left IPEDS after 2016 without a closing date or a successor: gone for good)
https://gpacalculator.net/admission/globe-university-madison-east/,unresolved; search console,unresolved,404,0,6,404,410 (left IPEDS after 2017 without a closing date or a successor: gone for good)
https://gpacalculator.net/admission/globe-university-sioux-falls/,unresolved; search console,unresolved,404,0,8,404,410 (left IPEDS after 2016 without a closing date or a successor: gone for good)
https://gpacalculator.net/admission/globe-university-wausau/,unresolved; search console,unresolved,404,0,27,404,410 (left IPEDS after 2017 without a closing date or a successor: gone for good)
https://gpacalculator.net/admission/globe-university-woodbury/,unresolved; search console,unresolved,404,0,9,404,410 (left IPEDS after 2016 without a closing date or a successor: gone for good)
https://gpacalculator.net/admission/harrison-college-columbus/,unresolved,unresolved,404,0,0,404,410 (left IPEDS after 2011 without a closing date or a successor: gone for good)
https://gpacalculator.net/admission/harrison-college-elkhart/,unresolved,unresolved,404,0,0,404,410 (left IPEDS after 2011 without a closing date or a successor: gone for good)
https://gpacalculator.net/admission/harrison-college-evansville/,unresolved,unresolved,404,0,0,404,410 (left IPEDS after 2011 without a closing date or a successor: gone for good)
https://gpacalculator.net/admission/harrison-college-indianapolis-east/,unresolved,unresolved,404,0,0,404,410 (left IPEDS after 2011 without a closing date or a successor: gone for good)
https://gpacalculator.net/admission/harrison-college-lafayette/,unresolved,unresolved,404,0,0,404,410 (left IPEDS after 2011 without a closing date or a successor: gone for good)
https://gpacalculator.net/admission/harrison-college-terre-haute/,unresolved,unresolved,404,0,0,404,410 (left IPEDS after 2011 without a closing date or a successor: gone for good)
https://gpacalculator.net/admission/harvard/,"live college, old form",301 https://gpacalculator.net/admissions/harvard/,301 WordPress > /college-gpa-calculator/harvard/ | 200,0,0,,301 https://gpacalculator.net/admissions/harvard/ (lands on another page than Phase 2 planned)
https://gpacalculator.net/admission/international-technological-university/,unresolved; search console,unresolved,404,0,105,404,410 (left IPEDS after 2022 without a closing date or a successor: gone for good)
https://gpacalculator.net/admission/island-drafting-and-technical-institute/,unresolved,unresolved,404,0,0,404,"410 (closed 04/09/2025 (FSA's closed-school file, OPEID 00737500): gone for good)"
https://gpacalculator.net/admission/itt-technical-institute-university-park/,legacy map; search console,410,301 WordPress > /admissions/itt-technical-institute-university-park/ | 410,1,396,dead-end,301 https://gpacalculator.net/admissions/?search=Florida (redirects to a page that answers 410; 1 clicks in 12 months: no successor; the hub's colleges in Florida)
https://gpacalculator.net/admission/johnson-wales-university-online/,unresolved; search console,unresolved,404,0,157,404,301 https://gpacalculator.net/admissions/johnson-wales-university-providence/ (the same college's page here)
https://gpacalculator.net/admission/kingston-university/,unresolved; search console,unresolved,301 WordPress > /admissions/kingston-university/ | 404,43,798,dead-end,301 https://gpacalculator.net/admissions/ (redirects to a page that answers 404; 43 clicks in 12 months: no successor and no state on record; the hub)
https://gpacalculator.net/admission/limestone-college/,unresolved,unresolved,404,0,0,404,"410 (closed 05/02/2025 (FSA's closed-school file, OPEID 00343600): gone for good)"
https://gpacalculator.net/admission/liu-brentwood/,unresolved; search console,unresolved,404,0,70,404,301 https://gpacalculator.net/admissions/long-island-university/ (the same college's page here)
https://gpacalculator.net/admission/liu-brooklyn/,old-slug twin; search console,301 https://gpacalculator.net/admissions/long-island-university-brooklyn-campus/,301 Rank Math > /admissions/long-island-university-brooklyn-campus/ | 301 Rank Math > /admissions/long-island-university/ | 200,0,229,chain,301 https://gpacalculator.net/admissions/long-island-university/ (2 redirects in a row: send it straight to the last page)
https://gpacalculator.net/admission/liu-hudson-at-westchester/,unresolved; search console,unresolved,404,0,35,404,301 https://gpacalculator.net/admissions/long-island-university/ (the same college's page here)
https://gpacalculator.net/admission/liu-post/,old-slug twin; search console,301 https://gpacalculator.net/admissions/long-island-university-c-w-post-campus/,301 Rank Math > /admissions/long-island-university-c-w-post-campus/ | 301 Rank Math > /admissions/long-island-university/ | 200,8,2190,chain,301 https://gpacalculator.net/admissions/long-island-university/ (2 redirects in a row: send it straight to the last page)
https://gpacalculator.net/admission/liu-riverhead/,unresolved; search console,unresolved,404,0,49,404,301 https://gpacalculator.net/admissions/long-island-university/ (the same college's page here)
https://gpacalculator.net/admission/liu-university-center-campus/,unresolved; search console,unresolved,404,0,60,404,301 https://gpacalculator.net/admissions/long-island-university/ (the same college's page here)
https://gpacalculator.net/admission/long-island-university-brentwood-campus/,unresolved; search console,unresolved,301 WordPress > /admissions/long-island-university-brentwood-campus/ | 404,0,9,dead-end,301 https://gpacalculator.net/admissions/long-island-university/ (redirects to a page that answers 404: the same college's page here)
https://gpacalculator.net/admission/long-island-university-riverhead-campus/,unresolved,unresolved,301 WordPress > /admissions/long-island-university-riverhead-campus/ | 404,0,0,dead-end,301 https://gpacalculator.net/admissions/long-island-university/ (redirects to a page that answers 404: the same college's page here)
https://gpacalculator.net/admission/long-island-university-rockland-campus/,legacy map; search console,410,301 WordPress > /admissions/long-island-university-rockland-campus/ | 410,0,49,dead-end,410 (redirects to a page that answers 410: answer 410 itself)
https://gpacalculator.net/admission/long-island-university-university-center-campus/,unresolved; search console,unresolved,301 WordPress > /admissions/long-island-university-university-center-campus/ | 404,0,124,dead-end,301 https://gpacalculator.net/admissions/long-island-university/ (redirects to a page that answers 404: the same college's page here)
https://gpacalculator.net/admission/long-island-university-westchester-campus/,unresolved; search console,unresolved,301 WordPress > /admissions/long-island-university-westchester-campus/ | 404,0,20,dead-end,301 https://gpacalculator.net/admissions/long-island-university/ (redirects to a page that answers 404: the same college's page here)
https://gpacalculator.net/admission/marian-university-3/,unresolved; search console,unresolved,404,0,279,404,410 (no college by that name in IPEDS (2002-2024): gone for good)
https://gpacalculator.net/admission/marlboro-college/,unresolved,unresolved,404,0,0,404,"410 (several colleges by that name, none with an answer: Marlboro College: none left IPEDS after 2020 without a closing date or a successor; Marlboro College Graduate & Professional Studies: none left IPEDS after 2020 without a closing date or a successor: gone for good)"
https://gpacalculator.net/admission/martin-university/,unresolved; search console,unresolved,404,0,109,404,"410 (closed 12/13/2025 (FSA's closed-school file, OPEID 02140800): gone for good)"
https://gpacalculator.net/admission/minnesota-school-of-business-blaine/,unresolved,unresolved,404,0,0,404,410 (left IPEDS after 2016 without a closing date or a successor: gone for good)
https://gpacalculator.net/admission/minnesota-school-of-business-moorhead/,unresolved,unresolved,404,0,0,404,410 (left IPEDS after 2016 without a closing date or a successor: gone for good)
https://gpacalculator.net/admission/minnesota-school-of-business-richfield/,unresolved,unresolved,404,0,0,404,410 (left IPEDS after 2016 without a closing date or a successor: gone for good)
https://gpacalculator.net/admission/minnesota-school-of-business-rochester/,unresolved,unresolved,404,0,0,404,410 (left IPEDS after 2016 without a closing date or a successor: gone for good)
https://gpacalculator.net/admission/minnesota-school-of-business-waite-park/,unresolved,unresolved,404,0,0,404,410 (left IPEDS after 2016 without a closing date or a successor: gone for good)
https://gpacalculator.net/admission/morrison-university/,legacy map; search console,410,410,0,12,410 with clicks,301 https://gpacalculator.net/admissions/?search=Nevada (1 clicks in 12 months: no successor; the hub's colleges in Nevada)
https://gpacalculator.net/admission/mount-ida-college/,unresolved,unresolved,404,0,0,404,410 (left IPEDS after 2017 without a closing date or a successor: gone for good)
https://gpacalculator.net/admission/national-american-uni-colorado-springs-south/,old-slug twin; search console,301 https://gpacalculator.net/admissions/national-american-university-colorado-springs-south/,301 Rank Math > /admissions/national-american-university-colorado-springs-south/ | 410,0,6,dead-end,410 (redirects to a page that answers 410: answer 410 itself)
https://gpacalculator.net/admission/national-american-uni-ellsworth-afb-extension/,search console,,301 Rank Math > /admissions/national-american-university-ellsworth-afb-extension/ | 410,0,4,dead-end,410 (redirects to a page that answers 410: answer 410 itself)
https://gpacalculator.net/admission/new-england-college-of-business/,unresolved,unresolved,404,0,0,404,410 (no college by that name in IPEDS (2002-2024): gone for good)
https://gpacalculator.net/admission/new-layout-test-page/,unresolved; search console,unresolved,404,0,12,404,410 (no college by that name in IPEDS (2002-2024): gone for good)
https://gpacalculator.net/admission/non-traditional-campuses/,unresolved,unresolved,404,0,0,404,410 (no college by that name in IPEDS (2002-2024): gone for good)
https://gpacalculator.net/admission/northland-college/,unresolved,unresolved,404,0,0,404,"410 (closed 05/23/2025 (FSA's closed-school file, OPEID 00387500): gone for good)"
https://gpacalculator.net/admission/northwestern-college-il/,unresolved,unresolved,404,0,0,404,410 (no college by that name in IPEDS (2002-2024): gone for good)
https://gpacalculator.net/admission/northwestern-college-southwestern-campus/,unresolved,unresolved,404,0,0,404,"410 (closed 07/06/2024 (FSA's closed-school file, OPEID 01236200): gone for good)"
https://gpacalculator.net/admission/ohio-business-college-sandusky/,unresolved,unresolved,404,0,0,404,
https://gpacalculator.net/admission/omaha-school-of-massage-and-healthcare-of-herzing-uni/,unresolved; search console,unresolved,301 WordPress > /admissions/omaha-school-of-massage-and-healthcare-of-herzing-uni/ | 404,0,2,dead-end,410 (redirects to a page that answers 404: answer 410 itself)
https://gpacalculator.net/admission/omaha-school-of-massage-and-healthcare-of-herzing-university/,unresolved; search console,unresolved,404,0,14,404,410 (left IPEDS after 2017 without a closing date or a successor: gone for good)
https://gpacalculator.net/admission/ottawa-university-kansas-city/,unresolved; search console,unresolved,404,1,107,404,301 https://gpacalculator.net/admissions/ottawa-university-ottawa/ (the same college's page here)
https://gpacalculator.net/admission/paier-college-of-art-inc/,unresolved,unresolved,404,0,0,404,
https://gpacalculator.net/admission/patten-university/,unresolved; search console,unresolved,301 WordPress > /admissions/patten-university/ | 404,0,31,dead-end,410 (redirects to a page that answers 404: answer 410 itself)
https://gpacalculator.net/admission/resurrection-university/,search console,,301 Rank Math > /admissions/oak-point-university/ | 410,0,30,dead-end,410 (redirects to a page that answers 410: answer 410 itself)
https://gpacalculator.net/admission/roger-williams-university-school-of-law/,unresolved; search console,unresolved,404,9,634,404,301 https://gpacalculator.net/admissions/roger-williams-university/ (the same college's page here)
https://gpacalculator.net/admission/saint-augustine-college/,unresolved,unresolved,404,0,0,404,
https://gpacalculator.net/admission/shorter-uni-college-of-adult-professional-programs/,search console,,301 Rank Math > /admissions/shorter-university-college-of-adult-professional-programs/ | 410,0,20,dead-end,410 (redirects to a page that answers 410: answer 410 itself)
https://gpacalculator.net/admission/south-university-off-campus-programs/,unresolved; search console,unresolved,301 WordPress > /admissions/south-university-off-campus-programs/ | 404,1,43,dead-end,301 https://gpacalculator.net/admissions/south-university/ (redirects to a page that answers 404: the same college's page here)
https://gpacalculator.net/admission/southern-illinois-university-systems-office/,old-slug twin; search console,410,301 WordPress > /admissions/southern-illinois-university-systems-office/ | 410,0,57,dead-end,410 (redirects to a page that answers 410: answer 410 itself)
https://gpacalculator.net/admission/st-andrews-university/,unresolved; search console,unresolved,404,0,273,404,"410 (closed 05/05/2025 (FSA's closed-school file, OPEID 00154001): gone for good)"
https://gpacalculator.net/admission/st-luke-university/,unresolved; search console,unresolved,301 WordPress > /admissions/st-luke-university/ | 404,0,10,dead-end,410 (redirects to a page that answers 404: answer 410 itself)
https://gpacalculator.net/admission/the-college-of-new-rochelle/,unresolved,unresolved,404,0,0,404,410 (left IPEDS after 2019 without a closing date or a successor: gone for good)
https://gpacalculator.net/admission/the-college-of-saint-rose/,unresolved,unresolved,404,0,0,404,"410 (closed 06/21/2024 (FSA's closed-school file, OPEID 00270500): gone for good)"
https://gpacalculator.net/admission/the-kings-college/,unresolved,unresolved,404,0,0,404,410 (left IPEDS after 2023 without a closing date or a successor: gone for good)
https://gpacalculator.net/admission/the-texas-am-university-system-office/,old-slug twin; search console,410,301 WordPress > /admissions/the-texas-am-university-system-office/ | 410,1,620,dead-end,301 https://gpacalculator.net/admissions/texas-a-and-m-university-college-station/ (redirects to a page that answers 410; 1 clicks in 12 months: the Texas A&M system's flagship)
https://gpacalculator.net/admission/triangle-tech-inc-bethlehem/,unresolved,unresolved,404,0,0,404,"410 (closed 05/30/2025 (FSA's closed-school file, OPEID 02129003): gone for good)"
https://gpacalculator.net/admission/triangle-tech-inc-dubois/,unresolved,unresolved,404,0,0,404,"410 (closed 02/07/2025 (FSA's closed-school file, OPEID 02174400): gone for good)"
https://gpacalculator.net/admission/triangle-tech-inc-greensburg/,unresolved,unresolved,404,0,0,404,"410 (closed 05/30/2025 (FSA's closed-school file, OPEID 02129000): gone for good)"
https://gpacalculator.net/admission/triangle-tech-inc-pittsburgh/,unresolved,unresolved,404,0,0,404,"410 (closed 05/30/2025 (FSA's closed-school file, OPEID 00783900): gone for good)"
https://gpacalculator.net/admission/triangle-tech-inc-sunbury/,unresolved,unresolved,404,0,0,404,"410 (closed 02/07/2025 (FSA's closed-school file, OPEID 02174401): gone for good)"
https://gpacalculator.net/admission/uni-of-california-system-administration-central-office/,old-slug twin,410,301 WordPress > /admissions/uni-of-california-system-administration-central-office/ | 410,0,0,dead-end,410 (redirects to a page that answers 410: answer 410 itself)
https://gpacalculator.net/admission/uni-of-medicine-and-dentistry-of-new-jersey/,legacy map; search console,410,301 WordPress > /admissions/uni-of-medicine-and-dentistry-of-new-jersey/ | 410,0,21,dead-end,410 (redirects to a page that answers 410: answer 410 itself)
https://gpacalculator.net/admission/uni-of-nebraska-central-administration-system-office/,old-slug twin; search console,410,301 WordPress > /admissions/uni-of-nebraska-central-administration-system-office/ | 410,0,5,dead-end,410 (redirects to a page that answers 410: answer 410 itself)
https://gpacalculator.net/admission/union-institute-and-university/,old-slug twin,301 https://gpacalculator.net/admissions/union-institute-university/,301 Rank Math > /admissions/union-institute-university/ | 410,0,0,dead-end,410 (redirects to a page that answers 410: answer 410 itself)
https://gpacalculator.net/admission/university-of-alaska-system-of-higher-education/,old-slug twin; search console,410,410,1,25,410 with clicks,301 https://gpacalculator.net/admissions/university-of-alaska-fairbanks/ (1 clicks in 12 months: the University of Alaska system's flagship)
https://gpacalculator.net/admission/university-of-illinois-university-administration/,old-slug twin; search console,410,410,1,207,410 with clicks,301 https://gpacalculator.net/admissions/uiuc/ (1 clicks in 12 months: the University of Illinois system's flagship)
https://gpacalculator.net/admission/university-of-maine-system-central-office/,old-slug twin; search console,410,301 WordPress > /admissions/university-of-maine-system-central-office/ | 410,0,537,dead-end,410 (redirects to a page that answers 410: answer 410 itself)
https://gpacalculator.net/admission/university-of-minnesota-twin-cities/,unresolved; search console,unresolved,404,1,1602,404,
https://gpacalculator.net/admission/university-of-missouri-systems-office/,old-slug twin; search console,410,301 WordPress > /admissions/university-of-missouri-systems-office/ | 410,0,22,dead-end,410 (redirects to a page that answers 410: answer 410 itself)
https://gpacalculator.net/admission/university-of-phoenix-baton-rouge-campus/,search console,,301 Rank Math > /admissions/university-of-phoenix-baton-rouge/ | 410,0,102,dead-end,410 (redirects to a page that answers 410: answer 410 itself)
https://gpacalculator.net/admission/university-of-phoenix-delaware-campus/,search console,,301 Rank Math > /admissions/university-of-phoenix-delaware/ | 410,0,32,dead-end,410 (redirects to a page that answers 410: answer 410 itself)
https://gpacalculator.net/admission/university-of-phoenix-detroit-campus/,search console,,301 Rank Math > /admissions/university-of-phoenix-metro-detroit-campus/ | 410,0,8,dead-end,410 (redirects to a page that answers 410: answer 410 itself)
https://gpacalculator.net/admission/university-of-phoenix-hawaii-campus/,unresolved; search console,unresolved,404,0,29,404,"410 (closed 04/09/2024 (FSA's closed-school file, OPEID 72098871): gone for good)"
https://gpacalculator.net/admission/university-of-phoenix-knoxville-campus/,search console,,301 Rank Math > /admissions/university-of-phoenix-knoxville/ | 410,0,4,dead-end,410 (redirects to a page that answers 410: answer 410 itself)
https://gpacalculator.net/admission/university-of-phoenix-lafayette-campus/,search console,,301 Rank Math > /admissions/university-of-phoenix-lafayette/ | 410,0,33,dead-end,410 (redirects to a page that answers 410: answer 410 itself)
https://gpacalculator.net/admission/university-of-phoenix-minneapolisst-paul-campus/,old-slug twin; search console,301 https://gpacalculator.net/admissions/university-of-phoenix-minneapolis-st-paul-campus/,301 Rank Math > /admissions/university-of-phoenix-minneapolis-st-paul-campus/ | 410,0,92,dead-end,410 (redirects to a page that answers 410: answer 410 itself)
https://gpacalculator.net/admission/university-of-phoenix-phoenix-campus/,unresolved; search console,unresolved,404,0,314,404,301 https://gpacalculator.net/admissions/university-of-phoenix/ (the same college's page here)
https://gpacalculator.net/admission/university-of-phoenix-shreveport-bossier-campus/,search console,,301 Rank Math > /admissions/university-of-phoenix-shreveport-bossier/ | 410,0,11,dead-end,410 (redirects to a page that answers 410: answer 410 itself)
https://gpacalculator.net/admission/university-of-south-florida-st-petersburg/,search console,,301 Rank Math > /admissions/university-of-south-florida-st-petersburg-campus/ | 301 Rank Math > /admissions/university-of-south-florida-main-campus/ | 200,1,167,chain,301 https://gpacalculator.net/admissions/university-of-south-florida-main-campus/ (2 redirects in a row: send it straight to the last page)
https://gpacalculator.net/admission/university-of-st-thomas-3/,unresolved; search console,unresolved,404,2,199,404,301 https://gpacalculator.net/admissions/?search=St.%20Thomas (2 clicks in 12 months: several colleges have the name; the hub's search for St. Thomas)
https://gpacalculator.net/admission/university-system-of-maryland-research-centers/,old-slug twin; search console,410,301 WordPress > /admissions/university-system-of-maryland-research-centers/ | 410,0,16,dead-end,410 (redirects to a page that answers 410: answer 410 itself)
https://gpacalculator.net/admission/virginia-college-la/,unresolved,unresolved,404,0,0,404,410 (no college by that name in IPEDS (2002-2024): gone for good)
https://gpacalculator.net/admission/virginia-college-sc/,unresolved,unresolved,404,0,0,404,410 (no college by that name in IPEDS (2002-2024): gone for good)
https://gpacalculator.net/admission/virginia-college-va/,unresolved,unresolved,404,0,0,404,410 (no college by that name in IPEDS (2002-2024): gone for good)
https://gpacalculator.net/admission/wheelock-college/,unresolved,unresolved,404,0,0,404,410 (left IPEDS after 2018 without a closing date or a successor: gone for good)
https://gpacalculator.net/admission/whitworth-university-adult-degree-programs/,unresolved; search console,unresolved,404,0,49,404,301 https://gpacalculator.net/admissions/whitworth-university/ (the same college's page here)
https://gpacalculator.net/admissions/american-academy-of-dramatic-arts-los-angeles/,unresolved; search console,unresolved,404,0,4,404,"410 (closed 05/30/2025 (FSA's closed-school file, OPEID 00746501): gone for good)"
https://gpacalculator.net/admissions/antioch-university-new-england/,unresolved,unresolved,404,0,0,404,301 https://gpacalculator.net/admissions/antioch-university/ (the same college's page here)
https://gpacalculator.net/admissions/antioch-university-system-administration/,unresolved,unresolved,404,0,0,404,301 https://gpacalculator.net/admissions/antioch-university/ (the same college's page here)
https://gpacalculator.net/admissions/argosy-university-phoenix/,legacy map,410,410,0,0,410 with clicks,301 https://gpacalculator.net/admissions/?search=Arizona (1 clicks in 12 months: no successor; the hub's colleges in Arizona)
https://gpacalculator.net/admissions/aspen-university/,unresolved,unresolved,404,0,0,404,
https://gpacalculator.net/admissions/bethel-university-3/,unresolved,unresolved,404,0,0,404,410 (no college by that name in IPEDS (2002-2024): gone for good)
https://gpacalculator.net/admissions/brown-mackie-college-albuquerque/,unresolved; search console,unresolved,404,0,3,404,410 (left IPEDS after 2017 without a closing date or a successor: gone for good)
https://gpacalculator.net/admissions/brown-mackie-college-atlanta/,unresolved; search console,unresolved,404,0,2,404,410 (left IPEDS after 2017 without a closing date or a successor: gone for good)
https://gpacalculator.net/admissions/brown-mackie-college-cincinnati/,unresolved; search console,unresolved,404,0,6,404,410 (left IPEDS after 2017 without a closing date or a successor: gone for good)
https://gpacalculator.net/admissions/brown-mackie-college-findlay/,unresolved; search console,unresolved,404,0,1,404,410 (left IPEDS after 2017 without a closing date or a successor: gone for good)
https://gpacalculator.net/admissions/brown-mackie-college-fort-wayne/,unresolved; search console,unresolved,404,0,2,404,410 (left IPEDS after 2017 without a closing date or a successor: gone for good)
https://gpacalculator.net/admissions/brown-mackie-college-indianapolis/,unresolved; search console,unresolved,404,1,2,404,301 https://gpacalculator.net/admissions/?search=Indiana (1 clicks in 12 months: no successor; the hub's colleges in Indiana)
https://gpacalculator.net/admissions/brown-mackie-college-louisville/,unresolved; search console,unresolved,404,0,2,404,410 (left IPEDS after 2017 without a closing date or a successor: gone for good)
https://gpacalculator.net/admissions/brown-mackie-college-merrillville/,unresolved; search console,unresolved,404,0,3,404,410 (left IPEDS after 2017 without a closing date or a successor: gone for good)
https://gpacalculator.net/admissions/brown-mackie-college-miami/,unresolved; search console,unresolved,404,0,4,404,410 (left IPEDS after 2017 without a closing date or a successor: gone for good)
https://gpacalculator.net/admissions/brown-mackie-college-quad-cities/,unresolved; search console,unresolved,404,0,2,404,
https://gpacalculator.net/admissions/brown-mackie-college-san-antonio/,unresolved; search console,unresolved,404,0,1,404,410 (left IPEDS after 2017 without a closing date or a successor: gone for good)
https://gpacalculator.net/admissions/brown-mackie-college-tucson/,unresolved; search console,unresolved,404,0,1,404,410 (left IPEDS after 2017 without a closing date or a successor: gone for good)
https://gpacalculator.net/admissions/brown-mackie-college-tulsa/,unresolved; search console,unresolved,404,0,1,404,410 (left IPEDS after 2017 without a closing date or a successor: gone for good)
https://gpacalculator.net/admissions/cardinal-stritch-university/,legacy map; search console,410,410,0,1,410 with clicks,301 https://gpacalculator.net/admissions/?search=Wisconsin (1 clicks in 12 months: no successor; the hub's colleges in Wisconsin)
https://gpacalculator.net/admissions/central-methodist-uni-college-of-graduate-studies/,unresolved,unresolved,404,0,0,404,301 https://gpacalculator.net/admissions/central-methodist-university-college-of-liberal-arts-and-sciences/ (the same college's page here)
https://gpacalculator.net/admissions/central-methodist-university-college-of-graduate-and-extended-studies/,unresolved,unresolved,404,0,0,404,301 https://gpacalculator.net/admissions/central-methodist-university-college-of-liberal-arts-and-sciences/ (the same college's page here)
https://gpacalculator.net/admissions/colorado-heights-university/,unresolved,unresolved,404,0,0,404,410 (left IPEDS after 2017 without a closing date or a successor: gone for good)
https://gpacalculator.net/admissions/cornish-college-of-the-arts/,unresolved; search console,unresolved,404,0,13,404,"410 (closed 05/16/2025 (FSA's closed-school file, OPEID 01231500): gone for good)"
https://gpacalculator.net/admissions/devry-unis-keller-graduate-school-of-management-colorado/,old-slug twin,301 https://gpacalculator.net/admissions/devry-university-colorado/,301 Rank Math > /admissions/devry-university-colorado/ | 410,0,0,dead-end,410 (redirects to a page that answers 410: answer 410 itself)
https://gpacalculator.net/admissions/devry-unis-keller-graduate-school-of-management-indiana/,old-slug twin,301 https://gpacalculator.net/admissions/devry-university-indiana/,301 Rank Math > /admissions/devry-university-indiana/ | 410,0,0,dead-end,410 (redirects to a page that answers 410: answer 410 itself)
https://gpacalculator.net/admissions/devry-unis-keller-graduate-school-of-management-kentucky/,old-slug twin,301 https://gpacalculator.net/admissions/devry-university-kentucky/,301 Rank Math > /admissions/devry-university-kentucky/ | 410,0,0,dead-end,410 (redirects to a page that answers 410: answer 410 itself)
https://gpacalculator.net/admissions/devry-unis-keller-graduate-school-of-management-maryland/,old-slug twin,301 https://gpacalculator.net/admissions/devry-university-maryland/,301 Rank Math > /admissions/devry-university-maryland/ | 410,0,0,dead-end,410 (redirects to a page that answers 410: answer 410 itself)
https://gpacalculator.net/admissions/devry-unis-keller-graduate-school-of-management-michigan/,old-slug twin,301 https://gpacalculator.net/admissions/devry-university-michigan/,301 Rank Math > /admissions/devry-university-michigan/ | 410,0,0,dead-end,410 (redirects to a page that answers 410: answer 410 itself)
https://gpacalculator.net/admissions/devry-unis-keller-graduate-school-of-management-minnesota/,old-slug twin,301 https://gpacalculator.net/admissions/devry-university-minnesota/,301 Rank Math > /admissions/devry-university-minnesota/ | 410,0,0,dead-end,410 (redirects to a page that answers 410: answer 410 itself)
https://gpacalculator.net/admissions/devry-unis-keller-graduate-school-of-management-missouri/,old-slug twin,301 https://gpacalculator.net/admissions/devry-university-missouri/,301 Rank Math > /admissions/devry-university-missouri/ | 410,0,0,dead-end,301 https://gpacalculator.net/admissions/devry-university-illinois/ (redirects to a page that answers 410; 1 clicks in 12 months: DeVry University still runs; its main campus's page)
https://gpacalculator.net/admissions/devry-unis-keller-graduate-school-of-management-nc/,old-slug twin,301 https://gpacalculator.net/admissions/devry-university-north-carolina/,301 Rank Math > /admissions/devry-university-north-carolina/ | 410,0,0,dead-end,410 (redirects to a page that answers 410: answer 410 itself)
https://gpacalculator.net/admissions/devry-unis-keller-graduate-school-of-management-oklahoma/,old-slug twin,301 https://gpacalculator.net/admissions/devry-university-oklahoma/,301 Rank Math > /admissions/devry-university-oklahoma/ | 410,0,0,dead-end,410 (redirects to a page that answers 410: answer 410 itself)
https://gpacalculator.net/admissions/devry-unis-keller-graduate-school-of-management-oregon/,old-slug twin,301 https://gpacalculator.net/admissions/devry-university-oregon/,301 Rank Math > /admissions/devry-university-oregon/ | 410,0,0,dead-end,410 (redirects to a page that answers 410: answer 410 itself)
https://gpacalculator.net/admissions/devry-unis-keller-graduate-school-of-management-pa/,old-slug twin,301 https://gpacalculator.net/admissions/devry-university-pennsylvania/,301 Rank Math > /admissions/devry-university-pennsylvania/ | 410,0,0,dead-end,410 (redirects to a page that answers 410: answer 410 itself)
https://gpacalculator.net/admissions/devry-unis-keller-graduate-school-of-management-tennessee/,old-slug twin,301 https://gpacalculator.net/admissions/devry-university-tennessee/,301 Rank Math > /admissions/devry-university-tennessee/ | 410,0,0,dead-end,410 (redirects to a page that answers 410: answer 410 itself)
https://gpacalculator.net/admissions/devry-unis-keller-graduate-school-of-management-utah/,old-slug twin,301 https://gpacalculator.net/admissions/devry-university-utah/,301 Rank Math > /admissions/devry-university-utah/ | 410,0,0,dead-end,301 https://gpacalculator.net/admissions/devry-university-illinois/ (redirects to a page that answers 410; 1 clicks in 12 months: DeVry University still runs; its main campus's page)
https://gpacalculator.net/admissions/devry-unis-keller-graduate-school-of-management-washington/,old-slug twin,301 https://gpacalculator.net/admissions/devry-university-washington/,301 Rank Math > /admissions/devry-university-washington/ | 410,0,0,dead-end,410 (redirects to a page that answers 410: answer 410 itself)
https://gpacalculator.net/admissions/devry-unis-keller-graduate-school-of-management-wisconsin/,old-slug twin,301 https://gpacalculator.net/admissions/devry-university-wisconsin/,301 Rank Math > /admissions/devry-university-wisconsin/ | 410,0,0,dead-end,410 (redirects to a page that answers 410: answer 410 itself)
https://gpacalculator.net/admissions/devry-universitys-keller-graduate-school-of-management-colorado/,old-slug twin,301 https://gpacalculator.net/admissions/devry-university-colorado/,301 Rank Math > /admissions/devry-university-colorado/ | 410,0,0,dead-end,410 (redirects to a page that answers 410: answer 410 itself)
https://gpacalculator.net/admissions/devry-universitys-keller-graduate-school-of-management-indiana/,old-slug twin,301 https://gpacalculator.net/admissions/devry-university-indiana/,301 Rank Math > /admissions/devry-university-indiana/ | 410,0,0,dead-end,410 (redirects to a page that answers 410: answer 410 itself)
https://gpacalculator.net/admissions/devry-universitys-keller-graduate-school-of-management-kentucky/,old-slug twin,301 https://gpacalculator.net/admissions/devry-university-kentucky/,301 Rank Math > /admissions/devry-university-kentucky/ | 410,0,0,dead-end,410 (redirects to a page that answers 410: answer 410 itself)
https://gpacalculator.net/admissions/devry-universitys-keller-graduate-school-of-management-maryland/,old-slug twin,301 https://gpacalculator.net/admissions/devry-university-maryland/,301 Rank Math > /admissions/devry-university-maryland/ | 410,0,0,dead-end,410 (redirects to a page that answers 410: answer 410 itself)
https://gpacalculator.net/admissions/devry-universitys-keller-graduate-school-of-management-michigan/,old-slug twin,301 https://gpacalculator.net/admissions/devry-university-michigan/,301 Rank Math > /admissions/devry-university-michigan/ | 410,0,0,dead-end,301 https://gpacalculator.net/admissions/devry-university-illinois/ (redirects to a page that answers 410; 2 clicks in 12 months: DeVry University still runs; its main campus's page)
https://gpacalculator.net/admissions/devry-universitys-keller-graduate-school-of-management-minnesota/,old-slug twin,301 https://gpacalculator.net/admissions/devry-university-minnesota/,301 Rank Math > /admissions/devry-university-minnesota/ | 410,0,0,dead-end,410 (redirects to a page that answers 410: answer 410 itself)
https://gpacalculator.net/admissions/devry-universitys-keller-graduate-school-of-management-missouri/,old-slug twin,301 https://gpacalculator.net/admissions/devry-university-missouri/,301 Rank Math > /admissions/devry-university-missouri/ | 410,0,0,dead-end,410 (redirects to a page that answers 410: answer 410 itself)
https://gpacalculator.net/admissions/devry-universitys-keller-graduate-school-of-management-north-carolina/,old-slug twin,301 https://gpacalculator.net/admissions/devry-university-north-carolina/,301 Rank Math > /admissions/devry-university-north-carolina/ | 410,0,0,dead-end,410 (redirects to a page that answers 410: answer 410 itself)
https://gpacalculator.net/admissions/devry-universitys-keller-graduate-school-of-management-oklahoma/,old-slug twin,301 https://gpacalculator.net/admissions/devry-university-oklahoma/,301 Rank Math > /admissions/devry-university-oklahoma/ | 410,0,0,dead-end,410 (redirects to a page that answers 410: answer 410 itself)
https://gpacalculator.net/admissions/devry-universitys-keller-graduate-school-of-management-oregon/,old-slug twin,301 https://gpacalculator.net/admissions/devry-university-oregon/,301 Rank Math > /admissions/devry-university-oregon/ | 410,0,0,dead-end,410 (redirects to a page that answers 410: answer 410 itself)
https://gpacalculator.net/admissions/devry-universitys-keller-graduate-school-of-management-pennsylvania/,old-slug twin,301 https://gpacalculator.net/admissions/devry-university-pennsylvania/,301 Rank Math > /admissions/devry-university-pennsylvania/ | 410,0,0,dead-end,410 (redirects to a page that answers 410: answer 410 itself)
https://gpacalculator.net/admissions/devry-universitys-keller-graduate-school-of-management-tennessee/,old-slug twin,301 https://gpacalculator.net/admissions/devry-university-tennessee/,301 Rank Math > /admissions/devry-university-tennessee/ | 410,0,0,dead-end,410 (redirects to a page that answers 410: answer 410 itself)
https://gpacalculator.net/admissions/devry-universitys-keller-graduate-school-of-management-utah/,old-slug twin,301 https://gpacalculator.net/admissions/devry-university-utah/,301 Rank Math > /admissions/devry-university-utah/ | 410,0,0,dead-end,410 (redirects to a page that answers 410: answer 410 itself)
https://gpacalculator.net/admissions/devry-universitys-keller-graduate-school-of-management-washington/,old-slug twin,301 https://gpacalculator.net/admissions/devry-university-washington/,301 Rank Math > /admissions/devry-university-washington/ | 410,0,0,dead-end,410 (redirects to a page that answers 410: answer 410 itself)
https://gpacalculator.net/admissions/devry-universitys-keller-graduate-school-of-management-wisconsin/,old-slug twin,301 https://gpacalculator.net/admissions/devry-university-wisconsin/,301 Rank Math > /admissions/devry-university-wisconsin/ | 410,0,0,dead-end,410 (redirects to a page that answers 410: answer 410 itself)
https://gpacalculator.net/admissions/dowling-college/,unresolved; search console,unresolved,404,0,19,404,410 (left IPEDS after 2016 without a closing date or a successor: gone for good)
https://gpacalculator.net/admissions/eastern-gateway-community-college/,unresolved; search console,unresolved,404,0,1,404,"410 (closed 07/28/2024 (FSA's closed-school file, OPEID 00727500): gone for good)"
https://gpacalculator.net/admissions/ellis-university/,unresolved,unresolved,404,0,0,404,410 (left IPEDS after 2012 without a closing date or a successor: gone for good)
https://gpacalculator.net/admissions/fashion-institute-of-design-and-merchandising-los-angeles/,unresolved; search console,unresolved,404,0,63,404,"410 (closed 03/24/2025 (FSA's closed-school file, OPEID 01111200): gone for good)"
https://gpacalculator.net/admissions/fashion-institute-of-design-and-merchandising-orange-county/,unresolved; search console,unresolved,404,0,19,404,"410 (merged into FIDM-Fashion Institute of Design & Merchandising, which has no page here: gone for good)"
https://gpacalculator.net/admissions/fashion-institute-of-design-and-merchandising-san-diego/,unresolved; search console,unresolved,404,0,9,404,"410 (merged into FIDM-Fashion Institute of Design & Merchandising, which has no page here: gone for good)"
https://gpacalculator.net/admissions/florida-career-college-miami/,unresolved; search console,unresolved,404,0,7,404,"410 (closed 02/12/2024 (FSA's closed-school file, OPEID 02305800): gone for good)"
https://gpacalculator.net/admissions/fontbonne-university/,unresolved; search console,unresolved,404,0,7,404,"410 (closed 08/15/2025 (FSA's closed-school file, OPEID 00246400): gone for good)"
https://gpacalculator.net/admissions/globe-institute-of-technology/,unresolved; search console,unresolved,404,0,1,404,410 (left IPEDS after 2016 without a closing date or a successor: gone for good)
https://gpacalculator.net/admissions/globe-university%CB%86green-bay/,unresolved,unresolved,404,0,0,404,410 (no college by that name in IPEDS (2002-2024): gone for good)
https://gpacalculator.net/admissions/globe-university%CB%86madison-west/,unresolved,unresolved,404,0,0,404,410 (no college by that name in IPEDS (2002-2024): gone for good)
https://gpacalculator.net/admissions/globe-university%CB%86wausau/,unresolved,unresolved,404,0,0,404,410 (no college by that name in IPEDS (2002-2024): gone for good)
https://gpacalculator.net/admissions/globe-university-appleton/,unresolved; search console,unresolved,404,0,3,404,410 (left IPEDS after 2016 without a closing date or a successor: gone for good)
https://gpacalculator.net/admissions/globe-university-eau-claire/,unresolved; search console,unresolved,404,0,3,404,410 (left IPEDS after 2016 without a closing date or a successor: gone for good)
https://gpacalculator.net/admissions/globe-university-la-crosse/,unresolved; search console,unresolved,404,0,4,404,410 (left IPEDS after 2016 without a closing date or a successor: gone for good)
https://gpacalculator.net/admissions/globe-university-madison-east/,unresolved,unresolved,404,0,0,404,410 (left IPEDS after 2017 without a closing date or a successor: gone for good)
https://gpacalculator.net/admissions/globe-university-sioux-falls/,unresolved; search console,unresolved,404,0,3,404,410 (left IPEDS after 2016 without a closing date or a successor: gone for good)
https://gpacalculator.net/admissions/globe-university-wausau/,unresolved; search console,unresolved,404,0,1,404,410 (left IPEDS after 2017 without a closing date or a successor: gone for good)
https://gpacalculator.net/admissions/globe-university-woodbury/,unresolved,unresolved,404,0,0,404,410 (left IPEDS after 2016 without a closing date or a successor: gone for good)
https://gpacalculator.net/admissions/harrison-college-columbus/,unresolved; search console,unresolved,404,0,1,404,410 (left IPEDS after 2011 without a closing date or a successor: gone for good)
https://gpacalculator.net/admissions/harrison-college-elkhart/,unresolved; search console,unresolved,404,0,2,404,410 (left IPEDS after 2011 without a closing date or a successor: gone for good)
https://gpacalculator.net/admissions/harrison-college-evansville/,unresolved; search console,unresolved,404,0,2,404,410 (left IPEDS after 2011 without a closing date or a successor: gone for good)
https://gpacalculator.net/admissions/harrison-college-indianapolis-east/,unresolved; search console,unresolved,404,0,1,404,410 (left IPEDS after 2011 without a closing date or a successor: gone for good)
https://gpacalculator.net/admissions/harrison-college-lafayette/,unresolved; search console,unresolved,404,0,1,404,410 (left IPEDS after 2011 without a closing date or a successor: gone for good)
https://gpacalculator.net/admissions/harrison-college-terre-haute/,unresolved; search console,unresolved,404,0,1,404,410 (left IPEDS after 2011 without a closing date or a successor: gone for good)
https://gpacalculator.net/admissions/international-technological-university/,unresolved,unresolved,404,0,0,404,410 (left IPEDS after 2022 without a closing date or a successor: gone for good)
https://gpacalculator.net/admissions/island-drafting-and-technical-institute/,unresolved; search console,unresolved,404,0,2,404,"410 (closed 04/09/2025 (FSA's closed-school file, OPEID 00737500): gone for good)"
https://gpacalculator.net/admissions/itt-technical-institute-university-park/,legacy map,410,410,0,0,410 with clicks,301 https://gpacalculator.net/admissions/?search=Florida (1 clicks in 12 months: no successor; the hub's colleges in Florida)
https://gpacalculator.net/admissions/johnson-and-wales-university-denver/,legacy map; search console,410,301 Rank Math > /admissions/johnson-wales-university-denver/ | 410,0,3,dead-end,410 (redirects to a page that answers 410: answer 410 itself)
https://gpacalculator.net/admissions/johnson-and-wales-university-north-miami/,legacy map; search console,410,301 Rank Math > /admissions/johnson-wales-university-north-miami/ | 410,0,3,dead-end,410 (redirects to a page that answers 410: answer 410 itself)
https://gpacalculator.net/admissions/johnson-wales-university-online/,unresolved,unresolved,404,0,0,404,301 https://gpacalculator.net/admissions/johnson-wales-university-providence/ (the same college's page here)
https://gpacalculator.net/admissions/kingston-university/,unresolved,unresolved,404,0,0,404,301 https://gpacalculator.net/admissions/ (43 clicks in 12 months: no successor and no state on record; the hub)
https://gpacalculator.net/admissions/limestone-college/,unresolved; search console,unresolved,404,0,4,404,"410 (closed 05/02/2025 (FSA's closed-school file, OPEID 00343600): gone for good)"
https://gpacalculator.net/admissions/liu-brentwood/,unresolved,unresolved,404,0,0,404,301 https://gpacalculator.net/admissions/long-island-university/ (the same college's page here)
https://gpacalculator.net/admissions/liu-brooklyn/,old-slug twin,301 https://gpacalculator.net/admissions/long-island-university-brooklyn-campus/,301 Rank Math > /admissions/long-island-university-brooklyn-campus/ | 301 Rank Math > /admissions/long-island-university/ | 200,0,0,chain,301 https://gpacalculator.net/admissions/long-island-university/ (2 redirects in a row: send it straight to the last page)
https://gpacalculator.net/admissions/liu-hudson-at-westchester/,unresolved,unresolved,404,0,0,404,301 https://gpacalculator.net/admissions/long-island-university/ (the same college's page here)
https://gpacalculator.net/admissions/liu-post/,old-slug twin,301 https://gpacalculator.net/admissions/long-island-university-c-w-post-campus/,301 Rank Math > /admissions/long-island-university-c-w-post-campus/ | 301 Rank Math > /admissions/long-island-university/ | 200,0,0,chain,301 https://gpacalculator.net/admissions/long-island-university/ (2 redirects in a row: send it straight to the last page)
https://gpacalculator.net/admissions/liu-riverhead/,unresolved,unresolved,404,0,0,404,301 https://gpacalculator.net/admissions/long-island-university/ (the same college's page here)
https://gpacalculator.net/admissions/liu-university-center-campus/,unresolved,unresolved,404,0,0,404,301 https://gpacalculator.net/admissions/long-island-university/ (the same college's page here)
https://gpacalculator.net/admissions/long-island-university-brentwood-campus/,unresolved,unresolved,404,0,0,404,301 https://gpacalculator.net/admissions/long-island-university/ (the same college's page here)
https://gpacalculator.net/admissions/long-island-university-riverhead-campus/,unresolved,unresolved,404,0,0,404,301 https://gpacalculator.net/admissions/long-island-university/ (the same college's page here)
https://gpacalculator.net/admissions/long-island-university-university-center-campus/,unresolved,unresolved,404,0,0,404,301 https://gpacalculator.net/admissions/long-island-university/ (the same college's page here)
https://gpacalculator.net/admissions/long-island-university-westchester-campus/,unresolved,unresolved,404,0,0,404,301 https://gpacalculator.net/admissions/long-island-university/ (the same college's page here)
https://gpacalculator.net/admissions/marian-university-3/,unresolved,unresolved,404,0,0,404,410 (no college by that name in IPEDS (2002-2024): gone for good)
https://gpacalculator.net/admissions/marlboro-college/,unresolved; search console,unresolved,404,0,7,404,"410 (several colleges by that name, none with an answer: Marlboro College: none left IPEDS after 2020 without a closing date or a successor; Marlboro College Graduate & Professional Studies: none left IPEDS after 2020 without a closing date or a successor: gone for good)"
https://gpacalculator.net/admissions/martin-university/,unresolved; search console,unresolved,404,0,5,404,"410 (closed 12/13/2025 (FSA's closed-school file, OPEID 02140800): gone for good)"
https://gpacalculator.net/admissions/minnesota-school-of-business-blaine/,unresolved; search console,unresolved,404,0,8,404,410 (left IPEDS after 2016 without a closing date or a successor: gone for good)
https://gpacalculator.net/admissions/minnesota-school-of-business-moorhead/,unresolved; search console,unresolved,404,0,3,404,410 (left IPEDS after 2016 without a closing date or a successor: gone for good)
https://gpacalculator.net/admissions/minnesota-school-of-business-richfield/,unresolved; search console,unresolved,404,0,4,404,410 (left IPEDS after 2016 without a closing date or a successor: gone for good)
https://gpacalculator.net/admissions/minnesota-school-of-business-rochester/,unresolved; search console,unresolved,404,0,1,404,410 (left IPEDS after 2016 without a closing date or a successor: gone for good)
https://gpacalculator.net/admissions/minnesota-school-of-business-waite-park/,unresolved; search console,unresolved,404,0,3,404,410 (left IPEDS after 2016 without a closing date or a successor: gone for good)
https://gpacalculator.net/admissions/morrison-university/,legacy map; search console,410,410,1,3,410 with clicks,301 https://gpacalculator.net/admissions/?search=Nevada (1 clicks in 12 months: no successor; the hub's colleges in Nevada)
https://gpacalculator.net/admissions/mount-ida-college/,unresolved; search console,unresolved,404,0,4,404,410 (left IPEDS after 2017 without a closing date or a successor: gone for good)
https://gpacalculator.net/admissions/national-american-uni-colorado-springs-south/,old-slug twin,301 https://gpacalculator.net/admissions/national-american-university-colorado-springs-south/,301 Rank Math > /admissions/national-american-university-colorado-springs-south/ | 410,0,0,dead-end,410 (redirects to a page that answers 410: answer 410 itself)
https://gpacalculator.net/admissions/new-england-college-of-business/,unresolved; search console,unresolved,404,0,3,404,410 (no college by that name in IPEDS (2002-2024): gone for good)
https://gpacalculator.net/admissions/new-layout-test-page/,unresolved,unresolved,404,0,0,404,410 (no college by that name in IPEDS (2002-2024): gone for good)
https://gpacalculator.net/admissions/northland-college/,unresolved; search console,unresolved,404,0,3,404,"410 (closed 05/23/2025 (FSA's closed-school file, OPEID 00387500): gone for good)"
https://gpacalculator.net/admissions/northwestern-college-il/,unresolved; search console,unresolved,404,0,18,404,410 (no college by that name in IPEDS (2002-2024): gone for good)
https://gpacalculator.net/admissions/northwestern-college-southwestern-campus/,unresolved; search console,unresolved,404,0,2,404,"410 (closed 07/06/2024 (FSA's closed-school file, OPEID 01236200): gone for good)"
https://gpacalculator.net/admissions/ohio-business-college-sandusky/,unresolved; search console,unresolved,404,0,2,404,
https://gpacalculator.net/admissions/omaha-school-of-massage-and-healthcare-of-herzing-uni/,unresolved,unresolved,404,0,0,404,410 (no college by that name in IPEDS (2002-2024): gone for good)
https://gpacalculator.net/admissions/omaha-school-of-massage-and-healthcare-of-herzing-university/,unresolved,unresolved,404,0,0,404,410 (left IPEDS after 2017 without a closing date or a successor: gone for good)
https://gpacalculator.net/admissions/ottawa-university-kansas-city/,unresolved,unresolved,404,0,0,404,301 https://gpacalculator.net/admissions/ottawa-university-ottawa/ (the same college's page here)
https://gpacalculator.net/admissions/paier-college-of-art-inc/,unresolved; search console,unresolved,404,0,5,404,
https://gpacalculator.net/admissions/patten-university/,unresolved,unresolved,404,0,0,404,410 (left IPEDS after 2012 without a closing date or a successor: gone for good)
https://gpacalculator.net/admissions/roger-williams-university-school-of-law/,unresolved,unresolved,404,0,0,404,301 https://gpacalculator.net/admissions/roger-williams-university/ (the same college's page here)
https://gpacalculator.net/admissions/saint-augustine-college/,unresolved; search console,unresolved,404,0,12,404,
https://gpacalculator.net/admissions/south-university-off-campus-programs/,unresolved,unresolved,404,0,0,404,301 https://gpacalculator.net/admissions/south-university/ (the same college's page here)
https://gpacalculator.net/admissions/st-andrews-university/,unresolved; search console,unresolved,404,0,51,404,"410 (closed 05/05/2025 (FSA's closed-school file, OPEID 00154001): gone for good)"
https://gpacalculator.net/admissions/st-luke-university/,unresolved,unresolved,404,0,0,404,"410 (several colleges by that name, none with an answer: St Luke University: none left IPEDS after 2005 without a closing date or a successor; St Luke University: none left IPEDS after 2013 without a closing date or a successor: gone for good)"
https://gpacalculator.net/admissions/texas-a-and-m-university-galveston/,legacy map; search console,301 https://gpacalculator.net/admissions/texas-a-and-m-university-college-station/,301 Rank Math > /admissions/texas-a-m-university-galveston/ | 301 Rank Math > /admissions/texas-a-and-m-university-college-station/ | 200,0,22,chain,301 https://gpacalculator.net/admissions/texas-a-and-m-university-college-station/ (2 redirects in a row: send it straight to the last page)
https://gpacalculator.net/admissions/the-college-of-new-rochelle/,unresolved; search console,unresolved,404,0,7,404,410 (left IPEDS after 2019 without a closing date or a successor: gone for good)
https://gpacalculator.net/admissions/the-college-of-saint-rose/,unresolved; search console,unresolved,404,0,10,404,"410 (closed 06/21/2024 (FSA's closed-school file, OPEID 00270500): gone for good)"
https://gpacalculator.net/admissions/the-kings-college/,unresolved; search console,unresolved,404,0,34,404,410 (left IPEDS after 2023 without a closing date or a successor: gone for good)
https://gpacalculator.net/admissions/the-texas-am-university-system-office/,old-slug twin,410,410,0,0,410 with clicks,301 https://gpacalculator.net/admissions/texas-a-and-m-university-college-station/ (1 clicks in 12 months: the Texas A&M system's flagship)
https://gpacalculator.net/admissions/triangle-tech-inc-bethlehem/,unresolved; search console,unresolved,404,0,2,404,"410 (closed 05/30/2025 (FSA's closed-school file, OPEID 02129003): gone for good)"
https://gpacalculator.net/admissions/triangle-tech-inc-dubois/,unresolved; search console,unresolved,404,0,8,404,"410 (closed 02/07/2025 (FSA's closed-school file, OPEID 02174400): gone for good)"
https://gpacalculator.net/admissions/triangle-tech-inc-greensburg/,unresolved; search console,unresolved,404,0,4,404,"410 (closed 05/30/2025 (FSA's closed-school file, OPEID 02129000): gone for good)"
https://gpacalculator.net/admissions/triangle-tech-inc-pittsburgh/,unresolved; search console,unresolved,404,0,2,404,"410 (closed 05/30/2025 (FSA's closed-school file, OPEID 00783900): gone for good)"
https://gpacalculator.net/admissions/triangle-tech-inc-sunbury/,unresolved; search console,unresolved,404,0,4,404,"410 (closed 02/07/2025 (FSA's closed-school file, OPEID 02174401): gone for good)"
https://gpacalculator.net/admissions/union-institute-and-university/,old-slug twin; search console,301 https://gpacalculator.net/admissions/union-institute-university/,301 Rank Math > /admissions/union-institute-university/ | 410,0,49,dead-end,410 (redirects to a page that answers 410: answer 410 itself)
https://gpacalculator.net/admissions/university-of-alaska-system-of-higher-education/,old-slug twin,410,410,0,0,410 with clicks,301 https://gpacalculator.net/admissions/university-of-alaska-fairbanks/ (1 clicks in 12 months: the University of Alaska system's flagship)
https://gpacalculator.net/admissions/university-of-illinois-university-administration/,old-slug twin,410,410,0,0,410 with clicks,301 https://gpacalculator.net/admissions/uiuc/ (1 clicks in 12 months: the University of Illinois system's flagship)
https://gpacalculator.net/admissions/university-of-minnesota-twin-cities/,unresolved,unresolved,404,0,0,404,
https://gpacalculator.net/admissions/university-of-phoenix-hawaii-campus/,unresolved; search console,unresolved,404,0,1,404,"410 (closed 04/09/2024 (FSA's closed-school file, OPEID 72098871): gone for good)"
https://gpacalculator.net/admissions/university-of-phoenix-minneapolisst-paul-campus/,old-slug twin,301 https://gpacalculator.net/admissions/university-of-phoenix-minneapolis-st-paul-campus/,301 Rank Math > /admissions/university-of-phoenix-minneapolis-st-paul-campus/ | 410,0,0,dead-end,410 (redirects to a page that answers 410: answer 410 itself)
https://gpacalculator.net/admissions/university-of-phoenix-phoenix-campus/,unresolved,unresolved,404,0,0,404,301 https://gpacalculator.net/admissions/university-of-phoenix/ (the same college's page here)
https://gpacalculator.net/admissions/university-of-st-thomas-3/,unresolved,unresolved,404,0,0,404,301 https://gpacalculator.net/admissions/?search=St.%20Thomas (2 clicks in 12 months: several colleges have the name; the hub's search for St. Thomas)
https://gpacalculator.net/admissions/virginia-college-la/,unresolved; search console,unresolved,404,0,3,404,410 (no college by that name in IPEDS (2002-2024): gone for good)
https://gpacalculator.net/admissions/virginia-college-sc/,unresolved; search console,unresolved,404,0,4,404,410 (no college by that name in IPEDS (2002-2024): gone for good)
https://gpacalculator.net/admissions/virginia-college-va/,unresolved; search console,unresolved,404,0,1,404,410 (no college by that name in IPEDS (2002-2024): gone for good)
https://gpacalculator.net/admissions/wheelock-college/,unresolved; search console,unresolved,404,0,5,404,410 (left IPEDS after 2018 without a closing date or a successor: gone for good)
https://gpacalculator.net/admissions/whitworth-university-adult-degree-programs/,unresolved,unresolved,404,0,0,404,301 https://gpacalculator.net/admissions/whitworth-university/ (the same college's page here)
