slug,title,location,checkpoint,planned,admissions_answer,admission_answer,clicks_12m,impressions_12m,flag,fix
acadiana-technical-college-lafayette-campus,Acadiana Technical College Lafayette Campus,"Lafayette, Louisiana",C,301 https://gpacalculator.net/admissions/south-louisiana-community-college/,301 Rank Math > /admissions/south-louisiana-community-college/ | 200,301 Rank Math > /admissions/south-louisiana-community-college/ | 200,0,1,,
acupuncture-and-massage-college,Acupuncture and Massage College,"Miami, Florida",C,410,410,410,0,1,,
ai-miami-international-university-of-art-and-design,AI Miami International University of Art and Design,"Miami, Florida",C,410,410,410,0,18,,
aib-college-of-business,AIB College of Business,"Des Moines, Iowa",C,410,410,410,0,3,,
alabama-southern-community-college,Alabama Southern Community College,"Monroeville, Alabama",N,301 https://gpacalculator.net/admissions/coastal-alabama-community-college/,301 Rank Math > /admissions/coastal-alabama-community-college/ | 200,301 Rank Math > /admissions/coastal-alabama-community-college/ | 200,0,7,,
alderson-broaddus-college,Alderson Broaddus College,"Philippi, West Virginia",C,410,410,410,0,2,,
altamaha-technical-college,Altamaha Technical College,"Jesup, Georgia",C,301 https://gpacalculator.net/admissions/coastal-pines-technical-college/,301 Rank Math > /admissions/coastal-pines-technical-college/ | 200,301 Rank Math > /admissions/coastal-pines-technical-college/ | 200,0,1,,
american-academy-of-art,American Academy of Art,"Chicago, Illinois",C,410,410,410,0,15,,
american-conservatory-theater,American Conservatory Theater,"San Francisco, California",C,410,410,410,0,6,,
american-intercontinental-university-south-florida,American InterContinental University South Florida,"Weston, Florida",C,410,410,410,0,42,,
american-sentinel-university,American Sentinel University,"Aurora, Colorado",C,301 https://gpacalculator.net/admissions/post-university/,301 Rank Math > /admissions/post-university/ | 200,301 Rank Math > /admissions/post-university/ | 200,0,13,,
ancilla-college,Ancilla College,"Donaldson, Indiana",C,410,410,410,0,0,,
antonelli-college-cincinnati,Antonelli College Cincinnati,"Cincinnati, Ohio",C,410,410,410,0,3,,
antonelli-college-hattiesburg,Antonelli College Hattiesburg,"Hattiesburg, Mississippi",C,410,410,410,0,0,,
antonelli-college-jackson,Antonelli College Jackson,"Jackson, Mississippi",C,410,410,410,0,7,,
antonelli-institute,Antonelli Institute,"Erdenheim, Pennsylvania",R,410,410,410,0,2,,
apex-school-of-theology,Apex School of Theology,"Durham, North Carolina",C,410,410,410,0,1,,
asa-institute-of-business-and-computer-technology,ASA Institute of Business and Computer Technology,"Brooklyn, New York",C,410,410,410,0,8,,
asnuntuck-community-college,Asnuntuck Community College,"Enfield, Connecticut",N,301 https://gpacalculator.net/admissions/connecticut-state-community-college/,301 Rank Math > /admissions/connecticut-state-community-college/ | 200,301 Rank Math > /admissions/connecticut-state-community-college/ | 200,0,3,,
averett-university-non-traditional-programs,Averett University Non Traditional Programs,"Danville, Virginia",C,301 https://gpacalculator.net/admissions/averett-university/,301 Rank Math > /admissions/averett-university/ | 200,301 Rank Math > /admissions/averett-university/ | 200,0,26,,
bainbridge-college,Bainbridge College,"Bainbridge, Georgia",C,301 https://gpacalculator.net/admissions/abraham-baldwin-agricultural-college/,301 Rank Math > /admissions/abraham-baldwin-agricultural-college/ | 200,301 Rank Math > /admissions/abraham-baldwin-agricultural-college/ | 200,0,3,,
baker-college-center-for-graduate-studies,Baker College Center for Graduate Studies,"Flint, Michigan",S,301 https://gpacalculator.net/admissions/baker-college/,301 Rank Math > /admissions/baker-college/ | 200,301 Rank Math > /admissions/baker-college/ | 200,0,12,,
baker-college-of-allen-park,Baker College of Allen Park,"Allen Park, Michigan",S,301 https://gpacalculator.net/admissions/baker-college/,301 Rank Math > /admissions/baker-college/ | 200,301 Rank Math > /admissions/baker-college/ | 200,0,10,,
baker-college-of-auburn-hills,Baker College of Auburn Hills,"Auburn Hills, Michigan",S,301 https://gpacalculator.net/admissions/baker-college/,301 Rank Math > /admissions/baker-college/ | 200,301 Rank Math > /admissions/baker-college/ | 200,0,11,,
baker-college-of-cadillac,Baker College of Cadillac,"Cadillac, Michigan",S,301 https://gpacalculator.net/admissions/baker-college/,301 Rank Math > /admissions/baker-college/ | 200,301 Rank Math > /admissions/baker-college/ | 200,0,1,,
baker-college-of-clinton-township,Baker College of Clinton Township,"Clinton Township, Michigan",S,301 https://gpacalculator.net/admissions/baker-college/,301 Rank Math > /admissions/baker-college/ | 200,301 Rank Math > /admissions/baker-college/ | 200,0,3,,
baker-college-of-flint,Baker College of Flint,"Flint, Michigan",P,301 https://gpacalculator.net/admissions/baker-college/,301 Rank Math > /admissions/baker-college/ | 200,301 Rank Math > /admissions/baker-college/ | 200,0,8,,
baker-college-of-jackson,Baker College of Jackson,"Jackson, Michigan",S,301 https://gpacalculator.net/admissions/baker-college/,301 Rank Math > /admissions/baker-college/ | 200,301 Rank Math > /admissions/baker-college/ | 200,0,0,,
baker-college-of-muskegon,Baker College of Muskegon,"Muskegon, Michigan",S,301 https://gpacalculator.net/admissions/baker-college/,301 Rank Math > /admissions/baker-college/ | 200,301 Rank Math > /admissions/baker-college/ | 200,0,11,,
baker-college-of-owosso,Baker College of Owosso,"Owosso, Michigan",S,301 https://gpacalculator.net/admissions/baker-college/,301 Rank Math > /admissions/baker-college/ | 200,301 Rank Math > /admissions/baker-college/ | 200,0,3,,
baker-college-of-port-huron,Baker College of Port Huron,"Port Huron, Michigan",S,301 https://gpacalculator.net/admissions/baker-college/,301 Rank Math > /admissions/baker-college/ | 200,301 Rank Math > /admissions/baker-college/ | 200,0,2,,
bauder-college,Bauder College,"Atlanta, Georgia",C,410,410,410,0,0,,
bloomsburg-university-of-pennsylvania,Bloomsburg University of Pennsylvania,"Bloomsburg, Pennsylvania",S,301 https://gpacalculator.net/admissions/commonwealth-university-of-pennsylvania/,301 Rank Math > /admissions/commonwealth-university-of-pennsylvania/ | 200,301 Rank Math > /admissions/commonwealth-university-of-pennsylvania/ | 200,3,1480,,
blue-cliff-college-houma,Blue Cliff College Houma,"Houma, Louisiana",C,410,410,410,0,1,,
blue-cliff-college-shreveport,Blue Cliff College Shreveport,"Shreveport, Louisiana",C,410,410,410,0,2,,
boulder-college-of-massage-therapy,Boulder College of Massage Therapy,"Boulder, Colorado",C,410,410,410,0,8,,
bramson-ort-college,Bramson ORT College,"Forest Hills, New York",C,410,410,410,0,0,,
broadview-entertainment-arts-university,Broadview Entertainment Arts University,"Salt Lake City, Utah",C,410,410,410,0,10,,
broadview-university,Broadview University,"Meridian, Idaho",C,410,410,410,0,31,,
broadview-university-layton,Broadview University Layton,"Layton, Utah",C,410,410,410,0,4,,
broadview-university-orem,Broadview University Orem,"Orem, Utah",C,410,410,410,1,36,410 with clicks,/admissions/: 301 https://gpacalculator.net/admissions/?search=Utah; /admission/: 301 https://gpacalculator.net/admissions/?search=Utah
broadview-university-west-jordan,Broadview University West Jordan,"West Jordan, Utah",R,410,410,410,0,14,,
bryan-university-rogers,Bryan University,"Rogers, Arkansas",C,410,410,410,0,1,,
bryan-university-topeka,Bryan University Topeka,"Topeka, Kansas",R,410,410,410,0,1,,
bryant-and-stratton-college-amherst,Bryant and Stratton College Amherst,"Getzville, New York",M,301 https://gpacalculator.net/admissions/bryant-and-stratton-college-buffalo/,301 Rank Math > /admissions/bryant-and-stratton-college-buffalo/ | 200,301 Rank Math > /admissions/bryant-and-stratton-college-buffalo/ | 200,0,4,,
bryant-and-stratton-college-cleveland,Bryant & Stratton College Cleveland,"Cleveland, Ohio",C,301 https://gpacalculator.net/admissions/bryant-and-stratton-college-parma/,301 Rank Math > /admissions/bryant-and-stratton-college-parma/ | 200,301 Rank Math > /admissions/bryant-and-stratton-college-parma/ | 200,0,1,,
bryant-and-stratton-college-eastlake,Bryant and Stratton College Eastlake,"Eastlake, Ohio",C,301 https://gpacalculator.net/admissions/bryant-and-stratton-college-parma/,301 Rank Math > /admissions/bryant-and-stratton-college-parma/ | 200,301 Rank Math > /admissions/bryant-and-stratton-college-parma/ | 200,0,1,,
bryant-and-stratton-college-glendale,Bryant and Stratton College Glendale,"Glendale, Wisconsin",C,301 https://gpacalculator.net/admissions/bryant-and-stratton-college-wauwatosa/,301 Rank Math > /admissions/bryant-and-stratton-college-wauwatosa/ | 200,301 Rank Math > /admissions/bryant-and-stratton-college-wauwatosa/ | 200,0,1,,
bryant-and-stratton-college-hampton,Bryant & Stratton College Hampton,"Hampton, Virginia",M,301 https://gpacalculator.net/admissions/bryant-and-stratton-college-virginia-beach/,301 Rank Math > /admissions/bryant-and-stratton-college-virginia-beach/ | 200,301 Rank Math > /admissions/bryant-and-stratton-college-virginia-beach/ | 200,0,7,,
bryant-and-stratton-college-henrietta,Bryant and Stratton College Henrietta,"Rochester, New York",M,301 https://gpacalculator.net/admissions/bryant-and-stratton-college-greece/,301 Rank Math > /admissions/bryant-and-stratton-college-greece/ | 200,301 Rank Math > /admissions/bryant-and-stratton-college-greece/ | 200,0,0,,
bryant-and-stratton-college-main-syracuse,Bryant and Stratton College Main Syracuse,"Syracuse, New York",M,301 https://gpacalculator.net/admissions/bryant-and-stratton-college-syracuse-north/,301 Rank Math > /admissions/bryant-and-stratton-college-syracuse-north/ | 200,301 Rank Math > /admissions/bryant-and-stratton-college-syracuse-north/ | 200,0,10,,
bryant-and-stratton-college-milwaukee,Bryant and Stratton College Milwaukee,"Milwaukee, Wisconsin",C,410,410,410,0,2,,
bryant-and-stratton-college-richmond,Bryant and Stratton College Richmond,"North Chesterfield, Virginia",M,301 https://gpacalculator.net/admissions/bryant-and-stratton-college-virginia-beach/,301 Rank Math > /admissions/bryant-and-stratton-college-virginia-beach/ | 200,301 Rank Math > /admissions/bryant-and-stratton-college-virginia-beach/ | 200,0,6,,
bryant-and-stratton-college-southtowns,Bryant and Stratton College Southtowns,"Orchard Park, New York",M,301 https://gpacalculator.net/admissions/bryant-and-stratton-college-buffalo/,301 Rank Math > /admissions/bryant-and-stratton-college-buffalo/ | 200,301 Rank Math > /admissions/bryant-and-stratton-college-buffalo/ | 200,0,4,,
business-informatics-center-inc,Business Informatics Center Inc,"Valley Stream, New York",C,410,410,410,0,1,,
cabrini-college,Cabrini College,"Radnor, Pennsylvania",C,410,410,410,1,4,410 with clicks,/admissions/: 301 https://gpacalculator.net/admissions/?search=Pennsylvania; /admission/: 301 https://gpacalculator.net/admissions/?search=Pennsylvania
california-christian-college,California Christian College,"Fresno, California",C,410,410,410,0,3,,
california-jazz-conservatory,California Jazz Conservatory,"Berkeley, California",R,410,410,410,0,4,,
california-university-of-pennsylvania,PennWest California,"California, Pennsylvania",N,301 https://gpacalculator.net/admissions/pennsylvania-western-university/,301 Rank Math > /admissions/pennsylvania-western-university/ | 200,301 Rank Math > /admissions/pennsylvania-western-university/ | 200,1,334,,
cambria-rowe-business-college-indiana,Cambria Rowe Business College Indiana,"Indiana, Pennsylvania",C,410,410,410,0,0,,
cambria-rowe-business-college-johnstown,Cambria Rowe Business College Johnstown,"Johnstown, Pennsylvania",C,410,410,410,0,0,,
capital-community-college,Capital Community College,"Hartford, Connecticut",N,301 https://gpacalculator.net/admissions/connecticut-state-community-college/,301 Rank Math > /admissions/connecticut-state-community-college/ | 200,301 Rank Math > /admissions/connecticut-state-community-college/ | 200,0,1,,
career-technical-college-shreveport,Career Technical College Shreveport,"Shreveport, Louisiana",C,410,410,410,0,0,,
castleton-state-college,Castleton State College,"Castleton, Vermont",N,301 https://gpacalculator.net/admissions/vermont-state-university/,301 Rank Math > /admissions/vermont-state-university/ | 200,301 Rank Math > /admissions/vermont-state-university/ | 200,0,20,,
central-bible-college,Central Bible College,"Springfield, Missouri",R,410,410,410,0,4,,
centura-college-richmond-main,Centura College Richmond Main,"Richmond, Virginia",C,410,410,410,0,3,,
centura-college-richmond-westend,Centura College Richmond Westend,"Richmond, Virginia",C,410,410,410,0,1,,
centura-institute,Centura Institute,"Orlando, Florida",C,410,410,410,0,0,,
chancellor-university,Chancellor University,"Seven Hills, Ohio",C,410,410,410,0,4,,
chatfield-college,Chatfield College,"Saint Martin, Ohio",R,410,410,410,0,0,,
chester-college-of-new-england,Chester College of New England,"Chester, New Hampshire",C,410,410,410,0,0,,
cincinnati-christian-university,Cincinnati Christian University,"Cincinnati, Ohio",C,410,410,410,0,69,,
city-college-altamonte-springs,City College Altamonte Springs,"Altamonte Springs, Florida",R,410,410,410,0,3,,
city-college-fort-lauderdale,City College Fort Lauderdale,"Fort Lauderdale, Florida",R,410,410,410,0,6,,
city-college-gainesville,City College Gainesville,"Gainesville, Florida",C,410,410,410,0,2,,
city-college-miami,City College Miami,"Miami, Florida",C,410,410,410,0,2,,
clarion-university-of-pennsylvania,PennWest Clarion,"Clarion, Pennsylvania",N,301 https://gpacalculator.net/admissions/pennsylvania-western-university/,301 Rank Math > /admissions/pennsylvania-western-university/ | 200,301 Rank Math > /admissions/pennsylvania-western-university/ | 200,2,245,,
coleman-university,Coleman University,"San Diego, California",R,410,410,410,0,25,,
college-america-cheyenne,College America Cheyenne,"Cheyenne, Wyoming",C,410,410,410,0,1,,
college-america-colorado-springs,College America Colorado Springs,"Colorado Springs, Colorado",C,410,410,410,0,4,,
college-america-denver,College America Denver,"Denver, Colorado",C,410,410,410,0,1,,
college-america-flagstaff,College America Flagstaff,"Flagstaff, Arizona",C,410,410,410,0,0,,
college-america-fort-collins,College America Fort Collins,"Fort Collins, Colorado",C,410,410,410,0,0,,
college-of-business-and-technology-kendall,College of Business and Technology Kendall,"Miami, Florida",C,410,410,410,0,0,,
collins-college,Collins College,"Phoenix, Arizona",C,410,410,410,0,30,,
colorado-academy-of-veterinary-technology,Colorado Academy of Veterinary Technology,"Colorado Springs, Colorado",R,410,410,410,0,8,,
colorado-technical-university-greenwood-village,Colorado Technical University Greenwood Village,"Aurora, Colorado",C,301 https://gpacalculator.net/admissions/colorado-technical-university-colorado-springs/,301 Rank Math > /admissions/colorado-technical-university-colorado-springs/ | 200,301 Rank Math > /admissions/colorado-technical-university-colorado-springs/ | 200,0,3,,
colorado-technical-university-kansas-city,Colorado Technical University Kansas City,"North Kansas City, Missouri",C,410,410,410,0,45,,
colorado-technical-university-online,Colorado Technical University Online,"Colorado Springs, Colorado",C,301 https://gpacalculator.net/admissions/colorado-technical-university-colorado-springs/,301 Rank Math > /admissions/colorado-technical-university-colorado-springs/ | 200,301 Rank Math > /admissions/colorado-technical-university-colorado-springs/ | 200,0,437,,
colorado-technical-university-sioux-falls,Colorado Technical University Sioux Falls,"Sioux Falls, South Dakota",C,301 https://gpacalculator.net/admissions/colorado-technical-university-colorado-springs/,301 Rank Math > /admissions/colorado-technical-university-colorado-springs/ | 200,301 Rank Math > /admissions/colorado-technical-university-colorado-springs/ | 200,0,125,,
columbia-college-hollywood,Columbia College Hollywood,"Tarzana, California",R,410,410,410,0,5,,
compass-college-of-cinematic-arts,Compass College of Cinematic Arts,"Grand Rapids, Michigan",C,410,410,410,0,3,,
concordia-college-selma,Concordia College Selma,"Selma, Alabama",C,410,410,410,0,0,,
concordia-university-portland,Concordia University Portland,"Portland, Oregon",C,410,410,410,0,114,,
corcoran-college-of-art-and-design,Corcoran College of Art and Design,"Washington, District Of Columbia",R,410,410,410,0,5,,
court-reporting-institute-wheeler-institute-of-texas,Court Reporting Institute Wheeler Institute of Texas,"Dallas, Texas",C,410,410,410,0,1,,
crossroads-college,Crossroads College,"Rochester, Minnesota",R,410,410,410,0,5,,
daniel-webster-college,Daniel Webster College,"Nashua, New Hampshire",C,410,410,410,0,7,,
darton-college,Darton College,"Albany, Georgia",C,301 https://gpacalculator.net/admissions/albany-state-university/,301 Rank Math > /admissions/albany-state-university/ | 200,301 Rank Math > /admissions/albany-state-university/ | 200,0,4,,
daymar-college-bellevue,Daymar College Bellevue,"Bellevue, Kentucky",R,410,410,410,0,0,,
daymar-college-bowling-green,Daymar College Bowling Green,"Bowling Green, Kentucky",C,410,410,410,0,2,,
daymar-college-chillicothe,Daymar College Chillicothe,"Chillicothe, Ohio",R,410,410,410,0,3,,
daymar-college-jackson,Daymar College Jackson,"Jackson, Ohio",C,410,410,410,0,3,,
daymar-college-lancaster,Daymar College Lancaster,"Lancaster, Ohio",C,410,410,410,0,1,,
daymar-college-madisonville,Daymar College Madisonville,"Madisonville, Kentucky",C,410,410,410,0,0,,
daymar-college-new-boston,Daymar College New Boston,"New Boston, Ohio",C,410,410,410,0,0,,
daymar-college-online,Daymar College Online,"Louisville, Kentucky",C,410,410,410,0,1,,
daymar-college-owensboro,Daymar College Owensboro,"Owensboro, Kentucky",R,410,410,410,0,0,,
daymar-college-paducah-main,Daymar College Paducah Main,"Paducah, Kentucky",C,410,410,410,0,0,,
daymar-college-scottsville,Daymar College Scottsville,"Scottsville, Kentucky",C,410,410,410,0,0,,
daymar-institute-clarksville,Daymar College Clarksville,"Clarksville, Tennessee",C,410,410,410,0,5,,
daymar-institute-murfreesboro,Daymar College Murfreesboro,"Murfreesboro, Tennessee",C,410,410,410,0,0,,
daymar-institute-nashville,Daymar College Nashville,"Nashville, Tennessee",C,410,410,410,0,0,,
dean-institute-of-technology,Dean Institute of Technology,"Pittsburgh, Pennsylvania",C,410,410,410,0,3,,
delaware-college-of-art-and-design,Delaware College of Art and Design,"Wilmington, Delaware",C,410,410,410,0,3,,
delaware-technical-and-community-college-owens,Delaware Technical and Community College Owens,"Georgetown, Delaware",M,301 https://gpacalculator.net/admissions/delaware-technical-and-community-college-terry/,301 Rank Math > /admissions/delaware-technical-and-community-college-terry/ | 200,301 Rank Math > /admissions/delaware-technical-and-community-college-terry/ | 200,0,4,,
delaware-technical-and-community-college-stanton-wilmington,Delaware Technical and Community College Stanton Wilmington,"Wilmington, Delaware",M,301 https://gpacalculator.net/admissions/delaware-technical-and-community-college-terry/,301 Rank Math > /admissions/delaware-technical-and-community-college-terry/ | 200,301 Rank Math > /admissions/delaware-technical-and-community-college-terry/ | 200,0,14,,
devry-university-colorado,DeVry University Colorado,"Westminster, Colorado",R,410,410,410,0,21,,
devry-university-indiana,DeVry University Indiana,"Indianapolis, Indiana",R,410,410,410,0,8,,
devry-university-kentucky,DeVry University Kentucky,"Louisville, Kentucky",R,410,410,410,0,28,,
devry-university-maryland,DeVry University Maryland,"Bethesda, Maryland",R,410,410,410,0,31,,
devry-university-michigan,DeVry University Michigan,"Southfield, Michigan",R,410,410,410,0,22,,
devry-university-minnesota,DeVry University Minnesota,"Edina, Minnesota",R,410,410,410,0,15,,
devry-university-missouri,DeVry University Missouri,"Kansas City, Missouri",R,410,410,410,0,21,,
devry-university-north-carolina,DeVry University North Carolina,"Charlotte, North Carolina",R,410,410,410,0,27,,
devry-university-oklahoma,DeVry University Oklahoma,"Oklahoma City, Oklahoma",R,410,410,410,0,69,,
devry-university-oregon,DeVry University Oregon,"Portland, Oregon",R,410,410,410,0,52,,
devry-university-pennsylvania,DeVry University Pennsylvania,"Fort Washington, Pennsylvania",R,410,410,410,0,42,,
devry-university-tennessee,DeVry University Tennessee,"Memphis, Tennessee",R,410,410,410,0,18,,
devry-university-utah,DeVry University Utah,"Sandy, Utah",R,410,410,410,0,1,,
devry-university-washington,DeVry University Washington,"Federal Way, Washington",R,410,410,410,2,619,410 with clicks,/admissions/: 301 https://gpacalculator.net/admissions/devry-university-illinois/; /admission/: 301 https://gpacalculator.net/admissions/devry-university-illinois/
devry-university-wisconsin,DeVry University Wisconsin,"Milwaukee, Wisconsin",R,410,410,410,0,21,,
digital-media-arts-college,Digital Media Arts College,"Boca Raton, Florida",C,410,410,410,0,4,,
duluth-business-university,Duluth Business University,"Dultuh, Minnesota",C,410,410,410,0,4,,
eagle-gate-college-salt-lake-city,Eagle Gate College Salt Lake City,"Salt Lake City, Utah",C,410,410,410,0,6,,
east-san-gabriel-valley-regional-occupational-program,East San Gabriel Valley Regional Occupational Program,"West Covina, California",C,410,410,410,0,2,,
ecotech-institute,Ecotech Institute,"Aurora, Colorado",C,410,410,410,0,2,,
edinboro-university-of-pennsylvania,PennWest Edinboro,"Edinboro, Pennsylvania",N,301 https://gpacalculator.net/admissions/pennsylvania-western-university/,301 Rank Math > /admissions/pennsylvania-western-university/ | 200,301 Rank Math > /admissions/pennsylvania-western-university/ | 200,0,325,,
erie-business-center-erie,Erie Business Center Erie,"Erie, Pennsylvania",C,410,410,410,0,0,,
erie-business-center-new-castle,Erie Business Center New Castle,"New Castle, Pennsylvania",C,410,410,410,0,5,,
expression-college-for-digital-arts,Expression College for Digital Arts,"Emeryville, California",C,410,410,410,0,2,,
fashion-careers-college,Fashion Careers College,"San Diego, California",C,410,410,410,0,7,,
finlandia-university,Finlandia University,"Hancock, Michigan",C,410,410,410,0,26,,
florida-career-college-clearwater,Florida Career College Clearwater,"Clearwater, Florida",S,410,410,410,0,1,,
forrest-college,Forrest College,"Anderson, South Carolina",C,410,410,410,0,1,,
fortis-college-largo,Fortis College Largo,"Largo, Florida",C,410,410,410,0,0,,
fortis-college-miami,Fortis College Miami,"Miami, Florida",C,410,410,410,0,0,,
fortis-college-phoenix,Fortis College Phoenix,"Phoenix, Arizona",C,410,410,410,0,1,,
fortis-college-ravenna,Fortis College Ravenna,"Ravenna, Ohio",C,410,410,410,0,2,,
fortis-college-tampa,Fortis College Tampa,"Tampa, Florida",C,410,410,410,0,2,,
fortis-college-winter-park,Fortis College Winter Park,"Winter Park, Florida",C,410,410,410,0,0,,
fortis-institute-erie,Fortis Institute Erie,"Erie, Pennsylvania",C,410,410,410,0,5,,
fountainhead-college-of-technology,Fountainhead College of Technology,"Knoxville, Tennessee",C,410,410,410,0,3,,
gallipolis-career-college,Gallipolis Career College,"Gallipolis, Ohio",C,410,410,410,0,1,,
gateway-community-college-new-haven,Gateway Community College,"New Haven, Connecticut",N,301 https://gpacalculator.net/admissions/connecticut-state-community-college/,301 Rank Math > /admissions/connecticut-state-community-college/ | 200,301 Rank Math > /admissions/connecticut-state-community-college/ | 200,0,16,,
georgia-military-college-atlanta-campus,Georgia Military College Atlanta Campus,"Fairburn, Georgia",C,301 https://gpacalculator.net/admissions/georgia-military-college/,301 Rank Math > /admissions/georgia-military-college/ | 200,301 Rank Math > /admissions/georgia-military-college/ | 200,0,3,,
georgia-military-college-augusta-campus,Georgia Military College Augusta Campus,"Martinez, Georgia",M,301 https://gpacalculator.net/admissions/georgia-military-college/,301 Rank Math > /admissions/georgia-military-college/ | 200,301 Rank Math > /admissions/georgia-military-college/ | 200,0,0,,
georgia-military-college-columbus-campus,Georgia Military College Columbus Campus,"Columbus, Georgia",M,301 https://gpacalculator.net/admissions/georgia-military-college/,301 Rank Math > /admissions/georgia-military-college/ | 200,301 Rank Math > /admissions/georgia-military-college/ | 200,0,2,,
georgia-military-college-milledgeville-campus,Georgia Military College Milledgeville Campus,"Milledgeville, Georgia",D,301 https://gpacalculator.net/admissions/georgia-military-college/,301 Rank Math > /admissions/georgia-military-college/ | 200,301 Rank Math > /admissions/georgia-military-college/ | 200,0,11,,
georgia-military-college-valdosta-campus,Georgia Military College Valdosta Campus,"Valdosta, Georgia",M,301 https://gpacalculator.net/admissions/georgia-military-college/,301 Rank Math > /admissions/georgia-military-college/ | 200,301 Rank Math > /admissions/georgia-military-college/ | 200,0,4,,
georgia-military-college-warner-robins-campus,Georgia Military College Warner Robins Campus,"Warner Robins, Georgia",M,301 https://gpacalculator.net/admissions/georgia-military-college/,301 Rank Math > /admissions/georgia-military-college/ | 200,301 Rank Math > /admissions/georgia-military-college/ | 200,0,2,,
golf-academy-of-america-altamonte-springs,Golf Academy of America Altamonte Springs,"Apopka, Florida",C,410,410,410,0,5,,
golf-academy-of-america-carlsbad,Golf Academy of America Carlsbad,"Carlsbad, California",C,410,410,410,0,0,,
golf-academy-of-america-chandler,Golf Academy of America Chandler,"Chandler, Arizona",C,410,410,410,0,1,,
golf-academy-of-america-myrtle-beach,Golf Academy of America Myrtle Beach,"Myrtle Beach, South Carolina",C,410,410,410,0,6,,
grace-university,Grace University,"Omaha, Nebraska",R,410,410,410,0,17,,
hands-on-medical-massage-school,Hands on Medical Massage School,"Redlands, California",C,410,410,410,0,6,,
herzing-university-toledo,Herzing University Toledo,"Toledo, Ohio",C,410,410,410,0,51,,
hesser-college,Hesser College,"Manchester, New Hampshire",C,410,410,410,1,4,410 with clicks,/admissions/: 301 https://gpacalculator.net/admissions/?search=New%20Hampshire; /admission/: 301 https://gpacalculator.net/admissions/?search=New%20Hampshire
hibbing-community-college-a-technical-and-community-college,Hibbing Community College A Technical and Community College,"Hibbing, Minnesota",P,301 https://gpacalculator.net/admissions/minnesota-north-college/,301 Rank Math > /admissions/minnesota-north-college/ | 200,301 Rank Math > /admissions/minnesota-north-college/ | 200,0,1,,
hickey-college,Hickey College,"Saint Louis, Missouri",C,410,410,410,0,0,,
hiwassee-college,Hiwassee College,"Madisonville, Tennessee",C,410,410,410,0,0,,
hodges-university,Hodges University,"Naples, Florida",C,410,410,410,0,80,,
housatonic-community-college,Housatonic Community College,"Bridgeport, Connecticut",N,301 https://gpacalculator.net/admissions/connecticut-state-community-college/,301 Rank Math > /admissions/connecticut-state-community-college/ | 200,301 Rank Math > /admissions/connecticut-state-community-college/ | 200,0,20,,
hussian-school-of-art,Hussian School of Art,"Philadelphia, Pennsylvania",C,410,410,410,0,0,,
illinois-eastern-community-colleges-frontier-community-coll,Illinois Eastern Community Colleges Frontier Community Coll,"Fairfield, Illinois",S,301 https://gpacalculator.net/admissions/illinois-eastern-community-colleges/,301 Rank Math > /admissions/illinois-eastern-community-colleges/ | 200,301 Rank Math > /admissions/illinois-eastern-community-colleges/ | 200,0,3,,
illinois-eastern-community-colleges-lincoln-trail-college,Illinois Eastern Community Colleges Lincoln Trail College,"Robinson, Illinois",S,301 https://gpacalculator.net/admissions/illinois-eastern-community-colleges/,301 Rank Math > /admissions/illinois-eastern-community-colleges/ | 200,301 Rank Math > /admissions/illinois-eastern-community-colleges/ | 200,0,6,,
illinois-eastern-community-colleges-olney-central-college,Illinois Eastern Community Colleges Olney Central College,"Olney, Illinois",P,301 https://gpacalculator.net/admissions/illinois-eastern-community-colleges/,301 Rank Math > /admissions/illinois-eastern-community-colleges/ | 200,301 Rank Math > /admissions/illinois-eastern-community-colleges/ | 200,0,3,,
illinois-eastern-community-colleges-wabash-valley-college,Illinois Eastern Community Colleges Wabash Valley College,"Mount Carmel, Illinois",S,301 https://gpacalculator.net/admissions/illinois-eastern-community-colleges/,301 Rank Math > /admissions/illinois-eastern-community-colleges/ | 200,301 Rank Math > /admissions/illinois-eastern-community-colleges/ | 200,0,7,,
institute-of-design-and-construction,Institute of Design and Construction,"Brooklyn, New York",C,410,410,410,0,1,,
institute-of-production-and-recording,Institute of Production and Recording,"Minneapolis, Minnesota",C,410,410,410,0,0,,
international-business-college,International Business College,"Fort Wayne, Indiana",C,410,410,410,0,14,,
international-college-of-broadcasting,International College of Broadcasting,"Dayton, Ohio",C,410,410,410,0,1,,
international-professional-school-of-bodywork,International Professional School of Bodywork,"San Diego, California",R,410,410,410,0,0,,
iowa-wesleyan-college,Iowa Wesleyan College,"Mount Pleasant, Iowa",C,410,410,410,0,3,,
itasca-community-college,Itasca Community College,"Grand Rapids, Minnesota",P,301 https://gpacalculator.net/admissions/minnesota-north-college/,301 Rank Math > /admissions/minnesota-north-college/ | 200,301 Rank Math > /admissions/minnesota-north-college/ | 200,0,0,,
ivy-tech-community-college-bloominton,Ivy Tech Community College Bloominton,"Bloomington, Indiana",P,301 https://gpacalculator.net/admissions/ivy-tech-community-college/,301 Rank Math > /admissions/ivy-tech-community-college/ | 200,301 Rank Math > /admissions/ivy-tech-community-college/ | 200,0,19,,
ivy-tech-community-college-central-indiana,Ivy Tech Community College Central Indiana,"Indianapolis, Indiana",P,301 https://gpacalculator.net/admissions/ivy-tech-community-college/,301 Rank Math > /admissions/ivy-tech-community-college/ | 200,301 Rank Math > /admissions/ivy-tech-community-college/ | 200,1,71,,
ivy-tech-community-college-columbus,Ivy Tech Community College Columbus,"Columbus, Indiana",S,301 https://gpacalculator.net/admissions/ivy-tech-community-college/,301 Rank Math > /admissions/ivy-tech-community-college/ | 200,301 Rank Math > /admissions/ivy-tech-community-college/ | 200,1,24,,
ivy-tech-community-college-east-central,Ivy Tech Community College East Central,"Muncie, Indiana",P,301 https://gpacalculator.net/admissions/ivy-tech-community-college/,301 Rank Math > /admissions/ivy-tech-community-college/ | 200,301 Rank Math > /admissions/ivy-tech-community-college/ | 200,0,8,,
ivy-tech-community-college-kokomo,Ivy Tech Community College Kokomo,"Kokomo, Indiana",S,301 https://gpacalculator.net/admissions/ivy-tech-community-college/,301 Rank Math > /admissions/ivy-tech-community-college/ | 200,301 Rank Math > /admissions/ivy-tech-community-college/ | 200,0,11,,
ivy-tech-community-college-lafayette,Ivy Tech Community College Lafayette,"Lafayette, Indiana",S,301 https://gpacalculator.net/admissions/ivy-tech-community-college/,301 Rank Math > /admissions/ivy-tech-community-college/ | 200,301 Rank Math > /admissions/ivy-tech-community-college/ | 200,0,15,,
ivy-tech-community-college-northcentral,Ivy Tech Community College Northcentral,"South Bend, Indiana",P,301 https://gpacalculator.net/admissions/ivy-tech-community-college/,301 Rank Math > /admissions/ivy-tech-community-college/ | 200,301 Rank Math > /admissions/ivy-tech-community-college/ | 200,0,16,,
ivy-tech-community-college-northeast,Ivy Tech Community College Northeast,"Fort Wayne, Indiana",P,301 https://gpacalculator.net/admissions/ivy-tech-community-college/,301 Rank Math > /admissions/ivy-tech-community-college/ | 200,301 Rank Math > /admissions/ivy-tech-community-college/ | 200,0,67,,
ivy-tech-community-college-northwest,Ivy Tech Community College Northwest,"Gary, Indiana",P,301 https://gpacalculator.net/admissions/ivy-tech-community-college/,301 Rank Math > /admissions/ivy-tech-community-college/ | 200,301 Rank Math > /admissions/ivy-tech-community-college/ | 200,0,27,,
ivy-tech-community-college-richmond,Ivy Tech Community College Richmond,"Richmond, Indiana",S,301 https://gpacalculator.net/admissions/ivy-tech-community-college/,301 Rank Math > /admissions/ivy-tech-community-college/ | 200,301 Rank Math > /admissions/ivy-tech-community-college/ | 200,0,36,,
ivy-tech-community-college-south-central,Ivy Tech Community College South Central,"Sellersburg, Indiana",P,301 https://gpacalculator.net/admissions/ivy-tech-community-college/,301 Rank Math > /admissions/ivy-tech-community-college/ | 200,301 Rank Math > /admissions/ivy-tech-community-college/ | 200,0,22,,
ivy-tech-community-college-southeast,Ivy Tech Community College Southeast,"Madison, Indiana",P,301 https://gpacalculator.net/admissions/ivy-tech-community-college/,301 Rank Math > /admissions/ivy-tech-community-college/ | 200,301 Rank Math > /admissions/ivy-tech-community-college/ | 200,0,16,,
ivy-tech-community-college-southwest,Ivy Tech Community College Southwest,"Evansville, Indiana",P,301 https://gpacalculator.net/admissions/ivy-tech-community-college/,301 Rank Math > /admissions/ivy-tech-community-college/ | 200,301 Rank Math > /admissions/ivy-tech-community-college/ | 200,0,100,,
ivy-tech-community-college-wabash-valley,Ivy Tech Community College Wabash Valley,"Terre Haute, Indiana",P,301 https://gpacalculator.net/admissions/ivy-tech-community-college/,301 Rank Math > /admissions/ivy-tech-community-college/ | 200,301 Rank Math > /admissions/ivy-tech-community-college/ | 200,0,31,,
james-h-faulkner-state-community-college,James H Faulkner State Community College,"Bay Minette, Alabama",N,301 https://gpacalculator.net/admissions/coastal-alabama-community-college/,301 Rank Math > /admissions/coastal-alabama-community-college/ | 200,301 Rank Math > /admissions/coastal-alabama-community-college/ | 200,0,5,,
jefferson-college-of-health-sciences,Jefferson College of Health Sciences,"Roanoke, Virginia",C,301 https://gpacalculator.net/admissions/radford-university/,301 Rank Math > /admissions/radford-university/ | 200,301 Rank Math > /admissions/radford-university/ | 200,0,0,,
jefferson-davis-community-college,Jefferson Davis Community College,"Brewton, Alabama",N,301 https://gpacalculator.net/admissions/coastal-alabama-community-college/,301 Rank Math > /admissions/coastal-alabama-community-college/ | 200,301 Rank Math > /admissions/coastal-alabama-community-college/ | 200,0,2,,
johnson-state-college,Johnson State College,"Johnson, Vermont",N,301 https://gpacalculator.net/admissions/vermont-state-university/,301 Rank Math > /admissions/vermont-state-university/ | 200,301 Rank Math > /admissions/vermont-state-university/ | 200,0,6,,
johnson-wales-university-denver,Johnson & Wales University Denver,"Denver, Colorado",C,410,410,410,0,127,,
johnson-wales-university-north-miami,Johnson & Wales University North Miami,"North Miami, Florida",C,410,410,410,0,156,,
jones-international-university,Jones International University,"Centennial, Colorado",C,410,410,410,0,22,,
judson-college,Judson College,"Marion, Alabama",C,410,410,410,0,5,,
kaplan-university-cedar-falls-campus,Purdue Global Cedar Falls Campus,"Cedar Falls, Iowa",R,410,410,410,0,11,,
kaplan-university-cedar-rapids-campus,Purdue Global Cedar Rapids Campus,"Cedar Rapids, Iowa",N,301 https://gpacalculator.net/admissions/purdue-university-global/,301 Rank Math > /admissions/purdue-university-global/ | 200,301 Rank Math > /admissions/purdue-university-global/ | 200,0,95,,
kaplan-university-council-bluffs-campus,Purdue Global Council Bluffs Campus,"Council Bluffs, Iowa",R,410,410,410,0,36,,
kaplan-university-des-moines-campus,Purdue Global Des Moines Campus,"Urbandale, Iowa",N,301 https://gpacalculator.net/admissions/purdue-university-global/,301 Rank Math > /admissions/purdue-university-global/ | 200,301 Rank Math > /admissions/purdue-university-global/ | 200,0,54,,
kaplan-university-hagerstown-campus,Purdue Global Hagerstown Campus,"Hagerstown, Maryland",R,410,410,410,0,6,,
kaplan-university-lincoln-campus,Purdue Global Lincoln Campus,"Lincoln, Nebraska",N,301 https://gpacalculator.net/admissions/purdue-university-global/,301 Rank Math > /admissions/purdue-university-global/ | 200,301 Rank Math > /admissions/purdue-university-global/ | 200,1,204,,
kaplan-university-maine-campus,Purdue Global Maine Campus,"S Portland, Maine",N,301 https://gpacalculator.net/admissions/purdue-university-global/,301 Rank Math > /admissions/purdue-university-global/ | 200,301 Rank Math > /admissions/purdue-university-global/ | 200,0,9,,
kaplan-university-mason-city-campus,Purdue Global Mason City Campus,"Mason City, Iowa",R,410,410,410,0,39,,
kaplan-university-omaha-campus,Purdue Global Omaha Campus,"Omaha, Nebraska",R,410,410,410,0,3,,
kendall-college,Kendall College,"Chicago, Illinois",C,301 https://gpacalculator.net/admissions/national-louis-university/,301 Rank Math > /admissions/national-louis-university/ | 200,301 Rank Math > /admissions/national-louis-university/ | 200,0,27,,
key-college,Key College,"Dania Beach, Florida",C,410,410,410,0,2,,
kilian-community-college,Kilian Community College,"Sioux Falls, South Dakota",C,410,410,410,0,1,,
kings-college-nc,King's College,"Charlotte, North Carolina",C,410,410,410,0,3,,
laurel-university,Laurel University,"High Point, North Carolina",C,410,410,410,0,23,,
lebanon-college,Lebanon College,"Lebanon, New Hampshire",C,410,410,410,0,6,,
lincoln-christian-university,Lincoln Christian University,"Lincoln, Illinois",C,410,410,410,0,12,,
lincoln-college,Lincoln College,"Lincoln, Illinois",R,410,410,410,0,7,,
lincoln-college-of-new-england-hartford,Lincoln College of New England Hartford,"Hartford, Connecticut",R,410,410,410,0,1,,
lincoln-college-of-new-england-southington,Lincoln College of New England Southington,"Southington, Connecticut",C,410,410,410,0,6,,
lincoln-college-of-new-england-suffield,Lincoln College of New England Suffield,"Suffield, Connecticut",C,410,410,410,0,1,,
lincoln-college-of-technology-cleveland,Lincoln College of Technology Cleveland,"Cleveland, Ohio",C,410,410,410,0,2,,
lincoln-college-of-technology-columbus,Lincoln College of Technology Columbus,"Columbus, Ohio",C,410,410,410,0,19,,
lincoln-college-of-technology-dayton,Lincoln College of Technology Dayton,"Dayton, Ohio",C,410,410,410,0,12,,
lincoln-college-of-technology-florence,Lincoln College of Technology Florence,"Florence, Kentucky",C,410,410,410,0,8,,
lincoln-college-of-technology-franklin-lct,Lincoln College of Technology Franklin LCT,"Franklin, Ohio",C,410,410,410,1,9,410 with clicks,/admissions/: 301 https://gpacalculator.net/admissions/?search=Ohio; /admission/: 301 https://gpacalculator.net/admissions/?search=Ohio
lincoln-college-of-technology-toledo,Lincoln College of Technology Toledo,"Toledo, Ohio",C,410,410,410,0,2,,
lincoln-college-of-technology-tri-county,Lincoln College of Technology Tri County,"Cincinnati, Ohio",C,410,410,410,0,3,,
lincoln-college-of-technology-vine-street,Lincoln College of Technology Vine Street,"Cincinnati, Ohio",C,410,410,410,0,7,,
lincoln-college-of-technology-west-palm-beach,Lincoln College of Technology West Palm Beach,"West Palm Beach, Florida",C,410,410,410,0,1,,
living-arts-college,Living Arts College,"Raleigh, North Carolina",C,410,410,410,0,0,,
lock-haven-university,Lock Haven University,"Lock Haven, Pennsylvania",S,301 https://gpacalculator.net/admissions/commonwealth-university-of-pennsylvania/,301 Rank Math > /admissions/commonwealth-university-of-pennsylvania/ | 200,301 Rank Math > /admissions/commonwealth-university-of-pennsylvania/ | 200,2,1303,,
lon-morris-college,Lon Morris College,"Jacksonville, Texas",C,410,410,410,0,1,,
long-island-university-brooklyn-campus,Long Island University Brooklyn Campus,"Brooklyn, New York",N,301 https://gpacalculator.net/admissions/long-island-university/,301 Rank Math > /admissions/long-island-university/ | 200,301 Rank Math > /admissions/long-island-university/ | 200,1,365,,
long-island-university-c-w-post-campus,Long Island University C W Post Campus,"Brookville, New York",N,301 https://gpacalculator.net/admissions/long-island-university/,301 Rank Math > /admissions/long-island-university/ | 200,301 Rank Math > /admissions/long-island-university/ | 200,0,77,,
louisiana-delta-community-college-monroe-campus,Louisiana Delta Community College Monroe Campus,"Monroe, Louisiana",D,301 https://gpacalculator.net/admissions/louisiana-delta-community-college/,301 Rank Math > /admissions/louisiana-delta-community-college/ | 200,301 Rank Math > /admissions/louisiana-delta-community-college/ | 200,0,2,,
lyme-academy-college-of-fine-arts,Lyme Academy College of Fine Arts,"Old Lyme, Connecticut",C,301 https://gpacalculator.net/admissions/university-of-new-haven/,301 Rank Math > /admissions/university-of-new-haven/ | 200,301 Rank Math > /admissions/university-of-new-haven/ | 200,0,4,,
lyndon-state-college,Lyndon State College,"Lyndonville, Vermont",N,301 https://gpacalculator.net/admissions/vermont-state-university/,301 Rank Math > /admissions/vermont-state-university/ | 200,301 Rank Math > /admissions/vermont-state-university/ | 200,0,12,,
macmurray-college,MacMurray College,"Jacksonville, Illinois",C,410,410,410,0,1,,
manchester-community-college-ct,Manchester Community College,"Manchester, Connecticut",N,301 https://gpacalculator.net/admissions/connecticut-state-community-college/,301 Rank Math > /admissions/connecticut-state-community-college/ | 200,301 Rank Math > /admissions/connecticut-state-community-college/ | 200,0,4,,
mansfield-university-of-pennsylvania,Mansfield University of Pennsylvania,"Mansfield, Pennsylvania",S,301 https://gpacalculator.net/admissions/commonwealth-university-of-pennsylvania/,301 Rank Math > /admissions/commonwealth-university-of-pennsylvania/ | 200,301 Rank Math > /admissions/commonwealth-university-of-pennsylvania/ | 200,0,273,,
marian-court-college,Marian Court College,"Swampscott, Massachusetts",C,410,410,410,1,1,410 with clicks,/admissions/: 301 https://gpacalculator.net/admissions/?search=Massachusetts; /admission/: 301 https://gpacalculator.net/admissions/?search=Massachusetts
marygrove-college,Marygrove College,"Detroit, Michigan",C,410,410,410,0,4,,
marylhurst-university,Marylhurst University,"Marylhurst, Oregon",C,410,410,410,1,31,410 with clicks,/admissions/: 301 https://gpacalculator.net/admissions/?search=Oregon; /admission/: 301 https://gpacalculator.net/admissions/?search=Oregon
marymount-college,Marymount California University,"Rancho Palos Verdes, California",R,410,410,410,0,8,,
mccann-monroe-career-training,McCann School of Business & Technology Monroe,"Monroe, Louisiana",R,410,410,410,0,1,,
mccann-school-of-business-and-technology,McCann School of Business and Technology,"Pottsville, Pennsylvania",C,410,410,410,0,2,,
mcnally-smith-college-of-music,McNally Smith College of Music,"Saint Paul, Minnesota",C,410,410,410,0,2,,
medaille-college,Medaille College,"Buffalo, New York",C,410,410,410,0,4,,
medtech-college,MedTech College,"Indianapolis, Indiana",C,410,410,410,0,0,,
medtech-college-ft-wayne-campus,MedTech College Ft Wayne Campus,"Ft. Wayne, Indiana",C,410,410,410,0,1,,
medtech-college-greenwood-campus,MedTech College Greenwood Campus,"Greenwood, Indiana",C,410,410,410,0,1,,
medtech-college-lexington-campus,MedTech College Lexington Campus,"Lexington, Kentucky",C,410,410,410,0,0,,
medvance-institute-fort-lauderdale,Medvance Institute Fort Lauderdale,"Lauderdale Lakes, Florida",C,410,410,410,0,0,,
medvance-institute-miami,Medvance Institute Miami,"Miami, Florida",C,410,410,410,0,6,,
medvance-institute-west-palm,Medvance Institute West Palm,"Palm Springs, Florida",C,410,410,410,0,2,,
memphis-college-of-art,Memphis College of Art,"Memphis, Tennessee",R,410,410,410,0,1,,
mesabi-range-community-and-technical-college,Mesabi Range Community and Technical College,"Virginia, Minnesota",P,301 https://gpacalculator.net/admissions/minnesota-north-college/,301 Rank Math > /admissions/minnesota-north-college/ | 200,301 Rank Math > /admissions/minnesota-north-college/ | 200,0,1,,
metro-business-college-arnold,Metro Business College Arnold,"Arnold, Missouri",C,410,410,410,0,0,,
metro-business-college-cape-girardeau,Metro Business College Cape Girardeau,"Cape Girardeau, Missouri",R,410,410,410,0,8,,
metro-business-college-jefferson-city,Metro Business College Jefferson City,"Jefferson City, Missouri",R,410,410,410,0,14,,
metro-business-college-rolla,Metro Business College Rolla,"Rolla, Missouri",R,410,410,410,0,2,,
metropolitan-community-college-blue-river,Metropolitan Community College Blue River,"Independence, Missouri",N,301 https://gpacalculator.net/admissions/metropolitan-community-college-kansas-city/,301 Rank Math > /admissions/metropolitan-community-college-kansas-city/ | 200,301 Rank Math > /admissions/metropolitan-community-college-kansas-city/ | 200,0,0,,
metropolitan-community-college-business-and-technology,Metropolitan Community College Business & Technology,"Kansas City, Missouri",N,301 https://gpacalculator.net/admissions/metropolitan-community-college-kansas-city/,301 Rank Math > /admissions/metropolitan-community-college-kansas-city/ | 200,301 Rank Math > /admissions/metropolitan-community-college-kansas-city/ | 200,0,1,,
metropolitan-community-college-longview,Metropolitan Community College Longview,"Lees Summit, Missouri",N,301 https://gpacalculator.net/admissions/metropolitan-community-college-kansas-city/,301 Rank Math > /admissions/metropolitan-community-college-kansas-city/ | 200,301 Rank Math > /admissions/metropolitan-community-college-kansas-city/ | 200,0,3,,
metropolitan-community-college-maple-woods,Metropolitan Community College Maple Woods,"Kansas City, Missouri",N,301 https://gpacalculator.net/admissions/metropolitan-community-college-kansas-city/,301 Rank Math > /admissions/metropolitan-community-college-kansas-city/ | 200,301 Rank Math > /admissions/metropolitan-community-college-kansas-city/ | 200,0,5,,
metropolitan-community-college-penn-valley,Metropolitan Community College Penn Valley,"Kansas City, Missouri",N,301 https://gpacalculator.net/admissions/metropolitan-community-college-kansas-city/,301 Rank Math > /admissions/metropolitan-community-college-kansas-city/ | 200,301 Rank Math > /admissions/metropolitan-community-college-kansas-city/ | 200,0,7,,
miami-jacobs-career-college,Miami Jacobs Career College,"Independence, Ohio",C,410,410,410,0,1,,
miami-jacobs-career-college-columbus,Miami Jacobs Career College Columbus,"Columbus, Ohio",C,410,410,410,0,5,,
miami-jacobs-career-college-dayton,Miami Jacobs Career College Dayton,"Dayton, Ohio",C,410,410,410,0,1,,
miami-jacobs-career-college-sharonville,Miami Jacobs Career College Sharonville,"Sharonville, Ohio",C,410,410,410,0,0,,
miami-jacobs-career-college-springboro,Miami Jacobs Career College Springboro,"Springboro, Ohio",C,410,410,410,0,5,,
miami-jacobs-career-college-troy,Miami Jacobs Career College Troy,"Troy, Ohio",C,410,410,410,0,0,,
mid-continent-university,Mid Continent University,"Mayfield, Kentucky",C,410,410,410,1,30,410 with clicks,/admissions/: 301 https://gpacalculator.net/admissions/?search=Kentucky; /admission/: 301 https://gpacalculator.net/admissions/?search=Kentucky
middlesex-community-college-ct,Middlesex Community College,"Middletown, Connecticut",N,301 https://gpacalculator.net/admissions/connecticut-state-community-college/,301 Rank Math > /admissions/connecticut-state-community-college/ | 200,301 Rank Math > /admissions/connecticut-state-community-college/ | 200,0,2,,
midstate-college,Midstate College,"Peoria, Illinois",C,410,410,410,0,2,,
miller-motte-college-cary,Miller Motte College Cary,"Cary, North Carolina",C,410,410,410,0,9,,
miller-motte-college-greenville,Miller Motte College Greenville,"Greenville, North Carolina",C,410,410,410,0,3,,
miller-motte-college-wilmington,Miller Motte College Wilmington,"Wilmington, North Carolina",R,410,410,410,0,3,,
miller-motte-technical-college-clarksville,Miller Motte Technical College Clarksville,"Clarksville, Tennessee",C,410,410,410,0,7,,
miller-motte-technical-college-gulfport,Miller Motte Technical College Gulfport,"Gulfport, Mississippi",C,410,410,410,0,12,,
miller-motte-technical-college-lynchburg,Miller Motte Technical College Lynchburg,"Lynchburg, Virginia",C,410,410,410,0,4,,
miller-motte-technical-college-madison,Miller Motte Technical College Madison,"Madison, Tennessee",C,410,410,410,0,2,,
miller-motte-technical-college-north-charleston,Miller Motte Technical College North Charleston,"Charleston, South Carolina",R,410,410,410,0,2,,
miller-motte-technical-college-sc,Miller Motte Technical College,"Conway, South Carolina",R,410,410,410,0,20,,
milligan-college,Milligan College,"Milligan College, Tennessee",R,301 https://gpacalculator.net/admissions/milligan-university/,301 Rank Math > /admissions/milligan-university/ | 200,301 Rank Math > /admissions/milligan-university/ | 200,0,8,,
minneapolis-business-college,Minneapolis Business College,"Roseville, Minnesota",C,410,410,410,0,0,,
missouri-tech,Missouri Tech,"Saint Charles, Missouri",C,410,410,410,0,4,,
monroe-college-new-rochelle,Monroe College New Rochelle,"New Rochelle, New York",C,301 https://gpacalculator.net/admissions/monroe-college-main-campus/,301 Rank Math > /admissions/monroe-college-main-campus/ | 200,301 Rank Math > /admissions/monroe-college-main-campus/ | 200,0,15,,
montgomery-county-community-college-central-campus,Montgomery County Community College Central Campus,"Blue Bell, Pennsylvania",N,301 https://gpacalculator.net/admissions/montgomery-county-community-college/,301 Rank Math > /admissions/montgomery-county-community-college/ | 200,301 Rank Math > /admissions/montgomery-county-community-college/ | 200,0,26,,
montgomery-county-community-college-west-campus,Montgomery County Community College West Campus,"Pottstown, Pennsylvania",N,301 https://gpacalculator.net/admissions/montgomery-county-community-college/,301 Rank Math > /admissions/montgomery-county-community-college/ | 200,301 Rank Math > /admissions/montgomery-county-community-college/ | 200,0,1,,
moultrie-technical-college,Moultrie Technical College,"Moultrie, Georgia",C,301 https://gpacalculator.net/admissions/southern-regional-technical-college/,301 Rank Math > /admissions/southern-regional-technical-college/ | 200,301 Rank Math > /admissions/southern-regional-technical-college/ | 200,0,1,,
mountain-state-college,Mountain State College,"Parkersburg, West Virginia",C,410,410,410,0,0,,
mt-sierra-college,Mt Sierra College,"Monrovia, California",C,410,410,410,0,5,,
multnomah-university,Multnomah University,"Portland, Oregon",C,410,410,410,0,38,,
national-american-university-albuquerque,National American University Albuquerque,"Albuequerque, New Mexico",C,410,410,410,0,20,,
national-american-university-austin,National American University Austin,"Austin, Texas",C,410,410,410,0,6,,
national-american-university-bloomington,National American University Bloomington,"Bloomington, Minnesota",C,410,410,410,0,3,,
national-american-university-brooklyn-center,National American University Brooklyn Center,"Brooklyn Center, Minnesota",C,410,410,410,0,2,,
national-american-university-centennial,National American University Centennial,"Centennial, Colorado",C,410,410,410,0,3,,
national-american-university-colorado-springs,National American University Colorado Springs,"Colorado Springs, Colorado",C,410,410,410,0,10,,
national-american-university-colorado-springs-south,National American University Colorado Springs South,"Colorado Springs, Colorado",R,410,410,410,0,13,,
national-american-university-denver,National American University Denver,"Denver, Colorado",C,410,410,410,0,94,,
national-american-university-ellsworth-afb-extension,National American University Ellsworth AFB Extension,"Ellsworth AFB, South Dakota",C,410,410,410,0,5,,
national-american-university-independence,National American University Independence,"Independence, Missouri",C,410,410,410,0,6,,
national-american-university-lees-summit,National American University Lee's Summit,"Lee Summit, Missouri",C,410,410,410,0,20,,
national-american-university-overland-park,National American University Overland Park,"Overland Park, Kansas",C,410,410,410,0,3,,
national-american-university-rio-rancho,National American University Rio Rancho,"Rio Rancho, New Mexico",R,410,410,410,0,14,,
national-american-university-roseville,National American University Roseville,"Roseville, Minnesota",C,410,410,410,0,21,,
national-american-university-sioux-falls,National American University Sioux Falls,"Sioux Falls, South Dakota",C,410,410,410,0,10,,
national-american-university-tulsa,National American University Tulsa,"Tulsa, Oklahoma",C,410,410,410,0,4,,
national-american-university-wichita,National American University Wichita,"Wichita, Kansas",C,410,410,410,0,10,,
national-american-university-zona-rosa,National American University Zona Rosa,"Kansas City, Missouri",C,410,410,410,0,6,,
national-college-cincinnati,National College Cincinnati,"Cincinnati, Ohio",C,410,410,410,0,1,,
national-college-columbus,National College Columbus,"Columbus, Ohio",C,410,410,410,0,0,,
national-college-dayton,National College Dayton,"Kettering, Ohio",C,410,410,410,0,1,,
national-college-of-business-and-technology-nashville,National College of Business and Technology Nashville,"Nashville, Tennessee",C,410,410,410,0,1,,
national-college-stow,National College Stow,"Stow, Ohio",C,410,410,410,0,0,,
national-college-willoughby-hills,National College Willoughby Hills,"Willoughby Hills, Ohio",C,410,410,410,0,0,,
naugatuck-valley-community-college,Naugatuck Valley Community College,"Waterbury, Connecticut",N,301 https://gpacalculator.net/admissions/connecticut-state-community-college/,301 Rank Math > /admissions/connecticut-state-community-college/ | 200,301 Rank Math > /admissions/connecticut-state-community-college/ | 200,1,16,,
nebraska-christian-college,Nebraska Christian College,"Papillion, Nebraska",R,410,410,410,0,0,,
new-england-school-of-communications,New England School of Communications,"Bangor, Maine",C,301 https://gpacalculator.net/admissions/husson-university/,301 Rank Math > /admissions/husson-university/ | 200,301 Rank Math > /admissions/husson-university/ | 200,0,0,,
new-hampshire-institute-of-art,New Hampshire Institute of Art,"Manchester, New Hampshire",C,301 https://gpacalculator.net/admissions/new-england-college/,301 Rank Math > /admissions/new-england-college/ | 200,301 Rank Math > /admissions/new-england-college/ | 200,0,0,,
new-york-career-institute,New York Career Institute,"New York, New York",R,410,410,410,0,1,,
northeast-louisiana-technical-college-delta-ouachita-campus,Northeast Louisiana Technical College Delta Ouachita Campus,"West Monroe, Louisiana",C,301 https://gpacalculator.net/admissions/louisiana-delta-community-college/,301 Rank Math > /admissions/louisiana-delta-community-college/ | 200,301 Rank Math > /admissions/louisiana-delta-community-college/ | 200,0,0,,
northland-international-university,Northland International University,"Dunbar, Wisconsin",R,410,410,410,1,40,410 with clicks,/admissions/: 301 https://gpacalculator.net/admissions/?search=Wisconsin; /admission/: 301 https://gpacalculator.net/admissions/?search=Wisconsin
northwest-technical-institute,Northwest Technical Institute,"Eagan, Minnesota",C,410,410,410,0,2,,
northwestern-connecticut-community-college,Northwestern Connecticut Community College,"Winsted, Connecticut",N,301 https://gpacalculator.net/admissions/connecticut-state-community-college/,301 Rank Math > /admissions/connecticut-state-community-college/ | 200,301 Rank Math > /admissions/connecticut-state-community-college/ | 200,0,6,,
northwood-university-florida,Northwood University Florida,"West Palm Beach, Florida",C,410,410,410,0,56,,
northwood-university-texas,Northwood University Texas,"Cedar Hill, Texas",R,301 https://gpacalculator.net/admissions/northwood-university-michigan/,301 Rank Math > /admissions/northwood-university-michigan/ | 200,301 Rank Math > /admissions/northwood-university-michigan/ | 200,0,38,,
norwalk-community-college,Norwalk Community College,"Norwalk, Connecticut",N,301 https://gpacalculator.net/admissions/connecticut-state-community-college/,301 Rank Math > /admissions/connecticut-state-community-college/ | 200,301 Rank Math > /admissions/connecticut-state-community-college/ | 200,0,19,,
notre-dame-college,Notre Dame College,"Cleveland, Ohio",C,410,410,410,0,55,,
oak-point-university,Oak Point University,"Oak Brook, Illinois",C,410,410,410,0,3,,
ohio-business-college-columbus,Ohio Business College Columbus,"Columbus, Ohio",M,301 https://gpacalculator.net/admissions/ohio-business-college-sheffield/,301 Rank Math > /admissions/ohio-business-college-sheffield/ | 200,301 Rank Math > /admissions/ohio-business-college-sheffield/ | 200,0,0,,
ohio-college-of-massotherapy-inc,Ohio College of Massotherapy Inc,"Akron, Ohio",C,410,410,410,0,1,,
ohio-mid-western-college,Ohio Mid Western College,"Cincinnati, Ohio",C,410,410,410,0,0,,
ohio-valley-university,Ohio Valley University,"Vienna, West Virginia",C,410,410,410,0,4,,
okefenokee-technical-college,Okefenokee Technical College,"Waycross, Georgia",C,301 https://gpacalculator.net/admissions/coastal-pines-technical-college/,301 Rank Math > /admissions/coastal-pines-technical-college/ | 200,301 Rank Math > /admissions/coastal-pines-technical-college/ | 200,0,0,,
olean-business-institute,Olean Business Institute,"Olean, New York",C,410,410,410,0,0,,
omore,O'More College of Design,"Franklin, Tennessee",R,410,410,410,0,0,,
oregon-college-of-art-and-craft,Oregon College of Art and Craft,"Portland, Oregon",C,410,410,410,0,3,,
ottawa-university-phoenix,Ottawa University Phoenix,"Phoenix, Arizona",R,410,410,410,0,193,,
pennsylvania-institute-of-health-and-technology,Pennsylvania Institute of Health and Technology,"Mount Braddock, Pennsylvania",C,410,410,410,0,1,,
piedmont-international-university,Piedmont International University,"Winston Salem, North Carolina",C,301 https://gpacalculator.net/admissions/carolina-university/,301 Rank Math > /admissions/carolina-university/ | 200,301 Rank Math > /admissions/carolina-university/ | 200,0,33,,
pierce-college-at-fort-steilacoom,Pierce College at Fort Steilacoom,"Lakewood, Washington",N,301 https://gpacalculator.net/admissions/pierce-college-district/,301 Rank Math > /admissions/pierce-college-district/ | 200,301 Rank Math > /admissions/pierce-college-district/ | 200,0,11,,
pierce-college-at-puyallup,Pierce College at Puyallup,"Puyallup, Washington",N,301 https://gpacalculator.net/admissions/pierce-college-district/,301 Rank Math > /admissions/pierce-college-district/ | 200,301 Rank Math > /admissions/pierce-college-district/ | 200,0,25,,
pinnacle-career-institute-lawrence,Pinnacle Career Institute Lawrence,"Lawrence, Kansas",C,410,410,410,0,1,,
pinnacle-career-institute-south-kansas-city,Pinnacle Career Institute South Kansas City,"Kansas City, Missouri",D,301 https://gpacalculator.net/admissions/pinnacle-career-institute-north-kansas-city/,301 Rank Math > /admissions/pinnacle-career-institute-north-kansas-city/ | 200,301 Rank Math > /admissions/pinnacle-career-institute-north-kansas-city/ | 200,0,0,,
pioneer-pacific-college,Pioneer Pacific College,"Wilsonville, Oregon",C,410,410,410,0,1,,
platt-college-aurora,Platt College Aurora,"Aurora, Colorado",C,410,410,410,0,2,,
platt-college-san-diego,Platt College San Diego,"San Diego, California",C,410,410,410,0,3,,
polytechnic-institute-of-new-york-university,Polytechnic Institute of New York University,"Brooklyn, New York",C,301 https://gpacalculator.net/admissions/nyu/,301 Rank Math > /admissions/nyu/ | 200,301 Rank Math > /admissions/nyu/ | 200,0,21,,
presentation-college,Presentation College,"Aberdeen, South Dakota",C,410,410,410,0,3,,
prince-institute-of-professional-studies-inc,Prince Institute of Professional Studies Inc,"Montgomery, Alabama",C,410,410,410,0,4,,
prince-institute-rocky-mountains,Prince Institute Rocky Mountains,"Westminster, Colorado",C,410,410,410,0,1,,
prince-william-sound-community-college,Prince William Sound Community College,"Valdez, Alaska",C,301 https://gpacalculator.net/admissions/university-of-alaska-anchorage/,301 Rank Math > /admissions/university-of-alaska-anchorage/ | 200,301 Rank Math > /admissions/university-of-alaska-anchorage/ | 200,0,3,,
professional-business-college,Professional Business College,"New York, New York",R,410,410,410,0,0,,
provo-college-american-fork,Provo College American Fork,"American Fork, Utah",R,410,410,410,0,0,,
quinebaug-valley-community-college,Quinebaug Valley Community College,"Danielson, Connecticut",N,301 https://gpacalculator.net/admissions/connecticut-state-community-college/,301 Rank Math > /admissions/connecticut-state-community-college/ | 200,301 Rank Math > /admissions/connecticut-state-community-college/ | 200,0,2,,
rainy-river-community-college,Rainy River Community College,"International Falls, Minnesota",S,301 https://gpacalculator.net/admissions/minnesota-north-college/,301 Rank Math > /admissions/minnesota-north-college/ | 200,301 Rank Math > /admissions/minnesota-north-college/ | 200,0,1,,
remington-college,Remington College,"Heathrow, Florida",C,410,410,410,0,9,,
remington-college-cleveland-west-campus,Remington College Cleveland West Campus,"North Olmsted, Ohio",C,410,410,410,0,0,,
remington-college-colorado-springs-campus,Remington College Colorado Springs Campus,"Colorado Springs, Colorado",C,410,410,410,0,1,,
remington-college-honolulu-campus,Remington College Honolulu Campus,"Honolulu, Hawaii",C,410,410,410,0,0,,
remington-college-houston-campus,Remington College Houston Campus,"Houston, Texas",C,410,410,410,0,0,,
remington-college-knoxville,Remington College Knoxville,"Knoxville, Tennessee",R,410,410,410,0,1,,
remington-college-little-rock-campus,Remington College Little Rock Campus,"Little Rock, Arkansas",C,410,410,410,0,2,,
remington-college-tampa-campus,Remington College Tampa Campus,"Tampa, Florida",C,410,410,410,0,0,,
robert-morris-university-illinois,Robert Morris University Illinois,"Chicago, Illinois",C,301 https://gpacalculator.net/admissions/roosevelt-university/,301 Rank Math > /admissions/roosevelt-university/ | 200,301 Rank Math > /admissions/roosevelt-university/ | 200,0,103,,
rockford-career-college,Rockford Career College,"Rockford, Illinois",R,410,410,410,0,13,,
sage-college,Sage College,"Moreno Valley, California",C,410,410,410,0,19,,
saint-catharine-college,Saint Catharine College,"Saint Catharine, Kentucky",C,410,410,410,0,0,,
saint-gregorys-university,Saint Gregorys University,"Shawnee, Oklahoma",R,410,410,410,1,20,410 with clicks,/admissions/: 301 https://gpacalculator.net/admissions/?search=Oklahoma; /admission/: 301 https://gpacalculator.net/admissions/?search=Oklahoma
saint-josephs-college,Saint Josephs College,"Rensselaer, Indiana",C,410,410,410,0,1,,
saint-louis-christian-college,Saint Louis Christian College,"Florissant, Missouri",R,410,410,410,0,1,,
san-diego-state-university-imperial-valley-campus,San Diego State University Imperial Valley Campus,"Calexico, California",M,301 https://gpacalculator.net/admissions/san-diego-state/,301 Rank Math > /admissions/san-diego-state/ | 200,301 Rank Math > /admissions/san-diego-state/ | 200,0,292,,
san-francisco-art-institute,San Francisco Art Institute,"San Francisco, California",C,410,410,410,0,5,,
san-joaquin-valley-college-fresno,San Joaquin Valley College Fresno,"Fresno, California",R,410,410,410,0,2,,
santa-barbara-business-college-bakersfield,Santa Barbara Business College Bakersfield,"Bakersfield, California",R,410,410,410,0,4,,
santa-barbara-business-college-santa-maria,Santa Barbara Business College Santa Maria,"Santa Maria, California",C,410,410,410,0,0,,
santa-fe-university-of-art-and-design,Santa Fe University of Art and Design,"Santa Fe, New Mexico",R,410,410,410,0,15,,
school-of-the-museum-of-fine-arts-boston,School of the Museum of Fine Arts Boston,"Boston, Massachusetts",C,301 https://gpacalculator.net/admissions/tufts/,301 Rank Math > /admissions/tufts/ | 200,301 Rank Math > /admissions/tufts/ | 200,0,4,,
shorter-university-college-of-adult-professional-programs,Shorter University College of Adult & Professional Programs,"Atlanta, Georgia",C,410,410,410,0,135,,
sierra-nevada-college,Sierra Nevada University,"Incline Village, Nevada",C,410,410,410,0,1,,
silver-lake-college-of-the-holy-family,Silver Lake College of the Holy Family,"Manitowoc, Wisconsin",C,410,410,410,0,3,,
simmons-institute-of-funeral-service-inc,Simmons Institute of Funeral Service Inc,"Syracuse, New York",C,410,410,410,0,0,,
skyline-college-roanoke,Skyline College Roanoke,"Roanoke, Virginia",C,410,410,410,0,0,,
sojourner-douglass-college,Sojourner Douglass College,"Baltimore, Maryland",C,410,410,410,0,1,,
south-central-louisiana-technical-college-young-memorial-campus,South Central Louisiana Technical College Young Memorial Campus,"Morgan City, Louisiana",C,301 https://gpacalculator.net/admissions/south-louisiana-community-college/,301 Rank Math > /admissions/south-louisiana-community-college/ | 200,301 Rank Math > /admissions/south-louisiana-community-college/ | 200,0,1,,
south-college-asheville,South College Asheville,"Asheville, North Carolina",M,301 https://gpacalculator.net/admissions/south-college/,301 Rank Math > /admissions/south-college/ | 200,301 Rank Math > /admissions/south-college/ | 200,0,19,,
southeastern-bible-college,Southeastern Bible College,"Birmingham, Alabama",C,410,410,410,0,0,,
southwest-georgia-technical-college,Southwest Georgia Technical College,"Thomasville, Georgia",R,301 https://gpacalculator.net/admissions/southern-regional-technical-college/,301 Rank Math > /admissions/southern-regional-technical-college/ | 200,301 Rank Math > /admissions/southern-regional-technical-college/ | 200,0,0,,
southwest-university-of-visual-arts-albuquerque,Southwest University of Visual Arts Albuquerque,"Albuquerque, New Mexico",C,410,410,410,0,19,,
southwest-university-of-visual-arts-tucson,Southwest University of Visual Arts Tucson,"Tucson, Arizona",C,410,410,410,0,31,,
st-vincents-college,St Vincent's College,"Bridgeport, Connecticut",C,301 https://gpacalculator.net/admissions/sacred-heart-university/,301 Rank Math > /admissions/sacred-heart-university/ | 200,301 Rank Math > /admissions/sacred-heart-university/ | 200,0,10,,
stenotype-institute-of-jacksonville-inc-jacksonville,Stenotype Institute of Jacksonville Inc Jacksonville,"Jacksonville, Florida",C,410,410,410,0,0,,
stenotype-institute-of-jacksonville-inc-orlando,Stenotype Institute of Jacksonville Inc Orlando,"Orlando, Florida",C,410,410,410,0,0,,
stratford-university,Stratford University,"Falls Church, Virginia",C,410,410,410,1,154,410 with clicks,/admissions/: 301 https://gpacalculator.net/admissions/?search=Virginia; /admission/: 301 https://gpacalculator.net/admissions/?search=Virginia
tennessee-temple-university,Tennessee Temple University,"Chattanooga, Tennessee",C,301 https://gpacalculator.net/admissions/carolina-university/,301 Rank Math > /admissions/carolina-university/ | 200,301 Rank Math > /admissions/carolina-university/ | 200,0,199,,
texas-a-m-university-galveston,Texas A & M University Galveston,"Galveston, Texas",C,301 https://gpacalculator.net/admissions/texas-a-and-m-university-college-station/,301 Rank Math > /admissions/texas-a-and-m-university-college-station/ | 200,301 Rank Math > /admissions/texas-a-and-m-university-college-station/ | 200,0,142,,
texas-state-technical-college-harlingen,Texas State Technical College Harlingen,"Harlingen, Texas",C,301 https://gpacalculator.net/admissions/texas-state-technical-college/,301 Rank Math > /admissions/texas-state-technical-college/ | 200,301 Rank Math > /admissions/texas-state-technical-college/ | 200,0,11,,
texas-state-technical-college-marshall,Texas State Technical College Marshall,"Marshall, Texas",C,301 https://gpacalculator.net/admissions/texas-state-technical-college/,301 Rank Math > /admissions/texas-state-technical-college/ | 200,301 Rank Math > /admissions/texas-state-technical-college/ | 200,0,14,,
texas-state-technical-college-waco,Texas State Technical College Waco,"Waco, Texas",D,301 https://gpacalculator.net/admissions/texas-state-technical-college/,301 Rank Math > /admissions/texas-state-technical-college/ | 200,301 Rank Math > /admissions/texas-state-technical-college/ | 200,0,17,,
texas-state-technical-college-west-texas,Texas State Technical College West Texas,"Sweetwater, Texas",C,301 https://gpacalculator.net/admissions/texas-state-technical-college/,301 Rank Math > /admissions/texas-state-technical-college/ | 200,301 Rank Math > /admissions/texas-state-technical-college/ | 200,0,6,,
the-creative-center,The Creative Center,"Omaha, Nebraska",C,410,410,410,0,1,,
the-illinois-institute-of-art-schaumburg,The Illinois Institute of Art Schaumburg,"Schaumburg, Illinois",C,410,410,410,0,13,,
the-national-hispanic-university,The National Hispanic University,"San Jose, California",C,410,410,410,0,4,,
three-rivers-community-college-ct,Three Rivers Community College,"Norwich, Connecticut",N,301 https://gpacalculator.net/admissions/connecticut-state-community-college/,301 Rank Math > /admissions/connecticut-state-community-college/ | 200,301 Rank Math > /admissions/connecticut-state-community-college/ | 200,0,6,,
trident-university-international,Trident University International,"Cypress, California",C,410,410,410,1,102,410 with clicks,/admissions/: 301 https://gpacalculator.net/admissions/?search=California; /admission/: 301 https://gpacalculator.net/admissions/?search=California
trinity-international-university-florida,Trinity International University Florida,"Davie, Florida",C,410,410,410,0,68,,
trumbull-business-college,Trumbull Business College,"Warren, Ohio",C,410,410,410,0,3,,
tunxis-community-college,Tunxis Community College,"Farmington, Connecticut",N,301 https://gpacalculator.net/admissions/connecticut-state-community-college/,301 Rank Math > /admissions/connecticut-state-community-college/ | 200,301 Rank Math > /admissions/connecticut-state-community-college/ | 200,0,14,,
union-institute-university,Union Institute & University,"Cincinnati, Ohio",R,410,410,410,0,845,,
university-of-maine-at-machias,University of Maine at Machias,"Machias, Maine",M,301 https://gpacalculator.net/admissions/university-of-maine/,301 Rank Math > /admissions/university-of-maine/ | 200,301 Rank Math > /admissions/university-of-maine/ | 200,0,3,,
university-of-phoenix-albuquerque-campus,University of Phoenix Albuquerque Campus,"Albuquerque, New Mexico",C,410,410,410,0,4,,
university-of-phoenix-atlanta-campus,University of Phoenix Atlanta Campus,"Sandy Springs, Georgia",C,410,410,410,0,3,,
university-of-phoenix-augusta-campus,University of Phoenix Augusta Campus,"Augusta, Georgia",C,410,410,410,0,172,,
university-of-phoenix-austin-campus,University of Phoenix Austin Campus,"Austin, Texas",S,301 https://gpacalculator.net/admissions/university-of-phoenix/,301 Rank Math > /admissions/university-of-phoenix/ | 200,301 Rank Math > /admissions/university-of-phoenix/ | 200,0,25,,
university-of-phoenix-baton-rouge,University of Phoenix Baton Rouge,"Baton Rouge, Louisiana",C,410,410,410,0,48,,
university-of-phoenix-bay-area-campus,University of Phoenix Bay Area Campus,"San Jose, California",S,301 https://gpacalculator.net/admissions/university-of-phoenix/,301 Rank Math > /admissions/university-of-phoenix/ | 200,301 Rank Math > /admissions/university-of-phoenix/ | 200,0,33,,
university-of-phoenix-birmingham-campus,University of Phoenix Birmingham Campus,"Birmingham, Alabama",C,410,410,410,0,5,,
university-of-phoenix-boston-campus,University of Phoenix Boston Campus,"Braintree, Massachusetts",C,410,410,410,0,24,,
university-of-phoenix-central-florida-campus,University of Phoenix Central Florida Campus,"Maitland, Florida",C,410,410,410,0,5,,
university-of-phoenix-central-valley-campus,University of Phoenix Central Valley Campus,"Fresno, California",S,301 https://gpacalculator.net/admissions/university-of-phoenix/,301 Rank Math > /admissions/university-of-phoenix/ | 200,301 Rank Math > /admissions/university-of-phoenix/ | 200,0,56,,
university-of-phoenix-charlotte-campus,University of Phoenix Charlotte Campus,"Charlotte, North Carolina",C,410,410,410,0,38,,
university-of-phoenix-chattanooga-campus,University of Phoenix Chattanooga Campus,"Chattanooga, Tennessee",C,410,410,410,0,84,,
university-of-phoenix-cheyenne-campus,University of Phoenix Cheyenne Campus,"Cheyenne, Wyoming",C,410,410,410,0,139,,
university-of-phoenix-chicago-campus,University of Phoenix Chicago Campus,"Schaumburg, Illinois",C,410,410,410,0,4,,
university-of-phoenix-cincinnati-campus,University of Phoenix Cincinnati Campus,"West Chester, Ohio",C,410,410,410,0,4,,
university-of-phoenix-cleveland-campus,University of Phoenix Cleveland Campus,"Independence, Ohio",C,410,410,410,0,19,,
university-of-phoenix-colorado-campus,University of Phoenix Colorado Campus,"Lone Tree, Colorado",R,410,410,410,0,44,,
university-of-phoenix-columbia-campus,University of Phoenix Columbia Campus,"Columbia, South Carolina",C,410,410,410,0,103,,
university-of-phoenix-columbus-georgia-campus,University of Phoenix Columbus Georgia Campus,"Columbus, Georgia",C,410,410,410,0,0,,
university-of-phoenix-columbus-ohio-campus,University of Phoenix Columbus Ohio Campus,"Columbus, Ohio",C,410,410,410,0,39,,
university-of-phoenix-dallas-campus,University of Phoenix Dallas Campus,"Dallas, Texas",S,301 https://gpacalculator.net/admissions/university-of-phoenix/,301 Rank Math > /admissions/university-of-phoenix/ | 200,301 Rank Math > /admissions/university-of-phoenix/ | 200,0,74,,
university-of-phoenix-delaware,University of Phoenix Delaware,"Wilmington, Delaware",C,410,410,410,0,32,,
university-of-phoenix-des-moines-campus,University of Phoenix Des Moines Campus,"West Des Moines, Iowa",C,410,410,410,0,48,,
university-of-phoenix-fairfield-county-campus,University of Phoenix Fairfield County Campus,"Norwalk, Connecticut",C,410,410,410,0,34,,
university-of-phoenix-harrisburg-campus,University of Phoenix Harrisburg Campus,"Harrisburg, Pennsylvania",R,410,410,410,0,85,,
university-of-phoenix-houston-campus,University of Phoenix Houston Campus,"Houston, Texas",S,301 https://gpacalculator.net/admissions/university-of-phoenix/,301 Rank Math > /admissions/university-of-phoenix/ | 200,301 Rank Math > /admissions/university-of-phoenix/ | 200,0,17,,
university-of-phoenix-indianapolis-campus,University of Phoenix Indianapolis Campus,"Indianapolis, Indiana",C,410,410,410,1,21,410 with clicks,/admissions/: 301 https://gpacalculator.net/admissions/university-of-phoenix/; /admission/: 301 https://gpacalculator.net/admissions/university-of-phoenix/
university-of-phoenix-jackson-campus,University of Phoenix Jackson Campus,"Flowood, Mississippi",C,410,410,410,0,42,,
university-of-phoenix-jersey-city-campus,University of Phoenix Jersey City Campus,"Jersey City, New Jersey",C,410,410,410,0,49,,
university-of-phoenix-kansas-city-campus,University of Phoenix Kansas City Campus,"Kansas City, Missouri",C,410,410,410,0,43,,
university-of-phoenix-knoxville,University of Phoenix Knoxville,"Knoxville, Tennessee",C,410,410,410,0,17,,
university-of-phoenix-lafayette,University of Phoenix Lafayette,"Lafayette, Louisiana",C,410,410,410,0,214,,
university-of-phoenix-las-vegas-campus,University of Phoenix Las Vegas Campus,"Las Vegas, Nevada",S,410,410,410,0,45,,
university-of-phoenix-little-rock-campus,University of Phoenix Little Rock Campus,"Little Rock, Arkansas",C,410,410,410,0,71,,
university-of-phoenix-louisiana-campus,University of Phoenix Louisiana Campus,"Metairie, Louisiana",C,410,410,410,0,2,,
university-of-phoenix-louisville-campus,University of Phoenix Louisville Campus,"Louisville, Kentucky",C,410,410,410,0,10,,
university-of-phoenix-madison-campus,University of Phoenix Madison Campus,"Madison, Wisconsin",C,410,410,410,0,22,,
university-of-phoenix-maryland-campus,University of Phoenix Maryland Campus,"Columbia, Maryland",C,410,410,410,0,26,,
university-of-phoenix-memphis-campus,University of Phoenix Memphis Campus,"Cordova, Tennessee",C,410,410,410,0,55,,
university-of-phoenix-metro-detroit-campus,University of Phoenix Metro Detroit Campus,"Troy, Michigan",C,410,410,410,0,32,,
university-of-phoenix-milwaukee-campus,University of Phoenix Milwaukee Campus,"Brookfield, Wisconsin",C,410,410,410,0,2,,
university-of-phoenix-minneapolis-st-paul-campus,University of Phoenix Minneapolis/St Paul Campus,,R,410,410,410,0,34,,
university-of-phoenix-nashville-campus,University of Phoenix Nashville Campus,"Nashville, Tennessee",C,410,410,410,0,19,,
university-of-phoenix-north-florida-campus,University of Phoenix North Florida Campus,"Jacksonville, Florida",C,410,410,410,0,4,,
university-of-phoenix-northern-nevada-campus,University of Phoenix Northern Nevada Campus,"Reno, Nevada",S,410,410,410,0,24,,
university-of-phoenix-northern-virginia-campus,University of Phoenix Northern Virginia Campus,"Reston, Virginia",C,410,410,410,0,48,,
university-of-phoenix-northwest-arkansas-campus,University of Phoenix Northwest Arkansas Campus,"Rogers, Arkansas",C,410,410,410,0,4,,
university-of-phoenix-northwest-indiana-campus,University of Phoenix Northwest Indiana Campus,"Merrillville, Indiana",C,410,410,410,0,35,,
university-of-phoenix-oklahoma-city-campus,University of Phoenix Oklahoma City Campus,"Oklahoma City, Oklahoma",C,410,410,410,0,7,,
university-of-phoenix-omaha-campus,University of Phoenix Omaha Campus,"Omaha, Nebraska",C,410,410,410,0,38,,
university-of-phoenix-online-campus,University of Phoenix Online Campus,"Phoenix, Arizona",S,301 https://gpacalculator.net/admissions/university-of-phoenix/,301 Rank Math > /admissions/university-of-phoenix/ | 200,301 Rank Math > /admissions/university-of-phoenix/ | 200,0,615,,
university-of-phoenix-oregon-campus,University of Phoenix Oregon Campus,"Tigard, Oregon",C,410,410,410,0,19,,
university-of-phoenix-philadelphia-campus,University of Phoenix Philadelphia Campus,"Wayne, Pennsylvania",R,410,410,410,0,9,,
university-of-phoenix-phoenix-hohokam-campus,University of Phoenix Phoenix Hohokam Campus,"Phoenix, Arizona",S,301 https://gpacalculator.net/admissions/university-of-phoenix/,301 Rank Math > /admissions/university-of-phoenix/ | 200,301 Rank Math > /admissions/university-of-phoenix/ | 200,1,93,,
university-of-phoenix-pittsburgh-campus,University of Phoenix Pittsburgh Campus,"Pittsburgh, Pennsylvania",R,410,410,410,0,147,,
university-of-phoenix-raleigh-campus,University of Phoenix Raleigh Campus,"Raleigh, North Carolina",C,410,410,410,0,179,,
university-of-phoenix-richmond-campus,University of Phoenix Richmond Campus,"Richmond, Virginia",C,410,410,410,0,104,,
university-of-phoenix-sacramento-valley-campus,University of Phoenix Sacramento Valley Campus,"Sacramento, California",S,301 https://gpacalculator.net/admissions/university-of-phoenix/,301 Rank Math > /admissions/university-of-phoenix/ | 200,301 Rank Math > /admissions/university-of-phoenix/ | 200,0,16,,
university-of-phoenix-san-antonio-campus,University of Phoenix San Antonio Campus,"San Antonio, Texas",S,301 https://gpacalculator.net/admissions/university-of-phoenix/,301 Rank Math > /admissions/university-of-phoenix/ | 200,301 Rank Math > /admissions/university-of-phoenix/ | 200,0,51,,
university-of-phoenix-san-diego-campus,University of Phoenix San Diego Campus,"San Diego, California",S,301 https://gpacalculator.net/admissions/university-of-phoenix/,301 Rank Math > /admissions/university-of-phoenix/ | 200,301 Rank Math > /admissions/university-of-phoenix/ | 200,0,32,,
university-of-phoenix-savannah-campus,University of Phoenix Savannah Campus,"Savannah, Georgia",C,410,410,410,0,19,,
university-of-phoenix-shreveport-bossier,University of Phoenix Shreveport Bossier,"Bossier City, Louisiana",C,410,410,410,0,52,,
university-of-phoenix-south-florida-campus,University of Phoenix South Florida Campus,"Plantation, Florida",C,410,410,410,0,10,,
university-of-phoenix-southern-arizona-campus,University of Phoenix Southern Arizona Campus,"Tucson, Arizona",S,301 https://gpacalculator.net/admissions/university-of-phoenix/,301 Rank Math > /admissions/university-of-phoenix/ | 200,301 Rank Math > /admissions/university-of-phoenix/ | 200,0,92,,
university-of-phoenix-southern-california-campus,University of Phoenix Southern California Campus,"Costa Mesa, California",S,301 https://gpacalculator.net/admissions/university-of-phoenix/,301 Rank Math > /admissions/university-of-phoenix/ | 200,301 Rank Math > /admissions/university-of-phoenix/ | 200,0,42,,
university-of-phoenix-southern-colorado-campus,University of Phoenix Southern Colorado Campus,"Colorado Springs, Colorado",C,410,410,410,0,19,,
university-of-phoenix-springfield-campus,University of Phoenix Springfield Campus,"Springfield, Missouri",C,410,410,410,0,8,,
university-of-phoenix-st-louis-campus,University of Phoenix St Louis Campus,"Saint Louis, Missouri",C,410,410,410,0,23,,
university-of-phoenix-tulsa-campus,University of Phoenix Tulsa Campus,"Tulsa, Oklahoma",C,410,410,410,0,4,,
university-of-phoenix-utah-campus,University of Phoenix Utah Campus,"Salt Lake City, Utah",C,410,410,410,0,4,,
university-of-phoenix-washington-dc-campus,University of Phoenix Washington DC Campus,"Washington, District Of Columbia",R,410,410,410,0,14,,
university-of-phoenix-west-florida-campus,University of Phoenix West Florida Campus,"Temple Terrace, Florida",C,410,410,410,0,2,,
university-of-phoenix-west-michigan-campus,University of Phoenix West Michigan Campus,"Walker, Michigan",C,410,410,410,0,2,,
university-of-phoenix-western-washington-campus,University of Phoenix Western Washington Campus,"Tukwila, Washington",C,410,410,410,0,50,,
university-of-phoenix-wichita-campus,University of Phoenix Wichita Campus,"Wichita, Kansas",C,410,410,410,0,3,,
university-of-saint-katherine,University of Saint Katherine,"San Marcos, California",C,410,410,410,0,0,,
university-of-south-florida-st-petersburg-campus,University of South Florida St. Petersburg Campus,"St. Petersburg, Florida",C,301 https://gpacalculator.net/admissions/university-of-south-florida-main-campus/,301 Rank Math > /admissions/university-of-south-florida-main-campus/ | 200,301 Rank Math > /admissions/university-of-south-florida-main-campus/ | 200,1,113,,
university-of-the-sciences,University of the Sciences,"Philadelphia, Pennsylvania",C,301 https://gpacalculator.net/admissions/saint-josephs-university/,301 Rank Math > /admissions/saint-josephs-university/ | 200,301 Rank Math > /admissions/saint-josephs-university/ | 200,0,31,,
urbana-university,Urbana University,"Urbana, Ohio",C,301 https://gpacalculator.net/admissions/franklin-university/,301 Rank Math > /admissions/franklin-university/ | 200,301 Rank Math > /admissions/franklin-university/ | 200,0,71,,
utah-state-university-college-of-eastern-utah,Utah State University College of Eastern Utah,"Price, Utah",C,301 https://gpacalculator.net/admissions/utah-state-university/,301 Rank Math > /admissions/utah-state-university/ | 200,301 Rank Math > /admissions/utah-state-university/ | 200,1,100,,
valley-college-princeton,Valley College Princeton,"Princeton, West Virginia",C,410,410,410,0,1,,
vermilion-community-college,Vermilion Community College,"Ely, Minnesota",P,301 https://gpacalculator.net/admissions/minnesota-north-college/,301 Rank Math > /admissions/minnesota-north-college/ | 200,301 Rank Math > /admissions/minnesota-north-college/ | 200,0,2,,
vermont-technical-college,Vermont Technical College,"Randolph Center, Vermont",N,301 https://gpacalculator.net/admissions/vermont-state-university/,301 Rank Math > /admissions/vermont-state-university/ | 200,301 Rank Math > /admissions/vermont-state-university/ | 200,0,5,,
victory-university,Victory University,"Memphis, Tennessee",C,410,410,410,0,1,,
virginia-intermont-college,Virginia Intermont College,"Bristol, Virginia",R,410,410,410,0,1,,
virginia-marti-college-of-art-and-design,Virginia Marti College of Art and Design,"Lakewood, Ohio",R,410,410,410,0,0,,
watkins-college-of-art-design-and-film,Watkins College of Art Design & Film,"Nashville, Tennessee",C,410,410,410,0,1,,
wentworth-military-academy-and-junior-college,Wentworth Military Academy & Junior College,"Lexington, Missouri",R,410,410,410,0,3,,
wesley-college,Wesley College,"Dover, Delaware",C,301 https://gpacalculator.net/admissions/delaware-state-university/,301 Rank Math > /admissions/delaware-state-university/ | 200,301 Rank Math > /admissions/delaware-state-university/ | 200,0,25,,
west-virginia-junior-college-bridgeport,West Virginia Junior College Bridgeport,"Bridgeport, West Virginia",R,410,410,410,0,3,,
western-international-university,Western International University,"Phoenix, Arizona",C,410,410,410,0,80,,
widener-university-delaware-campus,Widener University Delaware Campus,"Wilmington, Delaware",C,301 https://gpacalculator.net/admissions/widener-university-main-campus/,301 Rank Math > /admissions/widener-university-main-campus/ | 200,301 Rank Math > /admissions/widener-university-main-campus/ | 200,0,115,,
wood-tobe-coburn-school,Wood Tobe Coburn School,"New York, New York",R,410,410,410,0,4,,
wright-career-college,Wright Career College,"Overland Park, Kansas",R,410,410,410,0,1,,
yorktowne-business-institute,Yorktowne Business Institute,"York, Pennsylvania",C,410,410,410,0,0,,
