slug,url,title,location,unitid,ipeds_name,successor_unitid,successor_name,successor_url,evidence,treatment
acadiana-technical-college-lafayette-campus,https://gpacalculator.net/admissions/acadiana-technical-college-lafayette-campus/,Acadiana Technical College Lafayette Campus,"Lafayette, Louisiana",159443,Acadiana Technical College-Lafayette Campus,434061,South Louisiana Community College,https://gpacalculator.net/admissions/south-louisiana-community-college/,"IPEDS HD2002-HD2014: Acadiana Technical College-Lafayette Campus (UNITID 159443), , LA; deleted from IPEDS 2014 (DEATHYR); merged into UNITID 434061 (NEWID); identified by exact name, city and state",301 to https://gpacalculator.net/admissions/south-louisiana-community-college/
alabama-southern-community-college,https://gpacalculator.net/admissions/alabama-southern-community-college/,Alabama Southern Community College,"Monroeville, Alabama",101949,Alabama Southern Community College,101161,Coastal Alabama Community College,,"IPEDS HD2002-HD2018: Alabama Southern Community College (UNITID 101949), Monroeville, AL; deleted from IPEDS 2018 (DEATHYR); merged into UNITID 101161 (NEWID); identified by exact name, city and state",successor has no page here: treat as a closure
altamaha-technical-college,https://gpacalculator.net/admissions/altamaha-technical-college/,Altamaha Technical College,"Jesup, Georgia",366447,Altamaha Technical College,485458,Coastal Pines Technical College,https://gpacalculator.net/admissions/coastal-pines-technical-college/,"IPEDS HD2002-HD2014: Altamaha Technical College (UNITID 366447), , GA; deleted from IPEDS 2014 (DEATHYR); merged into UNITID 485458 (NEWID); identified by exact name, city and state",301 to https://gpacalculator.net/admissions/coastal-pines-technical-college/
american-sentinel-university,https://gpacalculator.net/admissions/american-sentinel-university/,American Sentinel University,"Aurora, Colorado",460738,American Sentinel College of Nursing and Health Sciences,130183,Post University,https://gpacalculator.net/admissions/post-university/,"IPEDS HD2011-HD2022: American Sentinel College of Nursing and Health Sciences (UNITID 460738), Waterbury, CT; deleted from IPEDS 2022 (DEATHYR); merged into UNITID 130183 (NEWID); identified by exact name, city and state",301 to https://gpacalculator.net/admissions/post-university/
asnuntuck-community-college,https://gpacalculator.net/admissions/asnuntuck-community-college/,Asnuntuck Community College,"Enfield, Connecticut",128577,Asnuntuck Community College,129367,Connecticut State Community College,,"IPEDS HD2002-HD2023: Asnuntuck Community College (UNITID 128577), Enfield, CT; deleted from IPEDS 2023 (DEATHYR); merged into UNITID 129367 (NEWID); identified by exact name, city and state",successor has no page here: treat as a closure
averett-university-non-traditional-programs,https://gpacalculator.net/admissions/averett-university-non-traditional-programs/,Averett University Non Traditional Programs,"Danville, Virginia",449931,Averett University-Non-Traditional Programs,231420,Averett University,https://gpacalculator.net/admissions/averett-university/,"IPEDS HD2007-HD2021: Averett University-Non-Traditional Programs (UNITID 449931), Danville, VA; deleted from IPEDS 2021 (DEATHYR); merged into UNITID 231420 (NEWID); identified by exact name, city and state",301 to https://gpacalculator.net/admissions/averett-university/
bainbridge-college,https://gpacalculator.net/admissions/bainbridge-college/,Bainbridge College,"Bainbridge, Georgia",139010,Bainbridge State College,138558,Abraham Baldwin Agricultural College,https://gpacalculator.net/admissions/abraham-baldwin-agricultural-college/,"IPEDS HD2002-HD2018: Bainbridge State College (UNITID 139010), Bainbridge, GA; deleted from IPEDS 2018 (DEATHYR); merged into UNITID 138558 (NEWID); identified by exact name, city and state",301 to https://gpacalculator.net/admissions/abraham-baldwin-agricultural-college/
baker-college-center-for-graduate-studies,https://gpacalculator.net/admissions/baker-college-center-for-graduate-studies/,Baker College Center for Graduate Studies,"Flint, Michigan",414708,Baker College Center for Graduate Studies,168847,Baker College,,"IPEDS HD2002-HD2015: Baker College Center for Graduate Studies (UNITID 414708), Flint, MI; merged into UNITID 168847 (NEWID); identified by exact name, city and state",successor has no page here: treat as a closure
baker-college-of-allen-park,https://gpacalculator.net/admissions/baker-college-of-allen-park/,Baker College of Allen Park,"Allen Park, Michigan",444167,Baker College of Allen Park,168847,Baker College,,"IPEDS HD2004-HD2015: Baker College of Allen Park (UNITID 444167), Allen Park, MI; merged into UNITID 168847 (NEWID); identified by exact name, city and state",successor has no page here: treat as a closure
baker-college-of-auburn-hills,https://gpacalculator.net/admissions/baker-college-of-auburn-hills/,Baker College of Auburn Hills,"Auburn Hills, Michigan",404073,Baker College of Auburn Hills,168847,Baker College,,"IPEDS HD2002-HD2015: Baker College of Auburn Hills (UNITID 404073), Auburn Hills, MI; merged into UNITID 168847 (NEWID); identified by exact name, city and state",successor has no page here: treat as a closure
baker-college-of-clinton-township,https://gpacalculator.net/admissions/baker-college-of-clinton-township/,Baker College of Clinton Township,"Clinton Township, Michigan",404082,Baker College of Clinton Township,168847,Baker College,,"IPEDS HD2002-HD2015: Baker College of Clinton Township (UNITID 404082), Clinton Township, MI; merged into UNITID 168847 (NEWID); identified by exact name, city and state",successor has no page here: treat as a closure
baker-college-of-owosso,https://gpacalculator.net/admissions/baker-college-of-owosso/,Baker College of Owosso,"Owosso, Michigan",168838,Baker College of Owosso,168847,Baker College,,"IPEDS HD2002-HD2015: Baker College of Owosso (UNITID 168838), Owosso, MI; merged into UNITID 168847 (NEWID); identified by exact name, city and state",successor has no page here: treat as a closure
baker-college-of-port-huron,https://gpacalculator.net/admissions/baker-college-of-port-huron/,Baker College of Port Huron,"Port Huron, Michigan",381617,Baker College of Port Huron,168847,Baker College,,"IPEDS HD2002-HD2015: Baker College of Port Huron (UNITID 381617), Port Huron, MI; merged into UNITID 168847 (NEWID); identified by exact name, city and state",successor has no page here: treat as a closure
bloomsburg-university-of-pennsylvania,https://gpacalculator.net/admissions/bloomsburg-university-of-pennsylvania/,Bloomsburg University of Pennsylvania,"Bloomsburg, Pennsylvania",211158,Bloomsburg University of Pennsylvania,498562,Commonwealth University of Pennsylvania,,"IPEDS HD2002-HD2022: Bloomsburg University of Pennsylvania (UNITID 211158), Bloomsburg, PA; deleted from IPEDS 2022 (DEATHYR); merged into UNITID 498562 (NEWID); identified by exact name, city and state",successor has no page here: treat as a closure
bryant-and-stratton-college-cleveland,https://gpacalculator.net/admissions/bryant-and-stratton-college-cleveland/,Bryant & Stratton College Cleveland,"Cleveland, Ohio",202684,Bryant & Stratton College-Cleveland,201469,Bryant & Stratton College-Parma,https://gpacalculator.net/admissions/bryant-and-stratton-college-parma/,"IPEDS HD2002-HD2019: Bryant & Stratton College-Cleveland (UNITID 202684), Cleveland, OH; merged into UNITID 201469 (NEWID); identified by exact name, city and state",301 to https://gpacalculator.net/admissions/bryant-and-stratton-college-parma/
bryant-and-stratton-college-eastlake,https://gpacalculator.net/admissions/bryant-and-stratton-college-eastlake/,Bryant and Stratton College Eastlake,"Eastlake, Ohio",369905,Bryant & Stratton College-Solon,201469,Bryant & Stratton College-Parma,https://gpacalculator.net/admissions/bryant-and-stratton-college-parma/,"IPEDS HD2002-HD2019: Bryant & Stratton College-Solon (UNITID 369905), Solon, OH; merged into UNITID 201469 (NEWID); identified by exact name, city and state",301 to https://gpacalculator.net/admissions/bryant-and-stratton-college-parma/
bryant-and-stratton-college-glendale,https://gpacalculator.net/admissions/bryant-and-stratton-college-glendale/,Bryant and Stratton College Glendale,"Glendale, Wisconsin",458502,Bryant & Stratton College-Bayshore,451750,Bryant & Stratton College-Wauwatosa,https://gpacalculator.net/admissions/bryant-and-stratton-college-wauwatosa/,"IPEDS HD2010-HD2019: Bryant & Stratton College-Bayshore (UNITID 458502), Glendale, WI; merged into UNITID 451750 (NEWID); identified by exact name, city and state",301 to https://gpacalculator.net/admissions/bryant-and-stratton-college-wauwatosa/
castleton-state-college,https://gpacalculator.net/admissions/castleton-state-college/,Castleton State College,"Castleton, Vermont",230834,Castleton University,231165,Vermont State University,,"IPEDS HD2002-HD2023: Castleton University (UNITID 230834), Castleton, VT; deleted from IPEDS 2023 (DEATHYR); merged into UNITID 231165 (NEWID); identified by exact name, city and state",successor has no page here: treat as a closure
colorado-technical-university-greenwood-village,https://gpacalculator.net/admissions/colorado-technical-university-greenwood-village/,Colorado Technical University Greenwood Village,"Aurora, Colorado",430087,Colorado Technical University-Greenwood Village,126827,Colorado Technical University-Colorado Springs,https://gpacalculator.net/admissions/colorado-technical-university-colorado-springs/,"IPEDS HD2002-HD2016: Colorado Technical University-Greenwood Village (UNITID 430087), Aurora, CO; merged into UNITID 126827 (NEWID); identified by exact name, city and state",301 to https://gpacalculator.net/admissions/colorado-technical-university-colorado-springs/
colorado-technical-university-online,https://gpacalculator.net/admissions/colorado-technical-university-online/,Colorado Technical University Online,"Colorado Springs, Colorado",444158,Colorado Technical University-Online,126827,Colorado Technical University-Colorado Springs,https://gpacalculator.net/admissions/colorado-technical-university-colorado-springs/,"IPEDS HD2004-HD2016: Colorado Technical University-Online (UNITID 444158), Colorado Springs, CO; deleted from IPEDS 2016 (DEATHYR); merged into UNITID 126827 (NEWID); identified by exact name, city and state",301 to https://gpacalculator.net/admissions/colorado-technical-university-colorado-springs/
colorado-technical-university-sioux-falls,https://gpacalculator.net/admissions/colorado-technical-university-sioux-falls/,Colorado Technical University Sioux Falls,"Sioux Falls, South Dakota",402615,Colorado Technical University-Sioux Falls,126827,Colorado Technical University-Colorado Springs,https://gpacalculator.net/admissions/colorado-technical-university-colorado-springs/,"IPEDS HD2002-HD2016: Colorado Technical University-Sioux Falls (UNITID 402615), Sioux Falls, SD; merged into UNITID 126827 (NEWID); identified by exact name, city and state",301 to https://gpacalculator.net/admissions/colorado-technical-university-colorado-springs/
darton-college,https://gpacalculator.net/admissions/darton-college/,Darton College,"Albany, Georgia",138691,Darton State College,138716,Albany State University,https://gpacalculator.net/admissions/albany-state-university/,"IPEDS HD2002-HD2017: Darton State College (UNITID 138691), Albany, GA; deleted from IPEDS 2017 (DEATHYR); merged into UNITID 138716 (NEWID); identified by exact name, city and state",301 to https://gpacalculator.net/admissions/albany-state-university/
florida-career-college-clearwater,https://gpacalculator.net/admissions/florida-career-college-clearwater/,Florida Career College Clearwater,"Clearwater, Florida",364885,Florida Career College-Clearwater,133997,Florida Career College-Miami,,"IPEDS HD2002-HD2012: Florida Career College-Clearwater (UNITID 364885), Clearwater, FL; deleted from IPEDS 2012 (DEATHYR); merged into UNITID 133997 (NEWID); identified by exact name, city and state",successor has no page here: treat as a closure
fortis-institute,https://gpacalculator.net/admissions/fortis-institute/,Fortis Institute,"Cookeville, Tennessee",418870,Fortis Institute-Cookeville,494436,Fortis Institute-Cookeville,,"IPEDS HD2002-HD2019: Fortis Institute-Cookeville (UNITID 418870), Cookeville, TN; deleted from IPEDS 2019 (DEATHYR); merged into UNITID 494436 (NEWID); identified by exact name, city and state",successor has no page here: treat as a closure
gateway-community-college-new-haven,https://gpacalculator.net/admissions/gateway-community-college-new-haven/,Gateway Community College,"New Haven, Connecticut",130396,Connecticut State Community College Gateway,129367,Connecticut State Community College,,"IPEDS HD2002-HD2023: Connecticut State Community College Gateway (UNITID 130396), New Haven, CT; deleted from IPEDS 2023 (DEATHYR); merged into UNITID 129367 (NEWID); identified by exact name, city and state",successor has no page here: treat as a closure
georgia-military-college-atlanta-campus,https://gpacalculator.net/admissions/georgia-military-college-atlanta-campus/,Georgia Military College Atlanta Campus,"Fairburn, Georgia",384388,Georgia Military College - Atlanta,485111,Georgia Military College,,"IPEDS HD2002-HD2018: Georgia Military College - Atlanta (UNITID 384388), Fairburn, GA; merged into UNITID 485111 (NEWID); identified by exact name, city and state","301 to whichever of georgia-military-college-milledgeville-campus, georgia-military-college survives checkpoint D"
housatonic-community-college,https://gpacalculator.net/admissions/housatonic-community-college/,Housatonic Community College,"Bridgeport, Connecticut",129543,Connecticut State Community College Housatonic,129367,Connecticut State Community College,,"IPEDS HD2002-HD2023: Connecticut State Community College Housatonic (UNITID 129543), Bridgeport, CT; deleted from IPEDS 2023 (DEATHYR); merged into UNITID 129367 (NEWID); identified by exact name, city and state",successor has no page here: treat as a closure
itasca-community-college,https://gpacalculator.net/admissions/itasca-community-college/,Itasca Community College,"Grand Rapids, Minnesota",173805,Minnesota North College - Itasca,173735,Minnesota North College,,"IPEDS HD2002-HD2022: Minnesota North College - Itasca (UNITID 173805), Grand Rapids, MN; merged into UNITID 173735 (NEWID); identified by exact name, city and state",successor has no page here: treat as a closure
jefferson-college-of-health-sciences,https://gpacalculator.net/admissions/jefferson-college-of-health-sciences/,Jefferson College of Health Sciences,"Roanoke, Virginia",231837,Radford University-Carilion,233277,Radford University,https://gpacalculator.net/admissions/radford-university/,"IPEDS HD2002-HD2020: Radford University-Carilion (UNITID 231837), Roanoke, VA; deleted from IPEDS 2020 (DEATHYR); merged into UNITID 233277 (NEWID); identified by exact name, city and state",301 to https://gpacalculator.net/admissions/radford-university/
jefferson-davis-community-college,https://gpacalculator.net/admissions/jefferson-davis-community-college/,Jefferson Davis Community College,"Brewton, Alabama",101499,Jefferson Davis Community College,101161,Coastal Alabama Community College,,"IPEDS HD2002-HD2018: Jefferson Davis Community College (UNITID 101499), Brewton, AL; deleted from IPEDS 2018 (DEATHYR); merged into UNITID 101161 (NEWID); identified by exact name, city and state",successor has no page here: treat as a closure
johnson-state-college,https://gpacalculator.net/admissions/johnson-state-college/,Johnson State College,"Johnson, Vermont",230913,Northern Vermont University,231165,Vermont State University,,"IPEDS HD2002-HD2023: Northern Vermont University (UNITID 230913), Johnson, VT; deleted from IPEDS 2023 (DEATHYR); merged into UNITID 231165 (NEWID); identified by exact name, city and state",successor has no page here: treat as a closure
kendall-college,https://gpacalculator.net/admissions/kendall-college/,Kendall College,"Chicago, Illinois",146393,Kendall College,147536,National Louis University,https://gpacalculator.net/admissions/national-louis-university/,"IPEDS HD2002-HD2018: Kendall College (UNITID 146393), Chicago, IL; deleted from IPEDS 2018 (DEATHYR); merged into UNITID 147536 (NEWID); identified by exact name, city and state",301 to https://gpacalculator.net/admissions/national-louis-university/
lock-haven-university,https://gpacalculator.net/admissions/lock-haven-university/,Lock Haven University,"Lock Haven, Pennsylvania",213613,Lock Haven University,498562,Commonwealth University of Pennsylvania,,"IPEDS HD2002-HD2022: Lock Haven University (UNITID 213613), Lock Haven, PA; deleted from IPEDS 2022 (DEATHYR); merged into UNITID 498562 (NEWID); identified by exact name, city and state",successor has no page here: treat as a closure
long-island-university-brooklyn-campus,https://gpacalculator.net/admissions/long-island-university-brooklyn-campus/,Long Island University Brooklyn Campus,"Brooklyn, New York",192439,LIU Brooklyn,192448,Long Island University,,"IPEDS HD2002-HD2018: LIU Brooklyn (UNITID 192439), Brooklyn, NY; deleted from IPEDS 2018 (DEATHYR); merged into UNITID 192448 (NEWID); identified by exact name, city and state",successor has no page here: treat as a closure
lyme-academy-college-of-fine-arts,https://gpacalculator.net/admissions/lyme-academy-college-of-fine-arts/,Lyme Academy College of Fine Arts,"Old Lyme, Connecticut",129686,Lyme Academy College of Fine Arts,129941,University of New Haven,https://gpacalculator.net/admissions/university-of-new-haven/,"IPEDS HD2002-HD2015: Lyme Academy College of Fine Arts (UNITID 129686), Old Lyme, CT; deleted from IPEDS 2015 (DEATHYR); merged into UNITID 129941 (NEWID); identified by exact name, city and state",301 to https://gpacalculator.net/admissions/university-of-new-haven/
lyndon-state-college,https://gpacalculator.net/admissions/lyndon-state-college/,Lyndon State College,"Lyndonville, Vermont",230931,Lyndon State College,231165,Vermont State University,,"IPEDS HD2002-HD2018: Lyndon State College (UNITID 230931), Lyndonville, VT; deleted from IPEDS 2018 (DEATHYR); merged into UNITID 230913 (NEWID); identified by exact name, city and state; which later merged into UNITID 231165",successor has no page here: treat as a closure
manchester-community-college-ct,https://gpacalculator.net/admissions/manchester-community-college-ct/,Manchester Community College,"Manchester, Connecticut",129695,Manchester Community College,129367,Connecticut State Community College,,"IPEDS HD2002-HD2023: Manchester Community College (UNITID 129695), Manchester, CT; deleted from IPEDS 2023 (DEATHYR); merged into UNITID 129367 (NEWID); identified by exact name, city and state",successor has no page here: treat as a closure
mansfield-university-of-pennsylvania,https://gpacalculator.net/admissions/mansfield-university-of-pennsylvania/,Mansfield University of Pennsylvania,"Mansfield, Pennsylvania",213783,Mansfield University of Pennsylvania,498562,Commonwealth University of Pennsylvania,,"IPEDS HD2002-HD2022: Mansfield University of Pennsylvania (UNITID 213783), Mansfield, PA; deleted from IPEDS 2022 (DEATHYR); merged into UNITID 498562 (NEWID); identified by exact name, city and state",successor has no page here: treat as a closure
mesabi-range-community-and-technical-college,https://gpacalculator.net/admissions/mesabi-range-community-and-technical-college/,Mesabi Range Community and Technical College,"Virginia, Minnesota",173993,Minnesota North College - Mesabi Range Virginia,173735,Minnesota North College,,"IPEDS HD2002-HD2022: Minnesota North College - Mesabi Range Virginia (UNITID 173993), Virginia, MN; merged into UNITID 173735 (NEWID); identified by exact name, city and state",successor has no page here: treat as a closure
metropolitan-community-college-blue-river,https://gpacalculator.net/admissions/metropolitan-community-college-blue-river/,Metropolitan Community College Blue River,"Independence, Missouri",440305,Metropolitan Community College-Blue River,177995,Metropolitan Community College-Kansas City,,"IPEDS HD2002-HD2012: Metropolitan Community College-Blue River (UNITID 440305), , MO; deleted from IPEDS 2012 (DEATHYR); merged into UNITID 177995 (NEWID); identified by exact name, city and state",successor has no page here: treat as a closure
metropolitan-community-college-business-and-technology,https://gpacalculator.net/admissions/metropolitan-community-college-business-and-technology/,Metropolitan Community College Business & Technology,"Kansas City, Missouri",442000,Metropolitan Community College-Business & Technology,177995,Metropolitan Community College-Kansas City,,"IPEDS HD2002-HD2012: Metropolitan Community College-Business & Technology (UNITID 442000), , MO; deleted from IPEDS 2012 (DEATHYR); merged into UNITID 177995 (NEWID); identified by exact name, city and state",successor has no page here: treat as a closure
metropolitan-community-college-maple-woods,https://gpacalculator.net/admissions/metropolitan-community-college-maple-woods/,Metropolitan Community College Maple Woods,"Kansas City, Missouri",178022,Metropolitan Community College-Maple Woods,177995,Metropolitan Community College-Kansas City,,"IPEDS HD2002-HD2012: Metropolitan Community College-Maple Woods (UNITID 178022), , MO; deleted from IPEDS 2012 (DEATHYR); merged into UNITID 177995 (NEWID); identified by exact name, city and state",successor has no page here: treat as a closure
metropolitan-community-college-penn-valley,https://gpacalculator.net/admissions/metropolitan-community-college-penn-valley/,Metropolitan Community College Penn Valley,"Kansas City, Missouri",178785,Metropolitan Community College-Penn Valley,177995,Metropolitan Community College-Kansas City,,"IPEDS HD2002-HD2012: Metropolitan Community College-Penn Valley (UNITID 178785), , MO; deleted from IPEDS 2012 (DEATHYR); merged into UNITID 177995 (NEWID); identified by exact name, city and state",successor has no page here: treat as a closure
middlesex-community-college-ct,https://gpacalculator.net/admissions/middlesex-community-college-ct/,Middlesex Community College,"Middletown, Connecticut",129756,Middlesex Community College,129367,Connecticut State Community College,,"IPEDS HD2002-HD2023: Middlesex Community College (UNITID 129756), Middletown, CT; deleted from IPEDS 2023 (DEATHYR); merged into UNITID 129367 (NEWID); identified by exact name, city and state",successor has no page here: treat as a closure
monroe-college-new-rochelle,https://gpacalculator.net/admissions/monroe-college-new-rochelle/,Monroe College New Rochelle,"New Rochelle, New York",193317,Monroe College-New Rochelle,193308,Monroe University,https://gpacalculator.net/admissions/monroe-college-main-campus/,"IPEDS HD2002-HD2012: Monroe College-New Rochelle (UNITID 193317), , NY; deleted from IPEDS 2012 (DEATHYR); merged into UNITID 193308 (NEWID); identified by exact name, city and state",301 to https://gpacalculator.net/admissions/monroe-college-main-campus/
montgomery-county-community-college-west-campus,https://gpacalculator.net/admissions/montgomery-county-community-college-west-campus/,Montgomery County Community College West Campus,"Pottstown, Pennsylvania",445009,Montgomery County Community College-West Campus,214111,Montgomery County Community College,,"IPEDS HD2004-HD2012: Montgomery County Community College-West Campus (UNITID 445009), , PA; deleted from IPEDS 2012 (DEATHYR); merged into UNITID 214111 (NEWID); identified by exact name, city and state",successor has no page here: treat as a closure
moultrie-technical-college,https://gpacalculator.net/admissions/moultrie-technical-college/,Moultrie Technical College,"Moultrie, Georgia",140599,Moultrie Technical College,487162,Southern Regional Technical College,https://gpacalculator.net/admissions/southern-regional-technical-college/,"IPEDS HD2002-HD2015: Moultrie Technical College (UNITID 140599), Moultrie, GA; deleted from IPEDS 2015 (DEATHYR); merged into UNITID 487162 (NEWID); identified by exact name, city and state",301 to https://gpacalculator.net/admissions/southern-regional-technical-college/
naugatuck-valley-community-college,https://gpacalculator.net/admissions/naugatuck-valley-community-college/,Naugatuck Valley Community College,"Waterbury, Connecticut",129729,Naugatuck Valley Community College,129367,Connecticut State Community College,,"IPEDS HD2002-HD2023: Naugatuck Valley Community College (UNITID 129729), Waterbury, CT; deleted from IPEDS 2023 (DEATHYR); merged into UNITID 129367 (NEWID); identified by exact name, city and state",successor has no page here: treat as a closure
new-england-school-of-communications,https://gpacalculator.net/admissions/new-england-school-of-communications/,New England School of Communications,"Bangor, Maine",373827,New England School of Communications,487524,Husson University,https://gpacalculator.net/admissions/husson-university/,"IPEDS HD2002-HD2015: New England School of Communications (UNITID 373827), Bangor, ME; deleted from IPEDS 2015 (DEATHYR); merged into UNITID 487524 (NEWID); identified by exact name, city and state",301 to https://gpacalculator.net/admissions/husson-university/
new-hampshire-institute-of-art,https://gpacalculator.net/admissions/new-hampshire-institute-of-art/,New Hampshire Institute of Art,"Manchester, New Hampshire",430810,New Hampshire Institute of Art,182980,New England College,https://gpacalculator.net/admissions/new-england-college/,"IPEDS HD2002-HD2019: New Hampshire Institute of Art (UNITID 430810), Manchester, NH; deleted from IPEDS 2019 (DEATHYR); merged into UNITID 182980 (NEWID); identified by exact name, city and state",301 to https://gpacalculator.net/admissions/new-england-college/
northeast-louisiana-technical-college-delta-ouachita-campus,https://gpacalculator.net/admissions/northeast-louisiana-technical-college-delta-ouachita-campus/,Northeast Louisiana Technical College Delta Ouachita Campus,"West Monroe, Louisiana",158769,Northeast Louisiana Technical College,483212,Louisiana Delta Community College,,"IPEDS HD2002-HD2013: Northeast Louisiana Technical College (UNITID 158769), West Monroe, LA; deleted from IPEDS 2013 (DEATHYR); merged into UNITID 483212 (NEWID); identified by exact name, city and state","301 to whichever of louisiana-delta-community-college-monroe-campus, louisiana-delta-community-college survives checkpoint D"
northwestern-connecticut-community-college,https://gpacalculator.net/admissions/northwestern-connecticut-community-college/,Northwestern Connecticut Community College,"Winsted, Connecticut",130040,Northwestern Connecticut Community College,129367,Connecticut State Community College,,"IPEDS HD2002-HD2023: Northwestern Connecticut Community College (UNITID 130040), Winsted, CT; deleted from IPEDS 2023 (DEATHYR); merged into UNITID 129367 (NEWID); identified by exact name, city and state",successor has no page here: treat as a closure
northwood-university-texas,https://gpacalculator.net/admissions/northwood-university-texas/,Northwood University Texas,"Cedar Hill, Texas",227243,Northwood University-Texas,171492,Northwood University,,"IPEDS HD2002-HD2016: Northwood University-Texas (UNITID 227243), Cedar Hill, TX; deleted from IPEDS 2016 (DEATHYR); merged into UNITID 171492 (NEWID); identified by exact name, city and state",successor has no page here: treat as a closure
norwalk-community-college,https://gpacalculator.net/admissions/norwalk-community-college/,Norwalk Community College,"Norwalk, Connecticut",130004,Connecticut State Community College Norwalk,129367,Connecticut State Community College,,"IPEDS HD2002-HD2023: Connecticut State Community College Norwalk (UNITID 130004), Norwalk, CT; deleted from IPEDS 2023 (DEATHYR); merged into UNITID 129367 (NEWID); identified by exact name, city and state",successor has no page here: treat as a closure
okefenokee-technical-college,https://gpacalculator.net/admissions/okefenokee-technical-college/,Okefenokee Technical College,"Waycross, Georgia",248776,Coastal Pines Technical College,485458,Coastal Pines Technical College,https://gpacalculator.net/admissions/coastal-pines-technical-college/,"IPEDS HD2002-HD2014: Coastal Pines Technical College (UNITID 248776), , GA; deleted from IPEDS 2014 (DEATHYR); merged into UNITID 485458 (NEWID); identified by exact name, city and state",301 to https://gpacalculator.net/admissions/coastal-pines-technical-college/
piedmont-international-university,https://gpacalculator.net/admissions/piedmont-international-university/,Piedmont International University,"Winston Salem, North Carolina",199315,Piedmont International University,489937,Carolina University,https://gpacalculator.net/admissions/carolina-university/,"IPEDS HD2002-HD2016: Piedmont International University (UNITID 199315), Winston-Salem, NC; deleted from IPEDS 2016 (DEATHYR); merged into UNITID 489937 (NEWID); identified by exact name, city and state",301 to https://gpacalculator.net/admissions/carolina-university/
pierce-college-at-puyallup,https://gpacalculator.net/admissions/pierce-college-at-puyallup/,Pierce College at Puyallup,"Puyallup, Washington",439145,Pierce College-Puyallup,235237,Pierce College District,,"IPEDS HD2002-HD2020: Pierce College-Puyallup (UNITID 439145), Lakewood, WA; deleted from IPEDS 2020 (DEATHYR); merged into UNITID 235237 (NEWID); identified by exact name, city and state",successor has no page here: treat as a closure
polytechnic-institute-of-new-york-university,https://gpacalculator.net/admissions/polytechnic-institute-of-new-york-university/,Polytechnic Institute of New York University,"Brooklyn, New York",194541,Polytechnic Institute of New York University,193900,New York University,https://gpacalculator.net/admissions/nyu/,"IPEDS HD2002-HD2014: Polytechnic Institute of New York University (UNITID 194541), , NY; deleted from IPEDS 2014 (DEATHYR); merged into UNITID 193900 (NEWID); identified by exact name, city and state",301 to https://gpacalculator.net/admissions/nyu/
prince-william-sound-community-college,https://gpacalculator.net/admissions/prince-william-sound-community-college/,Prince William Sound Community College,"Valdez, Alaska",103361,Prince William Sound Community College,102553,University of Alaska Anchorage,https://gpacalculator.net/admissions/university-of-alaska-anchorage/,"IPEDS HD2002-HD2014: Prince William Sound Community College (UNITID 103361), , AK; deleted from IPEDS 2014 (DEATHYR); merged into UNITID 102553 (NEWID); identified by exact name, city and state",301 to https://gpacalculator.net/admissions/university-of-alaska-anchorage/
quinebaug-valley-community-college,https://gpacalculator.net/admissions/quinebaug-valley-community-college/,Quinebaug Valley Community College,"Danielson, Connecticut",130217,Quinebaug Valley Community College,129367,Connecticut State Community College,,"IPEDS HD2002-HD2023: Quinebaug Valley Community College (UNITID 130217), Danielson, CT; deleted from IPEDS 2023 (DEATHYR); merged into UNITID 129367 (NEWID); identified by exact name, city and state",successor has no page here: treat as a closure
robert-morris-university-illinois,https://gpacalculator.net/admissions/robert-morris-university-illinois/,Robert Morris University Illinois,"Chicago, Illinois",148335,Robert Morris University Illinois,148487,Roosevelt University,https://gpacalculator.net/admissions/roosevelt-university/,"IPEDS HD2002-HD2020: Robert Morris University Illinois (UNITID 148335), Chicago, IL; deleted from IPEDS 2020 (DEATHYR); merged into UNITID 148487 (NEWID); identified by exact name, city and state",301 to https://gpacalculator.net/admissions/roosevelt-university/
school-of-the-museum-of-fine-arts-boston,https://gpacalculator.net/admissions/school-of-the-museum-of-fine-arts-boston/,School of the Museum of Fine Arts Boston,"Boston, Massachusetts",166984,School of the Museum of Fine Arts at Tufts University,168148,Tufts University,https://gpacalculator.net/admissions/tufts/,"IPEDS HD2002-HD2017: School of the Museum of Fine Arts at Tufts University (UNITID 166984), Boston, MA; deleted from IPEDS 2017 (DEATHYR); merged into UNITID 168148 (NEWID); identified by exact name, city and state",301 to https://gpacalculator.net/admissions/tufts/
south-central-louisiana-technical-college-young-memorial-campus,https://gpacalculator.net/admissions/south-central-louisiana-technical-college-young-memorial-campus/,South Central Louisiana Technical College Young Memorial Campus,"Morgan City, Louisiana",160913,South Central Louisiana Technical College,434061,South Louisiana Community College,https://gpacalculator.net/admissions/south-louisiana-community-college/,"IPEDS HD2002-HD2019: South Central Louisiana Technical College (UNITID 160913), Morgan City, LA; deleted from IPEDS 2019 (DEATHYR); merged into UNITID 434061 (NEWID); identified by exact name, city and state",301 to https://gpacalculator.net/admissions/south-louisiana-community-college/
st-vincents-college,https://gpacalculator.net/admissions/st-vincents-college/,St Vincent's College,"Bridgeport, Connecticut",130448,St Vincent's College,130253,Sacred Heart University,https://gpacalculator.net/admissions/sacred-heart-university/,"IPEDS HD2002-HD2018: St Vincent's College (UNITID 130448), Bridgeport, CT; deleted from IPEDS 2018 (DEATHYR); merged into UNITID 130253 (NEWID); identified by exact name, city and state",301 to https://gpacalculator.net/admissions/sacred-heart-university/
tennessee-temple-university,https://gpacalculator.net/admissions/tennessee-temple-university/,Tennessee Temple University,"Chattanooga, Tennessee",221856,Tennessee Temple University,489937,Carolina University,https://gpacalculator.net/admissions/carolina-university/,"IPEDS HD2002-HD2016: Tennessee Temple University (UNITID 221856), Chattanooga, TN; deleted from IPEDS 2016 (DEATHYR); merged into UNITID 489937 (NEWID); identified by exact name, city and state",301 to https://gpacalculator.net/admissions/carolina-university/
texas-a-m-university-galveston,https://gpacalculator.net/admissions/texas-a-m-university-galveston/,Texas A & M University Galveston,"Galveston, Texas",228714,Texas A & M University-Galveston,228723,Texas A&M University-College Station,https://gpacalculator.net/admissions/texas-a-and-m-university-college-station/,"IPEDS HD2002-HD2013: Texas A & M University-Galveston (UNITID 228714), Galveston, TX; deleted from IPEDS 2013 (DEATHYR); merged into UNITID 228723 (NEWID); identified by exact name, city and state",301 to https://gpacalculator.net/admissions/texas-a-and-m-university-college-station/
texas-state-technical-college-harlingen,https://gpacalculator.net/admissions/texas-state-technical-college-harlingen/,Texas State Technical College Harlingen,"Harlingen, Texas",229319,Texas State Technical College-Harlingen,487320,Texas State Technical College,,"IPEDS HD2002-HD2015: Texas State Technical College-Harlingen (UNITID 229319), Harlingen, TX; deleted from IPEDS 2015 (DEATHYR); merged into UNITID 487320 (NEWID); identified by exact name, city and state","301 to whichever of texas-state-technical-college-waco, texas-state-technical-college survives checkpoint D"
texas-state-technical-college-marshall,https://gpacalculator.net/admissions/texas-state-technical-college-marshall/,Texas State Technical College Marshall,"Marshall, Texas",408394,Texas State Technical College-Marshall,487320,Texas State Technical College,,"IPEDS HD2002-HD2015: Texas State Technical College-Marshall (UNITID 408394), Marshall, TX; deleted from IPEDS 2015 (DEATHYR); merged into UNITID 487320 (NEWID); identified by exact name, city and state","301 to whichever of texas-state-technical-college-waco, texas-state-technical-college survives checkpoint D"
texas-state-technical-college-west-texas,https://gpacalculator.net/admissions/texas-state-technical-college-west-texas/,Texas State Technical College West Texas,"Sweetwater, Texas",229328,Texas State Technical College-West Texas,487320,Texas State Technical College,,"IPEDS HD2002-HD2015: Texas State Technical College-West Texas (UNITID 229328), Sweetwater, TX; deleted from IPEDS 2015 (DEATHYR); merged into UNITID 487320 (NEWID); identified by exact name, city and state","301 to whichever of texas-state-technical-college-waco, texas-state-technical-college survives checkpoint D"
three-rivers-community-college-ct,https://gpacalculator.net/admissions/three-rivers-community-college-ct/,Three Rivers Community College,"Norwich, Connecticut",129808,Three Rivers Community College,129367,Connecticut State Community College,,"IPEDS HD2002-HD2023: Three Rivers Community College (UNITID 129808), Norwich, CT; deleted from IPEDS 2023 (DEATHYR); merged into UNITID 129367 (NEWID); identified by exact name, city and state",successor has no page here: treat as a closure
tunxis-community-college,https://gpacalculator.net/admissions/tunxis-community-college/,Tunxis Community College,"Farmington, Connecticut",130606,Connecticut State Community College Tunxis,129367,Connecticut State Community College,,"IPEDS HD2002-HD2023: Connecticut State Community College Tunxis (UNITID 130606), Farmington, CT; deleted from IPEDS 2023 (DEATHYR); merged into UNITID 129367 (NEWID); identified by exact name, city and state",successor has no page here: treat as a closure
university-of-phoenix-atlanta-campus,https://gpacalculator.net/admissions/university-of-phoenix-atlanta-campus/,University of Phoenix Atlanta Campus,"Sandy Springs, Georgia",442152,University of Phoenix-Atlanta Campus,484677,University of Phoenix-Georgia,,"IPEDS HD2002-HD2014: University of Phoenix-Atlanta Campus (UNITID 442152), , GA; deleted from IPEDS 2014 (DEATHYR); merged into UNITID 484677 (NEWID); identified by exact name, city and state",successor has no page here: treat as a closure
university-of-phoenix-augusta-campus,https://gpacalculator.net/admissions/university-of-phoenix-augusta-campus/,University of Phoenix Augusta Campus,"Augusta, Georgia",450474,University of Phoenix-Augusta Campus,484677,University of Phoenix-Georgia,,"IPEDS HD2007-HD2014: University of Phoenix-Augusta Campus (UNITID 450474), , GA; deleted from IPEDS 2014 (DEATHYR); merged into UNITID 484677 (NEWID); identified by exact name, city and state",successor has no page here: treat as a closure
university-of-phoenix-austin-campus,https://gpacalculator.net/admissions/university-of-phoenix-austin-campus/,University of Phoenix Austin Campus,"Austin, Texas",446747,University of Phoenix-Austin Campus,484756,University of Phoenix-Texas,,"IPEDS HD2005-HD2014: University of Phoenix-Austin Campus (UNITID 446747), , TX; deleted from IPEDS 2014 (DEATHYR); merged into UNITID 484756 (NEWID); identified by exact name, city and state",successor has no page here: treat as a closure
university-of-phoenix-baton-rouge,https://gpacalculator.net/admissions/university-of-phoenix-baton-rouge/,University of Phoenix Baton Rouge,"Baton Rouge, Louisiana",474951,University of Phoenix-Baton Rouge Campus,484686,University of Phoenix-Louisiana,,"IPEDS HD2011-HD2014: University of Phoenix-Baton Rouge Campus (UNITID 474951), , LA; deleted from IPEDS 2014 (DEATHYR); merged into UNITID 484686 (NEWID); identified by exact name, city and state",successor has no page here: treat as a closure
university-of-phoenix-bay-area-campus,https://gpacalculator.net/admissions/university-of-phoenix-bay-area-campus/,University of Phoenix Bay Area Campus,"San Jose, California",406006,University of Phoenix-Bay Area Campus,484631,University of Phoenix-California,,"IPEDS HD2002-HD2014: University of Phoenix-Bay Area Campus (UNITID 406006), , CA; deleted from IPEDS 2014 (DEATHYR); merged into UNITID 484631 (NEWID); identified by exact name, city and state",successor has no page here: treat as a closure
university-of-phoenix-central-florida-campus,https://gpacalculator.net/admissions/university-of-phoenix-central-florida-campus/,University of Phoenix Central Florida Campus,"Maitland, Florida",432232,University of Phoenix-Central Florida Campus,484668,University of Phoenix-Florida,,"IPEDS HD2002-HD2014: University of Phoenix-Central Florida Campus (UNITID 432232), , FL; deleted from IPEDS 2014 (DEATHYR); merged into UNITID 484668 (NEWID); identified by exact name, city and state",successor has no page here: treat as a closure
university-of-phoenix-central-valley-campus,https://gpacalculator.net/admissions/university-of-phoenix-central-valley-campus/,University of Phoenix Central Valley Campus,"Fresno, California",445717,University of Phoenix-Central Valley Campus,484631,University of Phoenix-California,,"IPEDS HD2004-HD2014: University of Phoenix-Central Valley Campus (UNITID 445717), , CA; deleted from IPEDS 2014 (DEATHYR); merged into UNITID 484631 (NEWID); identified by exact name, city and state",successor has no page here: treat as a closure
university-of-phoenix-charlotte-campus,https://gpacalculator.net/admissions/university-of-phoenix-charlotte-campus/,University of Phoenix Charlotte Campus,"Charlotte, North Carolina",443474,University of Phoenix-Charlotte Campus,484729,University of Phoenix-North Carolina,,"IPEDS HD2003-HD2014: University of Phoenix-Charlotte Campus (UNITID 443474), , NC; deleted from IPEDS 2014 (DEATHYR); merged into UNITID 484729 (NEWID); identified by exact name, city and state",successor has no page here: treat as a closure
university-of-phoenix-chattanooga-campus,https://gpacalculator.net/admissions/university-of-phoenix-chattanooga-campus/,University of Phoenix Chattanooga Campus,"Chattanooga, Tennessee",450492,University of Phoenix-Chattanooga Campus,484747,University of Phoenix-Tennessee,,"IPEDS HD2007-HD2014: University of Phoenix-Chattanooga Campus (UNITID 450492), , TN; deleted from IPEDS 2014 (DEATHYR); merged into UNITID 484747 (NEWID); identified by exact name, city and state",successor has no page here: treat as a closure
university-of-phoenix-columbus-georgia-campus,https://gpacalculator.net/admissions/university-of-phoenix-columbus-georgia-campus/,University of Phoenix Columbus Georgia Campus,"Columbus, Georgia",443881,University of Phoenix-Columbus Georgia Campus,484677,University of Phoenix-Georgia,,"IPEDS HD2003-HD2014: University of Phoenix-Columbus Georgia Campus (UNITID 443881), , GA; deleted from IPEDS 2014 (DEATHYR); merged into UNITID 484677 (NEWID); identified by exact name, city and state",successor has no page here: treat as a closure
university-of-phoenix-dallas-campus,https://gpacalculator.net/admissions/university-of-phoenix-dallas-campus/,University of Phoenix Dallas Campus,"Dallas, Texas",440439,University of Phoenix-Dallas Campus,484756,University of Phoenix-Texas,,"IPEDS HD2002-HD2014: University of Phoenix-Dallas Campus (UNITID 440439), , TX; deleted from IPEDS 2014 (DEATHYR); merged into UNITID 484756 (NEWID); identified by exact name, city and state",successor has no page here: treat as a closure
university-of-phoenix-houston-campus,https://gpacalculator.net/admissions/university-of-phoenix-houston-campus/,University of Phoenix Houston Campus,"Houston, Texas",440448,University of Phoenix-Houston Campus,484756,University of Phoenix-Texas,,"IPEDS HD2002-HD2014: University of Phoenix-Houston Campus (UNITID 440448), , TX; deleted from IPEDS 2014 (DEATHYR); merged into UNITID 484756 (NEWID); identified by exact name, city and state",successor has no page here: treat as a closure
university-of-phoenix-kansas-city-campus,https://gpacalculator.net/admissions/university-of-phoenix-kansas-city-campus/,University of Phoenix Kansas City Campus,"Kansas City, Missouri",442143,University of Phoenix-Kansas City Campus,484701,University of Phoenix-Missouri,,"IPEDS HD2002-HD2014: University of Phoenix-Kansas City Campus (UNITID 442143), , MO; deleted from IPEDS 2014 (DEATHYR); merged into UNITID 484701 (NEWID); identified by exact name, city and state",successor has no page here: treat as a closure
university-of-phoenix-knoxville,https://gpacalculator.net/admissions/university-of-phoenix-knoxville/,University of Phoenix Knoxville,"Knoxville, Tennessee",474702,University of Phoenix-Knoxville Campus,484747,University of Phoenix-Tennessee,,"IPEDS HD2011-HD2014: University of Phoenix-Knoxville Campus (UNITID 474702), , TN; deleted from IPEDS 2014 (DEATHYR); merged into UNITID 484747 (NEWID); identified by exact name, city and state",successor has no page here: treat as a closure
university-of-phoenix-lafayette,https://gpacalculator.net/admissions/university-of-phoenix-lafayette/,University of Phoenix Lafayette,"Lafayette, Louisiana",474960,University of Phoenix-Lafayette Campus,484686,University of Phoenix-Louisiana,,"IPEDS HD2011-HD2014: University of Phoenix-Lafayette Campus (UNITID 474960), , LA; deleted from IPEDS 2014 (DEATHYR); merged into UNITID 484686 (NEWID); identified by exact name, city and state",successor has no page here: treat as a closure
university-of-phoenix-las-vegas-campus,https://gpacalculator.net/admissions/university-of-phoenix-las-vegas-campus/,University of Phoenix Las Vegas Campus,"Las Vegas, Nevada",416962,University of Phoenix-Las Vegas Campus,484710,University of Phoenix-Nevada,,"IPEDS HD2002-HD2014: University of Phoenix-Las Vegas Campus (UNITID 416962), , NV; deleted from IPEDS 2014 (DEATHYR); merged into UNITID 484710 (NEWID); identified by exact name, city and state",successor has no page here: treat as a closure
university-of-phoenix-little-rock-campus,https://gpacalculator.net/admissions/university-of-phoenix-little-rock-campus/,University of Phoenix Little Rock Campus,"Little Rock, Arkansas",443924,University of Phoenix-Little Rock Campus,484622,University of Phoenix-Arkansas,,"IPEDS HD2003-HD2014: University of Phoenix-Little Rock Campus (UNITID 443924), , AR; deleted from IPEDS 2014 (DEATHYR); merged into UNITID 484622 (NEWID); identified by exact name, city and state",successor has no page here: treat as a closure
university-of-phoenix-louisiana-campus,https://gpacalculator.net/admissions/university-of-phoenix-louisiana-campus/,University of Phoenix Louisiana Campus,"Metairie, Louisiana",421009,University of Phoenix-Louisiana Campus,484686,University of Phoenix-Louisiana,,"IPEDS HD2002-HD2014: University of Phoenix-Louisiana Campus (UNITID 421009), , LA; deleted from IPEDS 2014 (DEATHYR); merged into UNITID 484686 (NEWID); identified by exact name, city and state",successor has no page here: treat as a closure
university-of-phoenix-memphis-campus,https://gpacalculator.net/admissions/university-of-phoenix-memphis-campus/,University of Phoenix Memphis Campus,"Cordova, Tennessee",443890,University of Phoenix-Memphis Campus,484747,University of Phoenix-Tennessee,,"IPEDS HD2003-HD2014: University of Phoenix-Memphis Campus (UNITID 443890), , TN; deleted from IPEDS 2014 (DEATHYR); merged into UNITID 484747 (NEWID); identified by exact name, city and state",successor has no page here: treat as a closure
university-of-phoenix-metro-detroit-campus,https://gpacalculator.net/admissions/university-of-phoenix-metro-detroit-campus/,University of Phoenix Metro Detroit Campus,"Troy, Michigan",421018,University of Phoenix-Detroit Campus,484695,University of Phoenix-Michigan,,"IPEDS HD2002-HD2014: University of Phoenix-Detroit Campus (UNITID 421018), , MI; deleted from IPEDS 2014 (DEATHYR); merged into UNITID 484695 (NEWID); identified by exact name, city and state",successor has no page here: treat as a closure
university-of-phoenix-nashville-campus,https://gpacalculator.net/admissions/university-of-phoenix-nashville-campus/,University of Phoenix Nashville Campus,"Nashville, Tennessee",442170,University of Phoenix-Nashville Campus,484747,University of Phoenix-Tennessee,,"IPEDS HD2002-HD2014: University of Phoenix-Nashville Campus (UNITID 442170), , TN; deleted from IPEDS 2014 (DEATHYR); merged into UNITID 484747 (NEWID); identified by exact name, city and state",successor has no page here: treat as a closure
university-of-phoenix-north-florida-campus,https://gpacalculator.net/admissions/university-of-phoenix-north-florida-campus/,University of Phoenix North Florida Campus,"Jacksonville, Florida",434955,University of Phoenix-North Florida Campus,484668,University of Phoenix-Florida,,"IPEDS HD2002-HD2014: University of Phoenix-North Florida Campus (UNITID 434955), , FL; deleted from IPEDS 2014 (DEATHYR); merged into UNITID 484668 (NEWID); identified by exact name, city and state",successor has no page here: treat as a closure
university-of-phoenix-northern-nevada-campus,https://gpacalculator.net/admissions/university-of-phoenix-northern-nevada-campus/,University of Phoenix Northern Nevada Campus,"Reno, Nevada",447661,University of Phoenix-Northern Nevada Campus,484710,University of Phoenix-Nevada,,"IPEDS HD2005-HD2014: University of Phoenix-Northern Nevada Campus (UNITID 447661), , NV; deleted from IPEDS 2014 (DEATHYR); merged into UNITID 484710 (NEWID); identified by exact name, city and state",successor has no page here: treat as a closure
university-of-phoenix-northern-virginia-campus,https://gpacalculator.net/admissions/university-of-phoenix-northern-virginia-campus/,University of Phoenix Northern Virginia Campus,"Reston, Virginia",442189,University of Phoenix-Northern Virginia Campus,484765,University of Phoenix-Virginia,,"IPEDS HD2002-HD2014: University of Phoenix-Northern Virginia Campus (UNITID 442189), , VA; deleted from IPEDS 2014 (DEATHYR); merged into UNITID 484765 (NEWID); identified by exact name, city and state",successor has no page here: treat as a closure
university-of-phoenix-northwest-arkansas-campus,https://gpacalculator.net/admissions/university-of-phoenix-northwest-arkansas-campus/,University of Phoenix Northwest Arkansas Campus,"Rogers, Arkansas",448530,University of Phoenix-Northwest Arkansas Campus,484622,University of Phoenix-Arkansas,,"IPEDS HD2006-HD2014: University of Phoenix-Northwest Arkansas Campus (UNITID 448530), , AR; deleted from IPEDS 2014 (DEATHYR); merged into UNITID 484622 (NEWID); identified by exact name, city and state",successor has no page here: treat as a closure
university-of-phoenix-northwest-indiana-campus,https://gpacalculator.net/admissions/university-of-phoenix-northwest-indiana-campus/,University of Phoenix Northwest Indiana Campus,"Merrillville, Indiana",448549,University of Phoenix-Northwest Indiana Campus,443544,University of Phoenix-Indiana,,"IPEDS HD2006-HD2012: University of Phoenix-Northwest Indiana Campus (UNITID 448549), , IN; deleted from IPEDS 2012 (DEATHYR); merged into UNITID 443544 (NEWID); identified by exact name, city and state",successor has no page here: treat as a closure
university-of-phoenix-oklahoma-city-campus,https://gpacalculator.net/admissions/university-of-phoenix-oklahoma-city-campus/,University of Phoenix Oklahoma City Campus,"Oklahoma City, Oklahoma",434982,University of Phoenix-Oklahoma City Campus,484738,University of Phoenix-Oklahoma,,"IPEDS HD2002-HD2014: University of Phoenix-Oklahoma City Campus (UNITID 434982), , OK; deleted from IPEDS 2014 (DEATHYR); merged into UNITID 484738 (NEWID); identified by exact name, city and state",successor has no page here: treat as a closure
university-of-phoenix-online-campus,https://gpacalculator.net/admissions/university-of-phoenix-online-campus/,University of Phoenix Online Campus,"Phoenix, Arizona",372213,University of Phoenix-Online Campus,484613,University of Phoenix-Arizona,,"IPEDS HD2002-HD2014: University of Phoenix-Online Campus (UNITID 372213), , AZ; deleted from IPEDS 2014 (DEATHYR); merged into UNITID 484613 (NEWID); identified by exact name, city and state",successor has no page here: treat as a closure
university-of-phoenix-phoenix-hohokam-campus,https://gpacalculator.net/admissions/university-of-phoenix-phoenix-hohokam-campus/,University of Phoenix Phoenix Hohokam Campus,"Phoenix, Arizona",105516,University of Phoenix-Phoenix Campus,484613,University of Phoenix-Arizona,,"IPEDS HD2002-HD2014: University of Phoenix-Phoenix Campus (UNITID 105516), , AZ; deleted from IPEDS 2014 (DEATHYR); merged into UNITID 484613 (NEWID); identified by exact name, city and state",successor has no page here: treat as a closure
university-of-phoenix-raleigh-campus,https://gpacalculator.net/admissions/university-of-phoenix-raleigh-campus/,University of Phoenix Raleigh Campus,"Raleigh, North Carolina",446765,University of Phoenix-Raleigh Campus,484729,University of Phoenix-North Carolina,,"IPEDS HD2005-HD2014: University of Phoenix-Raleigh Campus (UNITID 446765), , NC; deleted from IPEDS 2014 (DEATHYR); merged into UNITID 484729 (NEWID); identified by exact name, city and state",successor has no page here: treat as a closure
university-of-phoenix-richmond-campus,https://gpacalculator.net/admissions/university-of-phoenix-richmond-campus/,University of Phoenix Richmond Campus,"Richmond, Virginia",446756,University of Phoenix-Richmond-Virginia Beach Campus,484765,University of Phoenix-Virginia,,"IPEDS HD2005-HD2014: University of Phoenix-Richmond-Virginia Beach Campus (UNITID 446756), , VA; deleted from IPEDS 2014 (DEATHYR); merged into UNITID 484765 (NEWID); identified by exact name, city and state",successor has no page here: treat as a closure
university-of-phoenix-sacramento-valley-campus,https://gpacalculator.net/admissions/university-of-phoenix-sacramento-valley-campus/,University of Phoenix Sacramento Valley Campus,"Sacramento, California",419509,University of Phoenix-Sacramento Valley Campus,484631,University of Phoenix-California,,"IPEDS HD2002-HD2014: University of Phoenix-Sacramento Valley Campus (UNITID 419509), , CA; deleted from IPEDS 2014 (DEATHYR); merged into UNITID 484631 (NEWID); identified by exact name, city and state",successor has no page here: treat as a closure
university-of-phoenix-san-antonio-campus,https://gpacalculator.net/admissions/university-of-phoenix-san-antonio-campus/,University of Phoenix San Antonio Campus,"San Antonio, Texas",446738,University of Phoenix-San Antonio Campus,484756,University of Phoenix-Texas,,"IPEDS HD2005-HD2014: University of Phoenix-San Antonio Campus (UNITID 446738), , TX; deleted from IPEDS 2014 (DEATHYR); merged into UNITID 484756 (NEWID); identified by exact name, city and state",successor has no page here: treat as a closure
university-of-phoenix-san-diego-campus,https://gpacalculator.net/admissions/university-of-phoenix-san-diego-campus/,University of Phoenix San Diego Campus,"San Diego, California",372222,University of Phoenix-San Diego Campus,484631,University of Phoenix-California,,"IPEDS HD2002-HD2014: University of Phoenix-San Diego Campus (UNITID 372222), , CA; deleted from IPEDS 2014 (DEATHYR); merged into UNITID 484631 (NEWID); identified by exact name, city and state",successor has no page here: treat as a closure
university-of-phoenix-savannah-campus,https://gpacalculator.net/admissions/university-of-phoenix-savannah-campus/,University of Phoenix Savannah Campus,"Savannah, Georgia",447652,University of Phoenix-Savannah Campus,484677,University of Phoenix-Georgia,,"IPEDS HD2005-HD2014: University of Phoenix-Savannah Campus (UNITID 447652), , GA; deleted from IPEDS 2014 (DEATHYR); merged into UNITID 484677 (NEWID); identified by exact name, city and state",successor has no page here: treat as a closure
university-of-phoenix-shreveport-bossier,https://gpacalculator.net/admissions/university-of-phoenix-shreveport-bossier/,University of Phoenix Shreveport Bossier,"Bossier City, Louisiana",474979,University of Phoenix-Shreveport-Bossier Campus,484686,University of Phoenix-Louisiana,,"IPEDS HD2011-HD2014: University of Phoenix-Shreveport-Bossier Campus (UNITID 474979), , LA; deleted from IPEDS 2014 (DEATHYR); merged into UNITID 484686 (NEWID); identified by exact name, city and state",successor has no page here: treat as a closure
university-of-phoenix-south-florida-campus,https://gpacalculator.net/admissions/university-of-phoenix-south-florida-campus/,University of Phoenix South Florida Campus,"Plantation, Florida",434946,University of Phoenix-South Florida Campus,484668,University of Phoenix-Florida,,"IPEDS HD2002-HD2014: University of Phoenix-South Florida Campus (UNITID 434946), , FL; deleted from IPEDS 2014 (DEATHYR); merged into UNITID 484668 (NEWID); identified by exact name, city and state",successor has no page here: treat as a closure
university-of-phoenix-southern-arizona-campus,https://gpacalculator.net/admissions/university-of-phoenix-southern-arizona-campus/,University of Phoenix Southern Arizona Campus,"Tucson, Arizona",405979,University of Phoenix-Southern Arizona Campus,484613,University of Phoenix-Arizona,,"IPEDS HD2002-HD2014: University of Phoenix-Southern Arizona Campus (UNITID 405979), , AZ; deleted from IPEDS 2014 (DEATHYR); merged into UNITID 484613 (NEWID); identified by exact name, city and state",successor has no page here: treat as a closure
university-of-phoenix-southern-california-campus,https://gpacalculator.net/admissions/university-of-phoenix-southern-california-campus/,University of Phoenix Southern California Campus,"Costa Mesa, California",406015,University of Phoenix-Southern California Campus,484631,University of Phoenix-California,,"IPEDS HD2002-HD2014: University of Phoenix-Southern California Campus (UNITID 406015), , CA; deleted from IPEDS 2014 (DEATHYR); merged into UNITID 484631 (NEWID); identified by exact name, city and state",successor has no page here: treat as a closure
university-of-phoenix-southern-colorado-campus,https://gpacalculator.net/admissions/university-of-phoenix-southern-colorado-campus/,University of Phoenix Southern Colorado Campus,"Colorado Springs, Colorado",438382,University of Phoenix-Southern Colorado Campus,484640,University of Phoenix-Colorado,,"IPEDS HD2002-HD2014: University of Phoenix-Southern Colorado Campus (UNITID 438382), , CO; deleted from IPEDS 2014 (DEATHYR); merged into UNITID 484640 (NEWID); identified by exact name, city and state",successor has no page here: treat as a closure
university-of-phoenix-st-louis-campus,https://gpacalculator.net/admissions/university-of-phoenix-st-louis-campus/,University of Phoenix St Louis Campus,"Saint Louis, Missouri",439279,University of Phoenix-St Louis Campus,484701,University of Phoenix-Missouri,,"IPEDS HD2002-HD2014: University of Phoenix-St Louis Campus (UNITID 439279), , MO; deleted from IPEDS 2014 (DEATHYR); merged into UNITID 484701 (NEWID); identified by exact name, city and state",successor has no page here: treat as a closure
university-of-phoenix-tulsa-campus,https://gpacalculator.net/admissions/university-of-phoenix-tulsa-campus/,University of Phoenix Tulsa Campus,"Tulsa, Oklahoma",434991,University of Phoenix-Tulsa Campus,484738,University of Phoenix-Oklahoma,,"IPEDS HD2002-HD2014: University of Phoenix-Tulsa Campus (UNITID 434991), , OK; deleted from IPEDS 2014 (DEATHYR); merged into UNITID 484738 (NEWID); identified by exact name, city and state",successor has no page here: treat as a closure
university-of-phoenix-west-florida-campus,https://gpacalculator.net/admissions/university-of-phoenix-west-florida-campus/,University of Phoenix West Florida Campus,"Temple Terrace, Florida",434964,University of Phoenix-West Florida Campus,484668,University of Phoenix-Florida,,"IPEDS HD2002-HD2014: University of Phoenix-West Florida Campus (UNITID 434964), , FL; deleted from IPEDS 2014 (DEATHYR); merged into UNITID 484668 (NEWID); identified by exact name, city and state",successor has no page here: treat as a closure
university-of-phoenix-west-michigan-campus,https://gpacalculator.net/admissions/university-of-phoenix-west-michigan-campus/,University of Phoenix West Michigan Campus,"Walker, Michigan",438416,University of Phoenix-West Michigan Campus,484695,University of Phoenix-Michigan,,"IPEDS HD2002-HD2014: University of Phoenix-West Michigan Campus (UNITID 438416), , MI; deleted from IPEDS 2014 (DEATHYR); merged into UNITID 484695 (NEWID); identified by exact name, city and state",successor has no page here: treat as a closure
university-of-south-florida-st-petersburg-campus,https://gpacalculator.net/admissions/university-of-south-florida-st-petersburg-campus/,University of South Florida St. Petersburg Campus,"St. Petersburg, Florida",448840,University of South Florida-St Petersburg,137351,University of South Florida,https://gpacalculator.net/admissions/university-of-south-florida-main-campus/,"IPEDS HD2009-HD2020: University of South Florida-St Petersburg (UNITID 448840), St. Petersburg, FL; deleted from IPEDS 2020 (DEATHYR); merged into UNITID 137351 (NEWID); identified by exact name, city and state",301 to https://gpacalculator.net/admissions/university-of-south-florida-main-campus/
university-of-the-sciences,https://gpacalculator.net/admissions/university-of-the-sciences/,University of the Sciences,"Philadelphia, Pennsylvania",215132,University of the Sciences,215770,Saint Joseph's University - Philadelphia,https://gpacalculator.net/admissions/saint-josephs-university/,"IPEDS HD2002-HD2022: University of the Sciences (UNITID 215132), Philadelphia, PA; deleted from IPEDS 2022 (DEATHYR); merged into UNITID 215770 (NEWID); identified by exact name, city and state",301 to https://gpacalculator.net/admissions/saint-josephs-university/
urbana-university,https://gpacalculator.net/admissions/urbana-university/,Urbana University,"Urbana, Ohio",206330,Urbana University,202806,Franklin University,https://gpacalculator.net/admissions/franklin-university/,"IPEDS HD2002-HD2019: Urbana University (UNITID 206330), Urbana, OH; deleted from IPEDS 2019 (DEATHYR); merged into UNITID 202806 (NEWID); identified by exact name, city and state",301 to https://gpacalculator.net/admissions/franklin-university/
utah-state-university-college-of-eastern-utah,https://gpacalculator.net/admissions/utah-state-university-college-of-eastern-utah/,Utah State University College of Eastern Utah,"Price, Utah",230092,Utah State University-College of Eastern Utah,230728,Utah State University,https://gpacalculator.net/admissions/utah-state-university/,"IPEDS HD2002-HD2012: Utah State University-College of Eastern Utah (UNITID 230092), , UT; deleted from IPEDS 2012 (DEATHYR); merged into UNITID 230728 (NEWID); identified by exact name, city and state",301 to https://gpacalculator.net/admissions/utah-state-university/
vermilion-community-college,https://gpacalculator.net/admissions/vermilion-community-college/,Vermilion Community College,"Ely, Minnesota",175157,Minnesota North College - Vermilion,173735,Minnesota North College,,"IPEDS HD2002-HD2022: Minnesota North College - Vermilion (UNITID 175157), Ely, MN; merged into UNITID 173735 (NEWID); identified by exact name, city and state",successor has no page here: treat as a closure
wesley-college,https://gpacalculator.net/admissions/wesley-college/,Wesley College,"Dover, Delaware",131098,Wesley College,130934,Delaware State University,https://gpacalculator.net/admissions/delaware-state-university/,IPEDS HD2024: Wesley College (UNITID 131098); merged into UNITID 130934 (NEWID),301 to https://gpacalculator.net/admissions/delaware-state-university/
widener-university-delaware-campus,https://gpacalculator.net/admissions/widener-university-delaware-campus/,Widener University Delaware Campus,"Wilmington, Delaware",244190,Widener University-Delaware Law School,216852,Widener University,https://gpacalculator.net/admissions/widener-university-main-campus/,"IPEDS HD2002-HD2016: Widener University-Delaware Law School (UNITID 244190), Wilmington, DE; deleted from IPEDS 2016 (DEATHYR); merged into UNITID 216852 (NEWID); identified by exact name, city and state",301 to https://gpacalculator.net/admissions/widener-university-main-campus/
