slug,unitid,college,gpa,cds_year,source_url,why
albertus-magnus-college,128498,Albertus Magnus College,3.11,2024-25,https://drive.usercontent.google.com/download?id=1cb-7QPm2EL_CSJP4lw1RN1qLEKfHiQiF&export=download,file on drive.usercontent.google.com (Google Drive or Sheets): needs the college's own page that links to it
appalachian-state,197869,Appalachian State University,3.84,2024-25,https://drive.usercontent.google.com/download?id=1BSu4wJPfG2j8SpHEA3vUk1GBN3jGYg1n&export=download,file on drive.usercontent.google.com (Google Drive or Sheets): needs the college's own page that links to it
auburn,100858,Auburn University,4.09,2024-25,https://doc-0o-60-sheets.googleusercontent.com/export/54bogvaave6cua4cdnls17ksc4/v4i4o43jnmo2lkpli71jio2cjk/1776619460000/105250506097979753968/*/1fxDNA-7P00i1c4YdEl0l1-ZqQdg3uUVF?format=xlsx,file on doc-0o-60-sheets.googleusercontent.com (Google Drive or Sheets): needs the college's own page that links to it
austin-college,222983,Austin College,3.67,2025-26,https://resources.finalsite.net/images/v1787333926/austincollegeedu/austincollegeedu/qfseyvgfiugcabtgawum/CDS_2025-2026.pdf,"file on resources.finalsite.net, not the college's domain (austincollege.edu): needs the college's page that links to it"
belmont,219709,Belmont University,3.83,2024-25,https://drive.usercontent.google.com/download?id=1S3YOAXK782hvRvBduoIGgF02dXedYafp&export=download,file on drive.usercontent.google.com (Google Drive or Sheets): needs the college's own page that links to it
bethel-university-tn,219718,Bethel University,3.6,2024-25,https://www.bethel.edu/institutional-data-research/institutional-data/common-data-set/history/cds-2425-protected.xlsx,"file on bethel.edu, the domain of Bethel University (Saint Paul, MN): another college's Common Data Set"
bethune-cookman-university,132602,Bethune-Cookman University,3.25,2024-25,https://bcutemp.omniweb.cloud/ie/_files/cds-2024-2025.pdf,"file on bcutemp.omniweb.cloud, not the college's domain (cookman.edu): needs the college's page that links to it"
california-state-polytechnic-university-pomona,110529,California State Polytechnic University-Pomona,3.69,2024-25,https://drive.usercontent.google.com/download?id=1lwH_X-KfROFlSNBf0fxZoTtnJuMd5F7H&export=download,file on drive.usercontent.google.com (Google Drive or Sheets): needs the college's own page that links to it
california-state-university-bakersfield,110486,California State University-Bakersfield,3.44,2025-26,https://public.boxcloud.com/d/1/b1!pwK2p-zbLtQH2RdZdUbj4ZbwXjN0TXHTTXuzFyKL_kf1HgQvfq38qy4z8UnT5l9DuekZbDiHmlFeftUEXH5e06jiY4y7Y-Joi8K0MiyGlFIqX-aOk4LUGHOauQs2yQNWNH7otTRTwDn3GApzRiU8ID2so6iZmwLEPbGvgXqPbS5iIs7VSuIGljIRqFpM42Z3u51wcZiJ48PURtsr3dV0OFEs7T6IlJkqeOykK7Gd0SZzVmmDJyCl0lh7RUwm-nIwgECdgiAxMvenl5xgaiS2LN4MK0V4uHCwyOZ3_1HHKOOaJgPxHyWPA2J6PV2KkRkll-Lts4jVBobAGZYDzNgGBYpxVucYq5gr6GSXriprsWLhrmqAYHKSUXQ-KCvQfOduduUCDo-meF3_nFuDKER9eIatM0DBt7P0sT74r2HHvKNw3ljpOq8ZLuCHZnLNB04ghUyGg36K89gndNnV_AcuRH5RiwQtD_4ApME1Tuiv-FEDYci81EwmGQfQTVG_qtyBIY_yGbmqnXD0VjurqNfreUACLm5HrDf1z3WgiWtgXtSeHRhaSH7LS5qqnJv_Ga8L77n4CvF1h9ZfWFN8pJ4eojqyl8euH0Fk5mIPrUwN65szytDNha1FJ8S547X5vRdcyKb_WyoLc0x5ahR1yvWVBpdGJTWvMO9-XEeErYu3oT9eSfr_hcq-MPRBLYQGViAknHQfjPsME3fyy7t7wAseAFHLHlO2wdtK21Upy3J5pr3T_WZ7pZI1MgP7KEV1W1x7Y-gEVLGFT7f-JkJNiJCek5F4khctOK_Thks-uGZ89Tv0O1HmuGU_7EInIGgb6b_KmqlVI5rWIlsbsgKLLNsJ9x12Y2KrBmqQHH1OtkP9WN953azQsmLQXhHUVmCH0mewcMfbMMfkk-nSBns3nj1oT3kYR0lzbIW1O1KxPLTZ-UPWWkWq8f9ZHvbWvh1Z7tIcTJcZQV5ROI5dDh9qAxpv0zVE9LBS8FFu9TfIDMOhgrxTpBydSJCjiTUcxW3jW6fzesQQj9-ZdSTYwoHrflrZDjaFqFbYI7fuOw2L6-ooC_LuP_oJ25fXIEjXmlmP-fpB7k3plmgan_lF3JJycmdUjRcNGDLaGa-ZjlKa5mzJmNNMyC5SZFBC2ocLNHgbKDoJKfzRqLL5lkAiUn4V--L_nSXcTQqdIc7ArWjCD5d1jfqx66k3rAo4bWrTjucPZNuWkUr6sz-YyDaGtYkYh3LHDinIBg-4ZgDXTaMKcX_Y4dt1uqIgGaXIHcGJgXlGz0lO3-zeY8gOj6j9TaCa_tVDOadESsnxUDNo7UyOOR9zaE3SlubdXarVLK6HTt0V3OmG5iIq6OSF9aicsLhUWp6HH2z_EOxNyrZjGwPeFH-glY6CSAxTHWxtOOGyR1wsYVnj0F6kcM5OABrYU6rH_KcdwWq7xDmHY-XLkRbs-Ldkcln_axHTPlacTu27azQ4ybA40Ii-9AzzPBk8OjP5redrI2unCwrvlKMpVNAK8e8vsKiHQ3-sXx9GzDTFQs6U98bfCpzMJhfT6IzziMjb8SaOin8mQOjQMmVr5Cj9dDoywm8h_fj4uQWmQQQAjPY./download,file on public.boxcloud.com (Box): needs the college's own page that links to it
california-state-university-fresno,110556,California State University-Fresno,3.7,2023-24,https://drive.usercontent.google.com/download?id=1W8YKx7yhdevIzpu1JWjX7qylVgdU9cK1&export=download,file on drive.usercontent.google.com (Google Drive or Sheets): needs the college's own page that links to it
california-state-university-los-angeles,110592,California State University-Los Angeles,3.25,2024-25,https://drive.usercontent.google.com/download?id=19xk9izL3dPFoI27yihvy13fym5RmCxns&export=download,file on drive.usercontent.google.com (Google Drive or Sheets): needs the college's own page that links to it
california-state-university-northridge,110608,California State University-Northridge,3.33,2024-25,https://live-csu-northridge.pantheonsite.io/sites/default/files/2025-02/CDS%202024.xlsx,"file on live-csu-northridge.pantheonsite.io, not the college's domain (csun.edu): needs the college's page that links to it"
chicago,144050,University of Chicago,4.54,2025-26,https://bpb-us-w2.wpmucdn.com/voices.uchicago.edu/dist/8/2077/files/2026/08/CDS_2025-2026_to_publish-1.pdf,"file on bpb-us-w2.wpmucdn.com, not the college's domain (uchicago.edu): needs the college's page that links to it"
coastal-carolina-university,218724,Coastal Carolina University,3.8,2024-25,https://drive.usercontent.google.com/download?id=1hyAZ9FlsdI_z6JAY8ZiuulcTtLEwEWbe&export=download,file on drive.usercontent.google.com (Google Drive or Sheets): needs the college's own page that links to it
colgate,190099,Colgate University,3.85,2024-25,https://drive.usercontent.google.com/download?id=1IqjJEZCqBf_tRwZlSjj65BYUabxaHyoB&export=download,file on drive.usercontent.google.com (Google Drive or Sheets): needs the college's own page that links to it
college-of-charleston,217819,College of Charleston,4.0,2024-25,https://drive.usercontent.google.com/download?id=1Fn6DeJuD-KBiKm0rw6EC5oHwDGWdGtz3&export=download,file on drive.usercontent.google.com (Google Drive or Sheets): needs the college's own page that links to it
colorado-college,126678,Colorado College,3.95,2024-25,https://drive.usercontent.google.com/download?id=1p0TnSu0PlZq7aAOmPeu7z1K55ZpNW9jj&export=download,file on drive.usercontent.google.com (Google Drive or Sheets): needs the college's own page that links to it
columbia-college-sc,217934,Columbia College,3.6,2023-24,https://www.ccis.edu/_files/directory/institutional-research/cds-2023-2024-pdf.pdf,"file on ccis.edu, the domain of Columbia College (Columbia, MO): another college's Common Data Set"
csu-fullerton,110565,California State University-Fullerton,3.434,2024-25,https://doc-00-60-sheets.googleusercontent.com/export/54bogvaave6cua4cdnls17ksc4/rdif47gcac31s70rrcm11ibj7k/1776619520000/105250506097979753968/*/1zg-f6N2sMBcTDZKbvxEsACFfVkutyzAK?format=xlsx,file on doc-00-60-sheets.googleusercontent.com (Google Drive or Sheets): needs the college's own page that links to it
cuny-bernard-m-baruch-college,190512,CUNY Bernard M Baruch College,3.66,2024-25,https://drive.usercontent.google.com/download?id=12Y-yqkMAUDhkjU3tuhYWJ6wTNPUvhlZl&export=download,file on drive.usercontent.google.com (Google Drive or Sheets): needs the college's own page that links to it
delaware,130943,University of Delaware,3.98,2024-25,https://drive.usercontent.google.com/download?id=1oiwhsiGKFpTRnaOBdnbVvK8Q9Z6FmmC4&export=download,file on drive.usercontent.google.com (Google Drive or Sheets): needs the college's own page that links to it
depaul,144740,DePaul University,3.78,2024-25,https://drive.usercontent.google.com/download?id=1IdI_x1wH_nknqoRgU9P49Wvq7XZBO1Rb&export=download,file on drive.usercontent.google.com (Google Drive or Sheets): needs the college's own page that links to it
depauw,150400,DePauw University,3.92,2024-25,https://drive.usercontent.google.com/download?id=1H0BDWS4g91wjnlSqI9HfncCRb9rTBud2&export=download,file on drive.usercontent.google.com (Google Drive or Sheets): needs the college's own page that links to it
dickinson-college,212009,Dickinson College,3.62,2024-25,https://drive.usercontent.google.com/download?id=1EBQXWzp_k2jN1JV9edCVRVTziRIB5Zfp&export=download,file on drive.usercontent.google.com (Google Drive or Sheets): needs the college's own page that links to it
east-carolina-university,198464,East Carolina University,3.28,2024-25,https://drive.usercontent.google.com/download?id=1de7FH5I8a0USlrRfFV2PKBJkznEwifZV&export=download,file on drive.usercontent.google.com (Google Drive or Sheets): needs the college's own page that links to it
eckerd,133492,Eckerd College,3.64,2024-25,https://drive.usercontent.google.com/download?id=0B1YlcpfxYuReWkE4NzlQUnFiamM&export=download,file on drive.usercontent.google.com (Google Drive or Sheets): needs the college's own page that links to it
elon-university,198516,Elon University,3.85,2024-25,https://doc-08-60-sheets.googleusercontent.com/export/54bogvaave6cua4cdnls17ksc4/meqpl9sf0vh5q90iq222eh13og/1776619620000/105250506097979753968/*/1n6Ohmk5B6OiXXih1maoo5WrVydFrBr3c?format=xlsx,file on doc-08-60-sheets.googleusercontent.com (Google Drive or Sheets): needs the college's own page that links to it
fairfield-university,129242,Fairfield University,3.76,2024-25,https://drive.usercontent.google.com/download?id=1ISj2X8bGe3-Nltk9Sbe6vjfz3cQ6-ZFf&export=download,file on drive.usercontent.google.com (Google Drive or Sheets): needs the college's own page that links to it
florida-gulf-coast,433660,Florida Gulf Coast University,4.12,2024-25,https://drive.usercontent.google.com/download?id=1adQcqwkHToXN9XmWPSjI48GFgTTrV0ag&export=download,file on drive.usercontent.google.com (Google Drive or Sheets): needs the college's own page that links to it
florida-institute-of-technology,133881,Florida Institute of Technology,3.54,2024-25,https://drive.usercontent.google.com/download?id=1_XxPcyrnq6Z6X7IjQD3jAL5kcDH3wn8l&export=download,file on drive.usercontent.google.com (Google Drive or Sheets): needs the college's own page that links to it
furman-university,218070,Furman University,3.67,2024-25,https://doc-10-60-sheets.googleusercontent.com/export/54bogvaave6cua4cdnls17ksc4/j20e8giiadlssaa3et60fjn3ug/1776619655000/105250506097979753968/*/1BO6xSq-tUWgk1Xb9tAS3cHPTlvCl6G3c?format=xlsx,file on doc-10-60-sheets.googleusercontent.com (Google Drive or Sheets): needs the college's own page that links to it
gonzaga-university,235316,Gonzaga University,3.66,2024-25,https://drive.usercontent.google.com/download?id=190xggcmt8TabAu-esMgX8_A5asG1Yf4p&export=download,file on drive.usercontent.google.com (Google Drive or Sheets): needs the college's own page that links to it
gustavus-adolphus-college,173647,Gustavus Adolphus College,3.61,2024-25,https://drive.usercontent.google.com/download?id=1V8MmDkggCYsDCg2dVZ2at-R_vdHEAsbO&export=download,file on drive.usercontent.google.com (Google Drive or Sheets): needs the college's own page that links to it
harvard,166027,Harvard University,4.22,2025-26,https://bpb-us-e1.wpmucdn.com/sites.harvard.edu/dist/6/210/files/2026/07/CDS_2025-2026.pdf,"file on bpb-us-e1.wpmucdn.com, not the college's domain (harvard.edu): needs the college's page that links to it"
hofstra-university,191649,Hofstra University,3.78,2024-25,https://drive.usercontent.google.com/download?id=1y74-oLPPqrwWUmEBaB0Yv5nasWNENRo0&export=download,file on drive.usercontent.google.com (Google Drive or Sheets): needs the college's own page that links to it
iit,145725,Illinois Institute of Technology,4.2,2023-24,https://drive.usercontent.google.com/download?id=1yxJibejN_DbM9-M4CVYR05FvyHSPwMIp&export=download,file on drive.usercontent.google.com (Google Drive or Sheets): needs the college's own page that links to it
illinois-wesleyan,145646,Illinois Wesleyan University,3.82,2024-25,https://drive.usercontent.google.com/download?id=1n2smyitAMGAXYMiFVJFa6IWE9kXfelqr&export=download,file on drive.usercontent.google.com (Google Drive or Sheets): needs the college's own page that links to it
john-carroll-university,203368,John Carroll University,3.77,2025-26,https://drive.usercontent.google.com/download?id=19A4F69gxe520JXxubBCEQH0m422gYRWn&export=download,file on drive.usercontent.google.com (Google Drive or Sheets): needs the college's own page that links to it
juniata,213251,Juniata College,3.6,2024-25,https://doc-0o-60-sheets.googleusercontent.com/export/54bogvaave6cua4cdnls17ksc4/16davqpundd7ihag6ehs96ml10/1776619730000/105250506097979753968/*/1c4clQ5t8nSgPFv1Wk2pihiGlehC70LuA?format=xlsx,file on doc-0o-60-sheets.googleusercontent.com (Google Drive or Sheets): needs the college's own page that links to it
lake-forest-college,146481,Lake Forest College,3.78,2024-25,https://drive.usercontent.google.com/download?id=1_OrsgCRpIIkeTvaw2QfQPvJpiU6DkP32&export=download,file on drive.usercontent.google.com (Google Drive or Sheets): needs the college's own page that links to it
loyola-marymount,117946,Loyola Marymount University,3.97,2024-25,https://drive.usercontent.google.com/download?id=1-NFEQb641NiDM3NHvckRSaX0IutJaFdg&export=download,file on drive.usercontent.google.com (Google Drive or Sheets): needs the college's own page that links to it
marist-college,192819,Marist University,3.62,2024-25,https://doc-04-60-sheets.googleusercontent.com/export/54bogvaave6cua4cdnls17ksc4/0hsr1gvlv5rpn2u64k4dpjmv7o/1776619760000/105250506097979753968/*/1ZA4I-25m1NYvQfqbc78zBnjifUGGs0u3?format=xlsx,file on doc-04-60-sheets.googleusercontent.com (Google Drive or Sheets): needs the college's own page that links to it
massachusetts-college-of-liberal-arts,167288,Massachusetts College of Liberal Arts,3.31,2023-24,https://drive.usercontent.google.com/download?id=1k38GxY_NKR6mtoL_3ZiTJuNy2YBy9dI2&export=download,file on drive.usercontent.google.com (Google Drive or Sheets): needs the college's own page that links to it
massachusetts-maritime-academy,166692,Massachusetts Maritime Academy,3.36,2025-26,https://drive.usercontent.google.com/download?id=1XQOmQ5A4oAmSpKIFz25yGE44dXSArLFk&export=download,file on drive.usercontent.google.com (Google Drive or Sheets): needs the college's own page that links to it
michigan-state-university,171100,Michigan State University,3.74,2025-26,https://edge.sitecorecloud.io/michiganstab57e-msustrategi129d-prod9868-7e5e/media/project/msu/ir/docs/cds/cds-2025-2026.pdf,"file on edge.sitecorecloud.io, not the college's domain (msu.edu): needs the college's page that links to it"
mississippi-state-university,176080,Mississippi State University,3.6,2024-25,https://drive.usercontent.google.com/download?id=10lH0gTtVe7I2lBcNzg6iQMd96E45Lfnw&export=download,file on drive.usercontent.google.com (Google Drive or Sheets): needs the college's own page that links to it
morehouse-college,140553,Morehouse College,3.55,2023-24,https://drive.usercontent.google.com/download?id=1ItBFYQ1Id4TVAXTb4bzLd9AWUE-je8hE&export=download,file on drive.usercontent.google.com (Google Drive or Sheets): needs the college's own page that links to it
mount-holyoke,166939,Mount Holyoke College,3.89,2024-25,https://drive.usercontent.google.com/download?id=1zsl-tIQenh5GI5u0qspsNbS9VFZumvMr&export=download,file on drive.usercontent.google.com (Google Drive or Sheets): needs the college's own page that links to it
olin,441982,Franklin W Olin College of Engineering,3.9,2023-24,https://drive.usercontent.google.com/download?id=1ozXKVHV9qsewEEZROvNH25ldoAKsmSnt&export=download,file on drive.usercontent.google.com (Google Drive or Sheets): needs the college's own page that links to it
pitzer,121257,Pitzer College,3.99,2023-24,https://drive.usercontent.google.com/download?id=1QJwAQG6l6WAsOY1O9tjAmtO650YHB1Qy&export=download,file on drive.usercontent.google.com (Google Drive or Sheets): needs the college's own page that links to it
providence-college,217402,Providence College,3.54,2024-25,https://drive.usercontent.google.com/download?id=1eoVemsrMuPO0W0u6_xOsnSBa0y9ITAbp&export=download,file on drive.usercontent.google.com (Google Drive or Sheets): needs the college's own page that links to it
quinnipiac-university,130226,Quinnipiac University,3.6,2023-24,https://drive.usercontent.google.com/download?id=16c0gNBSeFftkIPb8QQE5TQzJZ7uNIW5W&export=download,file on drive.usercontent.google.com (Google Drive or Sheets): needs the college's own page that links to it
rogers-state-university,207661,Rogers State University,3.44,2025-26,https://rogersstateuniversity.b-cdn.net/app/uploads/2026/06/CDS-2025-26.pdf,"file on rogersstateuniversity.b-cdn.net, not the college's domain (rsu.edu): needs the college's page that links to it"
rollins-college,136950,Rollins College,3.46,2024-25,https://drive.usercontent.google.com/download?id=1kuzTrfMGGpU6FncJ1kqxT6hav0ir20L5&export=download,file on drive.usercontent.google.com (Google Drive or Sheets): needs the college's own page that links to it
rose-hulman,152318,Rose-Hulman Institute of Technology,3.83,2024-25,https://drive.usercontent.google.com/download?id=1da72P1KPJhrKAU-fTEfM6zK4YMovnhhM&export=download,file on drive.usercontent.google.com (Google Drive or Sheets): needs the college's own page that links to it
san-jose-state-university,122755,San Jose State University,3.53,2024-25,https://drive.usercontent.google.com/download?id=1OgrHSD1Z3sYa7aAcQeRa2_kc6bfjXdOb&export=download,file on drive.usercontent.google.com (Google Drive or Sheets): needs the college's own page that links to it
santa-clara-university,122931,Santa Clara University,3.72,2024-25,https://drive.usercontent.google.com/download?id=1vfbrOrkoUKUMqrcIBqcg60yigVWD3jTD&export=download,file on drive.usercontent.google.com (Google Drive or Sheets): needs the college's own page that links to it
sarah-lawrence-college,195304,Sarah Lawrence College,3.8,2024-25,https://assets.sarahlawrence.io/about/slc-cds-2024-2025.pdf,"file on assets.sarahlawrence.io, not the college's domain (sarahlawrence.edu): needs the college's page that links to it"
southwestern-university,228343,Southwestern University,3.53,2024-25,https://drive.usercontent.google.com/download?id=13fdsNdsBjbfUJzEXnrpI2zON74oeilHv&export=download,file on drive.usercontent.google.com (Google Drive or Sheets): needs the college's own page that links to it
st-lawrence-university,195216,St Lawrence University,3.7,2023-24,https://drive.usercontent.google.com/download?id=1oQwk-li3pMs_mLAGaJDWivC7ns1rwAiE&export=download,file on drive.usercontent.google.com (Google Drive or Sheets): needs the college's own page that links to it
st-olaf-college,174844,St Olaf College,3.73,2024-25,https://drive.usercontent.google.com/download?id=1-pnWyqC_p3XdjYDvKRMY_xDAyo9KCGj0&export=download,file on drive.usercontent.google.com (Google Drive or Sheets): needs the college's own page that links to it
stanford,243744,Stanford University,3.94,2025-26,https://drive.usercontent.google.com/download?id=1GIPKgVj1d86dkmLkHI_mZVCk_iY6kiCp&export=download,file on drive.usercontent.google.com (Google Drive or Sheets): needs the college's own page that links to it
stetson-university,137546,Stetson University,3.66,2024-25,https://drive.usercontent.google.com/download?id=1VcJ_hPkcy9edY2EXFcVrf_SzJyUOE-dY&export=download,file on drive.usercontent.google.com (Google Drive or Sheets): needs the college's own page that links to it
suny-at-geneseo,196167,SUNY College at Geneseo,3.63,2024-25,https://drive.usercontent.google.com/download?id=1LdTI380difIIPSGArsGEFxl1pYJKulzh&export=download,file on drive.usercontent.google.com (Google Drive or Sheets): needs the college's own page that links to it
suny-college-at-oneonta,196185,SUNY Oneonta,3.48,2024-25,https://drive.usercontent.google.com/download?id=1ONOj6xLAnukWzgpdfP9VaJCFO8D57xmx&export=download,file on drive.usercontent.google.com (Google Drive or Sheets): needs the college's own page that links to it
temple-university,216339,Temple University,3.42,2024-25,https://drive.usercontent.google.com/download?id=1aa95wCsAHPMHqTrxzY7KJ6drIfQ4WAaa&export=download,file on drive.usercontent.google.com (Google Drive or Sheets): needs the college's own page that links to it
texas-tech,229115,Texas Tech University,3.62,2024-25,https://drive.usercontent.google.com/download?id=1pXFSa14XaZ8VVRBIhSgEtp-PpzMds2YF&export=download,file on drive.usercontent.google.com (Google Drive or Sheets): needs the college's own page that links to it
tulane-university-of-louisiana,160755,Tulane University of Louisiana,3.67,2025-26,https://public.boxcloud.com/d/1/b1!9wVeajWmDAFcHVI5tT3G-bpoSsy-QKDf2kvFjFoBLKy5YuRE_RTMG76t2pwYA8TWDHKZIXShduL2zJyIQEJ8coEgjna45-Q6MReufZj6n_FE2nYIh69o7vrEdaLPNkPYcDAoNEX5N7vrQpsIPhQ8lsnX1co7YxuHdu7iLtgZRDbbIE6V1T1KTuT6wE9xDPAbCdLKL-a-2rWf47MSWCACN4lFkXnTSdhHFvHPd1hevrmylavIRMCTu8U_pcpAQHUNG_C8iCI1BJSbUwh2UTfnFBbOcLEWHweIQSqspYfTaETcU2J2fv7kxxccdhOgiTKnLgJVZc39dRLlcYjN4KfSFPU6GOe6MQkp-7NMvxWK0vW2UxfdBU7c3WXUE0yKw8BDcPKaIW6jtpvUGVRohJ_ZjlTUTD5SLNPO8iqe83223562l8IoEmJ4oDRovk0tm50YufDJZes50KewVK5ywyc9komzkfQXh5zgIdFQUR4HDOB5qgJH2ow8yZAigIN3Q_FjF3p9hfH3NyRlehvB6ayL5dhpT0dYBqSVXJ7GyLVXXnFauGjlZxZnlSTc_iXITOsnsk6AKGDuojOi1UuFUBK0gajFl8iOKAQyvJQm9V6ofjhwiNwbFbRPnyxyCcAoylRlniAU-U5VYpxkmSQYlJdbKuDOOZl496-SOEgDRrxZjCCACXck9mWvBaqeMXXPAOQvFXMG2S2gQOCJvTaYRmYjY8fibIGUdJ8RRadYnF8xO2krE9qOsX6JqQ6z_wv3lDAcu5WnVAVMlmRirN3wJn5rUDk351-l1AuiIpZ1QJwoidVB-Vd18rCS3gsRKURDz3emLOTCGFo1M_yYDoGY8Ze-PkP4bciwwNXe-H6k2tl-mUK3bJjBt4kKOyidsjeULNFL8ZQcgPNycBhY6BbD4GuyoA4xvBV1kqPsIWFUZRr4b-gzOhBG2I0YKP-Wm_tLn5dIx6Z4msKlXyY79WJewM9vB3hMlHUaxbgvK3LTuHNAx4XmV9jX7b_x2I4mV6P3H4BLHcWGOZFoCnBlgBoTf1jGqws4TYWZDkN_Y8raZ_FY9Yf27Ix8B-ydjUsX-_xiC_G3fo2iHr2AeWrr-u-_AdN7hMUphZAvSpDcJSrmUtZA_p8gNCPsaYsm4sUt8k_qF0JlyLg1coG4ssvFa94d0Gpfih7fIdNZnxZABZXCfJPmmNg-W3c4t3-O6LD9hOUiUBLrRTmrZLLIvTGsD2WMFeRkqSpCh3LVCkXtcv6AY3klGGDPTJ4iuQaqb1r0vAp_POaAsFhWkR87Soi3cy-Az2KPyXiZg0FycZH2hfR11HgXBBlJa8NzXQyOJnIQpibAyej7eXWP90JsHca8gajxyTHmTMiaYceN1IXeUwb_H73op6Fg5szJaiuGoZMjn7DeLj9mQJcCeUDfMMwbXFaJlWPqK9PfldkdSklD4gVQ_TxHW8KxMV1gVBXzMCbqEw-mHTmWVredy4WHlVsAxgRAX1JpMMR3kXfzmWR83H9KP529pz-gZ0kHe5i3dxYCtFe7QVngas_i_KwPLdkG4Z3H1dwJ8oZBzPGxLQVTLkFBjaCudfg3yCr8_Aths1AhOxV9SJYviJcbTBQQDADUWXenu0RE1JQozC0./download,file on public.boxcloud.com (Box): needs the college's own page that links to it
uab,100663,University of Alabama at Birmingham,3.77,2024-25,https://drive.usercontent.google.com/download?id=1nB2mlDG1ZeLTIp_pQpu8moQJEvIaBm1F&export=download,file on drive.usercontent.google.com (Google Drive or Sheets): needs the college's own page that links to it
uc-berkeley,110635,University of California-Berkeley,3.9,2025-26,https://doc-14-7s-sheets.googleusercontent.com/export/54bogvaave6cua4cdnls17ksc4/vbu24fd8jjoqqbcg5n50sivdac/1778077500000/108561847862806983489/*/1INsGFH6MhaO-MFMBZ1Dngcn84FeN-hc0BLS0-v8TL_k?format=xlsx,file on doc-14-7s-sheets.googleusercontent.com (Google Drive or Sheets): needs the college's own page that links to it
uc-davis,110644,University of California-Davis,4.04,2024-25,https://drive.usercontent.google.com/download?id=1xd_2g4L1SqR_csHIwhIpBMTyhY_2E71l&export=download,file on drive.usercontent.google.com (Google Drive or Sheets): needs the college's own page that links to it
uc-santa-barbara,110705,University of California-Santa Barbara,4.29,2025-26,https://drive.usercontent.google.com/download?id=1FIkvY5dANho45ioG7-JHgO3IPH6-ui1W&export=download,file on drive.usercontent.google.com (Google Drive or Sheets): needs the college's own page that links to it
university-at-buffalo,196088,University at Buffalo,3.7,2024-25,https://drive.usercontent.google.com/download?id=1pidFTY6XPoJz2IZOKLfxzqpAbEXoDZg5&export=download,file on drive.usercontent.google.com (Google Drive or Sheets): needs the college's own page that links to it
university-of-california-merced,445188,University of California-Merced,3.57,2024-25,https://doc-00-60-sheets.googleusercontent.com/export/54bogvaave6cua4cdnls17ksc4/9quq6sross372a6beg238pq3go/1776620045000/105250506097979753968/*/1lUTmFPQC7tXMFF6mAZn8o2UcISM1oZes?format=xlsx,file on doc-00-60-sheets.googleusercontent.com (Google Drive or Sheets): needs the college's own page that links to it
university-of-california-santa-cruz,110714,University of California-Santa Cruz,3.92,2024-25,https://drive.usercontent.google.com/download?id=14YjGYXfskam0VrxaeYKGQqjlHmVpxKLA&export=download,file on drive.usercontent.google.com (Google Drive or Sheets): needs the college's own page that links to it
university-of-central-florida,132903,University of Central Florida,4.16,2024-25,https://drive.usercontent.google.com/download?id=1Dt0KgZS-C2-gJ5EYHYZQ8KdGZvSqx6LQ&export=download,file on drive.usercontent.google.com (Google Drive or Sheets): needs the college's own page that links to it
university-of-louisville,157289,University of Louisville,3.6,2024-25,https://drive.usercontent.google.com/download?id=14lbBcIAcvM1hj6bU4hGVQ1FikU9K_jBe&export=download,file on drive.usercontent.google.com (Google Drive or Sheets): needs the college's own page that links to it
university-of-maine,161253,University of Maine,3.49,2024-25,https://drive.usercontent.google.com/download?id=1iIm6kbdpySc_APcfykY1gICTMkNIQHN0&export=download,file on drive.usercontent.google.com (Google Drive or Sheets): needs the college's own page that links to it
university-of-mary-washington,232681,University of Mary Washington,3.75,2024-25,https://drive.usercontent.google.com/download?id=13VDoiHo8fuSDOt0iVvncycamqQ4dJ7CC&export=download,file on drive.usercontent.google.com (Google Drive or Sheets): needs the college's own page that links to it
university-of-massachusetts-boston,166638,University of Massachusetts-Boston,3.5,2023-24,https://drive.usercontent.google.com/download?id=1e-fREcvoTEyGmrch7xYGWNMc6dwfyNAt&export=download,file on drive.usercontent.google.com (Google Drive or Sheets): needs the college's own page that links to it
university-of-massachusetts-lowell,166513,University of Massachusetts-Lowell,3.72,2023-24,https://drive.usercontent.google.com/download?id=1HZZiaqLR4YtCF-1EpGKQL8AQRDcsc3Kh&export=download,file on drive.usercontent.google.com (Google Drive or Sheets): needs the college's own page that links to it
university-of-michigan-flint,171146,University of Michigan-Flint,3.5,2024-25,https://drive.usercontent.google.com/download?id=15mJs4jKML-Z_FF649KWTzgbnLlQpaHR2&export=download,file on drive.usercontent.google.com (Google Drive or Sheets): needs the college's own page that links to it
university-of-minnesota-duluth,174233,University of Minnesota-Duluth,3.55,2025-26,https://doc-10-60-sheets.googleusercontent.com/export/f3kk9gtum31ktuqh54kn7i1e14/cbcgt3c05u7io4vcehan9jnies/1790229370000/105250506097979753968/*/1adnqZlCAKzddCsxc-jqGm5svbrjHG2sS?format=xlsx,file on doc-10-60-sheets.googleusercontent.com (Google Drive or Sheets): needs the college's own page that links to it
university-of-mississippi,176017,University of Mississippi,3.5,2024-25,https://drive.usercontent.google.com/download?id=1zkKqpes6AHDRsUFPDK37u39NIIgfMwdf&export=download,file on drive.usercontent.google.com (Google Drive or Sheets): needs the college's own page that links to it
university-of-nebraska-lincoln,181464,University of Nebraska-Lincoln,3.54,2024-25,https://doc-14-60-sheets.googleusercontent.com/export/54bogvaave6cua4cdnls17ksc4/380n0e3po8enfh10feh6su4q5s/1776620110000/105250506097979753968/*/1k_zsYE-S_P_unRzwgWFoSqxDs8Bs0efc?format=xlsx,file on doc-14-60-sheets.googleusercontent.com (Google Drive or Sheets): needs the college's own page that links to it
university-of-north-carolina-at-asheville,199111,University of North Carolina Asheville,3.35,2024-25,https://drive.usercontent.google.com/download?id=1BIr6_uomfl7Wr32enLCSJdDj2-ax2Nje&export=download,file on drive.usercontent.google.com (Google Drive or Sheets): needs the college's own page that links to it
university-of-north-carolina-at-wilmington,199218,University of North Carolina Wilmington,4.06,2024-25,https://drive.usercontent.google.com/download?id=1ZDufOKYw6zJgqvg-nR06RJK-CvOqMA6U&export=download,file on drive.usercontent.google.com (Google Drive or Sheets): needs the college's own page that links to it
university-of-portland,209825,University of Portland,3.69,2024-25,https://drive.usercontent.google.com/download?id=1prgfAP2B4e2ocRosGec0dk_9Q0xu_u6q&export=download,file on drive.usercontent.google.com (Google Drive or Sheets): needs the college's own page that links to it
university-of-puget-sound,236328,University of Puget Sound,3.63,2024-25,https://drive.usercontent.google.com/download?id=1OaFaCV_d54yJCHVUmPKSu6C7Rermnahs&export=download,file on drive.usercontent.google.com (Google Drive or Sheets): needs the college's own page that links to it
university-of-richmond,233374,University of Richmond,3.81,2024-25,https://drive.usercontent.google.com/download?id=1H7OYRSCi-ZdQoFbAGqs-mG5_SORO5DRH&export=download,file on drive.usercontent.google.com (Google Drive or Sheets): needs the college's own page that links to it
university-of-san-francisco,122612,University of San Francisco,3.62,2024-25,https://drive.usercontent.google.com/download?id=1zKU2_jGW_cQgxxQ74oHLkKlebIgyrjq3&export=download,file on drive.usercontent.google.com (Google Drive or Sheets): needs the college's own page that links to it
university-of-utah,230764,University of Utah,3.67,2024-25,https://drive.usercontent.google.com/download?id=1UwytoPwwp6jPanBxAuvQ6K_CxrvsaLS3&export=download,file on drive.usercontent.google.com (Google Drive or Sheets): needs the college's own page that links to it
upenn,215062,University of Pennsylvania,3.9,2025-26,https://public.boxcloud.com/d/1/b1!LVyyxc_wlyuYLo1RG87mpDkM4NyyodK9OP8-JATdreQ1gwdS9Rk5wVhDcbKFFXZ2-q1WLilIAUb_PXBAOypS0sf2z2vwmx4DL_lPgKI6sbtc7zoMbFgBr9BWqDW4LQnlzN1Q4AN4kbHBAxyUAviAI-vLKYh5BTdGBMxDfF1LQ9aExV4qjfdM-Zag6Jj2cQ-4FIXTe-R98C94QdemSCCR26hJjPMWEhzMMvwenwEdLQt49c2gKMQdAUaqeo7tMCpyN9ATmjVsZ-9_S3FhuoKA11kyWexiLrBku6dsKY7vzrGaYVxljZPr0S7n0_1UsiGWIsUdpl0jy6BUhr3LZ_lRm4jg93dGeeWR5BTkttlI-SqzSnItNE_z99IZMeTVmK4i65DF6u61FJsDn4iJr6bwjTgaJAqmNGIzek08zjkr7Q-z4Nxdab7-6Fgc4EuOy_-kbpI_xED07pM3jPZ-mB1h8fC6-Qy49G3LfydfTv_6b0whoExYiqgUnPCgPiplcM8EBLWMgM0JfPF4jqSygu-Dtkm4LfXAaVMPzjXZhb7c1RR1HMn0dsjhUJUVgPF-Fip-p19cQWFHaWCK6if1jGzzO8g_Fo699wzw4zzBRDgpcYsNmoEEzGoWETQ16-bvoMxhHAAVTKnSRzR4Q2vw5zsDc7oul4ZDaXS7IdDb94nRz93PBsM6YpM5O44UKjjsBHF8XBXa0AasVpiIj8Dtg7COLPm8HTyKgjBKmdBoMO1tv6GMYasD2imyPCIOybqQU2ZB32G87gJISchNl-SmDBmS_TPhdtKTOeAcqwqUbo4tRyzg5qP14O0bqf1ZoR_d-lbBi9NPtLmruC9sfteJwLT-WkfCD82m-dzNj3wC-BzM_G71DJWneqff1k0tZF-LXgrV42jslGq_8LKBMF1q87Tqd_iufJW7MiSdLVgaZnbma5BoMLQiLvsASXxVcs7_5I1V_xZ-VIJZqX1vY_7AAXRoUf4EY5NcsYxw0f7rCnn0OLGN_n7NF47Q9mL39U6nSF1UyG1SlzyfZUqOLefL3ci7wm7z_hv8x17MdWZfYzIGoJ9VhCrjl4jBQRhXcFr9vE4f0jkr4xLbb2DZo4HvkyOzbYv0-bqnPGpcXjTipjA49EOM5L-NFamShpUH-At7wn0o8f7UNqSDWb8kqKsQuR_5HcRujQMl_dr648a6kAkGPN4GCx9FZWW0hRl4KCsHx3Ca-mdlYymNI_7lLJ5LiULObgJdw6M118c5CvAOTy0cG2W8JyN5436q-SwuC5rYNokhom-QlNl3Hj6VSbVBX72pwU9MSeJ52sRx7tXLScyWB_GKWzznpb9HIPTArTxlikjYKZs2cJ6laJP6WdatCqJv_UhCPTrgGH-DbTBpJtXZaXeFqNizwCXBjCsgx0n6hqAWEwr0fbYQB5a2scdYgZR71pqb93b6tC59-Xq4hSbLDQX9CQ8QV2ZM8dUi--MqiOIspC3c1IJOJ58gUeR46f_94hT9TmdXu4h4nWM5KCTu1SMOx6SdZEAIRB054GWXYw44TlndXh8yTiYigdy-6c1si3MBYvstuD6VQHO5XZRjBpc./download,file on public.boxcloud.com (Box): needs the college's own page that links to it
virginia-tech,233921,Virginia Polytechnic Institute and State University,4.09,2024-25,https://doc-0g-60-sheets.googleusercontent.com/export/54bogvaave6cua4cdnls17ksc4/6lnn7pchv8k3mg4q0h9rudfoa4/1776620200000/105250506097979753968/*/1KnGBhS5hVKwDzlbRnoZt0YlAKfBVHX6x?format=xlsx,file on doc-0g-60-sheets.googleusercontent.com (Google Drive or Sheets): needs the college's own page that links to it
west-virginia-university,238032,West Virginia University,3.7,2024-25,https://drive.usercontent.google.com/download?id=1HJqpIcCSMUMx4s6xX1AgegpamvtCkLm5&export=download,file on drive.usercontent.google.com (Google Drive or Sheets): needs the college's own page that links to it
western-washington-university,237011,Western Washington University,3.42,2025-26,https://bpb-us-e1.wpmucdn.com/wp.wwu.edu/dist/d/4572/files/2026/02/CDS_2025-26.pdf,"file on bpb-us-e1.wpmucdn.com, not the college's domain (wwu.edu): needs the college's page that links to it"
whitman-college,237057,Whitman College,3.69,2024-25,https://drive.usercontent.google.com/download?id=1IPdvZGD-gzDYjb8QUWKuj8UgZk-wgpFr&export=download,file on drive.usercontent.google.com (Google Drive or Sheets): needs the college's own page that links to it
wisconsin,240444,University of Wisconsin-Madison,3.91,2025-26,https://public.boxcloud.com/d/1/b1!4Wvb9nLc19-dBIV6_4KYqJhf9x3xwbaApEl3b4O-PN3ATEwJd93LHjnPXGcCARynxo3oQOik_PS7UEcC6crYy3wL9_clOU2ky5zcPLEWYiP86Y6ZWhiesmeHM5Mzo-N4WRfldMYacJKkvBsZOfzxlB8cv6POMnZIXau8NeY_mo2okL3_bK6shzzOBCJdwS9OF5zUzV3jfhYY9o818F_zW5ZBbsbd0aKSPMlujFFi7SyUijPMDeZ9twsX7NaTVxNPVEl2t2hKc9dLfTJXTtR7loZAsiRhai5v1w8AbaBmaP3ss96gMDCfy980V32YINSGIGXJ-EBVEi9fZ04-R6XNBttldE4sm4oVfxRTxCKTHDxgfe-L0bvZ9g5tavlOqdVBmROVJHD_e2pZoTMrz61lMMUvnOnLnOd-J9TrOOV7CvVazDcgjskl9bduFZJOljN0bI9GRQ0BwTVLbA8g39qJTxkH1lCn9pY_AVdvH5-d-1XQPjTNjTfIGCivi7XeK5rLvXaNaLfHUfbl683vTNQNfSKzAqqhSZiCpb6kKO1HUC3R7rQJ7NTQ_B-gI7ER49EKsG6ywWjb_mLThWcN2ib1KpJg56MdnrwUJLxQebweDwuu0Vct3K1NseP7yCBfwkx6s0o9D-A5IoSArYabWWULcHhbF2LEbh33Z3eRfMxb41R6HvqKxVryqVbzfOz4zesMGTCm2zJF-2b9o5SK94sInsvQeqsme79McT4y4a3m5BfRRs8tKF9Yd6HJU9_K0IfoexSY55_OiFZvD6DlVfmBgxA-HTCyMksiRNTSjnlk2RV6v2dzLB69-BFI3dOHAM4PSCrUdRtoGVG2mz2nqyP5mkwSyQRYdNrzftmeharQta6zgGF_5tGjwo89Ao2-xnR-twUFYSam1WSh6SaEIcIHHUtVazuzSwMpMQa8xtrdl6ihKZh72eEF1u2qGDUD2fIyZV4VhFXME4lD8XXXWz32T8fskbZrymlT5_IGS9dwXHAKJb2RjhbxFh8BjTCSSifY5xUBgJ3QPqhZ8YdryL-2yLJ_iOrcNA84viQipOs9K9uJ2ES5nOioIcODl_M_aH-BhL3gJBav5rom4XmIiuyiz7fnPqEJEEVgdV6hgXlDpUtnC51S3rJ-1XUhYgCnj_j-fi-Jxs6UVt9DKy2PQPT8ZSFziJMGBVOehU4SEBG2xT_z_MtLsOpqJG9LAdi0np0htk52B1KWC0fNM3DFhLrrN-owMjm3UHZGgjIIXlrJJ9lnHcN3UEQLgSjkPaP5vcREkUb1rtqJF40JCw5wkNlfFUVy1POnA9pobUvkGalK4X3ljHK18KvdkAazbpdJmOp6ZeSJXn66HHMMah_WMQtWpFDDU1C4DcPQOGLDJyJvFJpvVrrb_jCZ8Ioa2C6Y-ttZ6AscqOxqkvcRjIoRQcxg4MgYbO7k6DejPKBz1E2M7q89P367vqCPmCOnP9M-J_HoStLLQnbAlLgql6pR0GmP7WHd7_cUJPGGNp_REXapz6dVya8ioQb2wJKhQNA7iId5M_RRzZzaIPGqdFJW6RrxEpJwOy8Z3AzCnWbv5v2HY7ZpWPFo7yfb0eLPXfNc6jkKovRde5qiYO0ZsSos4WYmCswIaL-hb336jtW5iIU4/download,file on public.boxcloud.com (Box): needs the college's own page that links to it
wooster,206589,The College of Wooster,3.74,2024-25,https://drive.usercontent.google.com/download?id=1s15mPw4CPv-jsjrepmzMpykl8hS5Ftnt&export=download,file on drive.usercontent.google.com (Google Drive or Sheets): needs the college's own page that links to it
