slug,unitid,title,ipeds_2024,reason,evidence
alliant-international-university,110468,Alliant International University,Alliant International University-San Diego,IPEDS adds a campus or place to a title only this page uses,IPEDS 2007-2013: Alliant International University; 2024: Alliant International University-San Diego
american-intercontinental-university-online,445027,American InterContinental University Online,American InterContinental University System,IPEDS names the district or system,IPEDS 2009-2016: American InterContinental University-Online; 2024: American InterContinental University System
antelope-valley-college,109350,Antelope Valley College,Antelope Valley Community College District,IPEDS names the district or system,IPEDS 2005-2020: Antelope Valley College; 2024: Antelope Valley Community College District
arizona-state-university,104151,Arizona State University,Arizona State University Campus Immersion,IPEDS adds a campus or place to a title only this page uses,IPEDS 2008-2012: Arizona State University; 2024: Arizona State University Campus Immersion
blinn-college,223427,Blinn College,Blinn College District,IPEDS names the district or system,IPEDS 2005-2021: Blinn College; 2024: Blinn College District
bryan-college,219790,Bryan College,Bryan College-Dayton,IPEDS adds a campus or place to a title only this page uses,IPEDS 2005-2009: Bryan College; 2024: Bryan College-Dayton
cairn-university,215114,Cairn University,Cairn University-Langhorne,IPEDS adds a campus or place to a title only this page uses,IPEDS 2012: Cairn University; 2024: Cairn University-Langhorne
catholic-university-of-america,131283,Catholic University of America,The Catholic University of America,"only ""The"" differs",IPEDS 2005-2018: Catholic University of America; 2024: The Catholic University of America
chattanooga-college-medical-dental-and-technical-careers,220118,Chattanooga College Medical Dental and Technical Careers,Chattanooga College Medical Dental and & Technical Careers,IPEDS typo,IPEDS 2007-2022: Chattanooga College Medical Dental and Technical Careers; 2024: Chattanooga College Medical Dental and & Technical Careers
cochise-college,104425,Cochise College,Cochise County Community College District,IPEDS names the district or system,IPEDS 2005-2013: Cochise College; 2024: Cochise County Community College District
cooper-union-for-the-advancement-of-science-and-art,190372,Cooper Union for the Advancement of Science and Art,The Cooper Union for the Advancement of Science and Art,"only ""The"" differs",IPEDS 2005-2021: Cooper Union for the Advancement of Science and Art; 2024: The Cooper Union for the Advancement of Science and Art
cuny-college-of-staten-island,190558,CUNY College of Staten Island,College of Staten Island CUNY,only the word order differs,IPEDS 2005-2012: CUNY College of Staten Island; 2024: College of Staten Island CUNY
eastwick-college,184959,Eastwick College,Eastwick College-Ramsey,IPEDS adds a campus or place to a title only this page uses,IPEDS 2008-2012: Eastwick College; 2024: Eastwick College-Ramsey
eti-technical-college,200590,ETI Technical College,ETI Technical College of Niles,IPEDS adds a campus or place to a title only this page uses,IPEDS 2005-2023: ETI Technical College; 2024: ETI Technical College of Niles
fortis-college-mobile,371052,Fortis College Mobile,Fortis College,"without the campus or place, other colleges share the name",IPEDS 2010-2015: Fortis College-Mobile; 2024: Fortis College
harper-college,149842,Harper College,William Rainey Harper College,"IPEDS uses the legal name, William Rainey Harper College; the college calls itself Harper College",IPEDS 2007-2013: Harper College; 2024: William Rainey Harper College
indiana-wesleyan-university,151801,Indiana Wesleyan University,Indiana Wesleyan University-Marion,IPEDS adds a campus or place to a title only this page uses,IPEDS 2005-2014: Indiana Wesleyan University; 2024: Indiana Wesleyan University-Marion
kings-university,439701,King's University,The King's University,"only ""The"" differs",IPEDS 2010-2014: King's University; 2024: The King's University
lincoln-university-of-pennsylvania,213598,Lincoln University of Pennsylvania,Lincoln University,"without the campus or place, other colleges share the name",IPEDS 2005-2013: Lincoln University of Pennsylvania; 2024: Lincoln University
rockefeller-university,195049,Rockefeller University,The Rockefeller University,"only ""The"" differs",IPEDS 2005-2021: Rockefeller University; 2024: The Rockefeller University
saint-bonaventure-university,195164,Saint Bonaventure University,St Bonaventure University,only Saint/St. differs,IPEDS 2005-2011: Saint Bonaventure University; 2024: St Bonaventure University
saint-john-vianney-college-seminary,137272,Saint John Vianney College Seminary,St. John Vianney College Seminary,only Saint/St. differs,IPEDS 2005-2018: Saint John Vianney College Seminary; 2024: St. John Vianney College Seminary
saint-josephs-university,215770,Saint Joseph's University,Saint Joseph's University - Philadelphia,IPEDS adds a campus or place to a title only this page uses,IPEDS 2005-2023: Saint Joseph's University; 2024: Saint Joseph's University - Philadelphia
saint-thomas-aquinas-college,195243,Saint Thomas Aquinas College,St. Thomas Aquinas College,only Saint/St. differs,IPEDS 2005-2011: Saint Thomas Aquinas College; 2024: St. Thomas Aquinas College
schoolcraft-college,172200,Schoolcraft College,Schoolcraft Community College District,IPEDS names the district or system,IPEDS 2005-2021: Schoolcraft College; 2024: Schoolcraft Community College District
sewanee-the-university-of-the-south,221519,Sewanee The University of the South,The University of the South,the college calls itself Sewanee: The University of the South; IPEDS drops Sewanee,IPEDS 2009-2017: Sewanee-The University of the South; 2024: The University of the South
sheridan-college,240666,Sheridan College,Northern Wyoming Community College District,IPEDS names the district or system,IPEDS 2005-2017: Sheridan College; 2024: Northern Wyoming Community College District
stevens-institute-of-business-and-arts,178767,Stevens Institute of Business & Arts,Stevens-The Institute of Business & Arts,"only ""The"" differs",IPEDS 2010-2013: Stevens Institute of Business & Arts; 2024: Stevens-The Institute of Business & Arts
strayer-university,131803,Strayer University,Strayer University-District of Columbia,IPEDS adds a campus or place to a title only this page uses,IPEDS 2006-2009: Strayer University; 2024: Strayer University-District of Columbia
the-community-college-of-baltimore-county,434672,The Community College of Baltimore County,Community College of Baltimore County,"only ""The"" differs",IPEDS 2005-2016: The Community College of Baltimore County; 2024: Community College of Baltimore County
the-university-of-tennessee,221759,The University of Tennessee,The University of Tennessee-Knoxville,IPEDS adds a campus or place to a title only this page uses,IPEDS 2005-2012: The University of Tennessee; 2024: The University of Tennessee-Knoxville
the-university-of-tennessee-at-chattanooga,221740,The University of Tennessee at Chattanooga,The University of Tennessee-Chattanooga,"IPEDS joins the campus with a hyphen where the title has ""at""",IPEDS 2006-2012: The University of Tennessee at Chattanooga; 2024: The University of Tennessee-Chattanooga
the-university-of-virginias-college-at-wise,233897,The University of Virginia's College at Wise,University of Virginia's College at Wise,"only ""The"" differs",IPEDS 2005-2020: The University of Virginia's College at Wise; 2024: University of Virginia's College at Wise
the-university-of-west-florida,138354,The University of West Florida,University of West Florida,"only ""The"" differs",IPEDS 2005-2022: The University of West Florida; 2024: University of West Florida
trinity-international-university-illinois,149514,Trinity International University,Trinity International University-Illinois,IPEDS adds a campus or place to a title only this page uses,IPEDS 2005-2009: Trinity International University; 2024: Trinity International University-Illinois
university-of-colorado-denver,126562,University of Colorado Denver,University of Colorado Denver/Anschutz Medical Campus,IPEDS adds a campus or place to a title only this page uses,IPEDS 2007-2014: University of Colorado Denver; 2024: University of Colorado Denver/Anschutz Medical Campus
