slug,post_title,unitid,ipeds_name,why
bacone-college,Bacone College,206817,Bacone College,open in IPEDS 2024 but missing from College Scorecard's June 2026 release (may have closed since)
baker-college-of-cadillac,Baker College of Cadillac,16884704,Baker College of Cadillac,"no IPEDS 2024 record of its own: only College Scorecard lists it, usually a branch campus whose parent college reports for it"
baker-college-of-jackson,Baker College of Jackson,16884706,Baker College of Jackson,"no IPEDS 2024 record of its own: only College Scorecard lists it, usually a branch campus whose parent college reports for it"
baker-college-of-muskegon,Baker College of Muskegon,16884707,Baker College of Muskegon,"no IPEDS 2024 record of its own: only College Scorecard lists it, usually a branch campus whose parent college reports for it"
baton-rouge-college,Baton Rouge College,437103,Baton Rouge Community College,"the audit corrected this match (no longer listed: now in unmatched.csv, UNITID 373447): review first"
bryant-and-stratton-college-amherst,Bryant and Stratton College Amherst,18958301,Bryant & Stratton College-Amherst,"no IPEDS 2024 record of its own: only College Scorecard lists it, usually a branch campus whose parent college reports for it"
bryant-and-stratton-college-hampton,Bryant &amp; Stratton College Hampton,23178502,Bryant & Stratton College-Hampton,"no IPEDS 2024 record of its own: only College Scorecard lists it, usually a branch campus whose parent college reports for it"
bryant-and-stratton-college-henrietta,Bryant and Stratton College Henrietta,18959201,Bryant & Stratton College-Henrietta,"no IPEDS 2024 record of its own: only College Scorecard lists it, usually a branch campus whose parent college reports for it"
bryant-and-stratton-college-main-syracuse,Bryant and Stratton College Main Syracuse,18956501,Bryant & Stratton College-Syracuse,"no IPEDS 2024 record of its own: only College Scorecard lists it, usually a branch campus whose parent college reports for it"
bryant-and-stratton-college-richmond,Bryant and Stratton College Richmond,23178501,Bryant & Stratton College-Richmond,"no IPEDS 2024 record of its own: only College Scorecard lists it, usually a branch campus whose parent college reports for it"
bryant-and-stratton-college-southtowns,Bryant and Stratton College Southtowns,18958302,Bryant & Stratton College-Southtowns,"no IPEDS 2024 record of its own: only College Scorecard lists it, usually a branch campus whose parent college reports for it"
california-jazz-conservatory,California Jazz Conservatory,486488,California Jazz Conservatory,open in IPEDS 2024 but missing from College Scorecard's June 2026 release (may have closed since)
centura-college-chesapeake,Centura College Chesapeake,420024,Centura College-Chesapeake,open in IPEDS 2024 but missing from College Scorecard's June 2026 release (may have closed since)
city-college-altamonte-springs,City College Altamonte Springs,417327,City College-Altamonte Springs,open in IPEDS 2024 but missing from College Scorecard's June 2026 release (may have closed since)
colorado-academy-of-veterinary-technology,Colorado Academy of Veterinary Technology,461953,Colorado Academy of Veterinary Technology,open in IPEDS 2024 but missing from College Scorecard's June 2026 release (may have closed since)
delaware-technical-and-community-college-owens,Delaware Technical and Community College Owens,13090701,Delaware Technical Community College-Owens,"no IPEDS 2024 record of its own: only College Scorecard lists it, usually a branch campus whose parent college reports for it"
delaware-technical-and-community-college-stanton-wilmington,Delaware Technical and Community College Stanton Wilmington,13090702,Delaware Technical Community College-Stanton/Wilmington,"no IPEDS 2024 record of its own: only College Scorecard lists it, usually a branch campus whose parent college reports for it"
georgia-military-college-augusta-campus,Georgia Military College Augusta Campus,48511104,Georgia Military College - Augusta,"no IPEDS 2024 record of its own: only College Scorecard lists it, usually a branch campus whose parent college reports for it"
georgia-military-college-columbus-campus,Georgia Military College Columbus Campus,48511107,Georgia Military College - Columbus,"no IPEDS 2024 record of its own: only College Scorecard lists it, usually a branch campus whose parent college reports for it"
georgia-military-college-valdosta-campus,Georgia Military College Valdosta Campus,48511103,Georgia Military College - Valdosta,"no IPEDS 2024 record of its own: only College Scorecard lists it, usually a branch campus whose parent college reports for it"
georgia-military-college-warner-robins-campus,Georgia Military College Warner Robins Campus,48511106,Georgia Military College - Robins,"no IPEDS 2024 record of its own: only College Scorecard lists it, usually a branch campus whose parent college reports for it"
illinois-eastern-community-colleges-frontier-community-coll,Illinois Eastern Community Colleges Frontier Community Coll,14570702,Illinois Eastern Community Colleges-Frontier Community College,"no IPEDS 2024 record of its own: only College Scorecard lists it, usually a branch campus whose parent college reports for it"
illinois-eastern-community-colleges-lincoln-trail-college,Illinois Eastern Community Colleges Lincoln Trail College,14570703,Illinois Eastern Community Colleges-Lincoln Trail College,"no IPEDS 2024 record of its own: only College Scorecard lists it, usually a branch campus whose parent college reports for it"
illinois-eastern-community-colleges-wabash-valley-college,Illinois Eastern Community Colleges Wabash Valley College,14570704,Illinois Eastern Community Colleges-Wabash Valley College,"no IPEDS 2024 record of its own: only College Scorecard lists it, usually a branch campus whose parent college reports for it"
institute-of-lutheran-theology,Institute of Lutheran Theology,493363,Institute of Lutheran Theology,open in IPEDS 2024 but missing from College Scorecard's June 2026 release (may have closed since)
ivy-tech-community-college-columbus,Ivy Tech Community College Columbus,15098702,Ivy Tech Community College-Columbus,"no IPEDS 2024 record of its own: only College Scorecard lists it, usually a branch campus whose parent college reports for it"
ivy-tech-community-college-kokomo,Ivy Tech Community College Kokomo,15098704,Ivy Tech Community College-Kokomo,"no IPEDS 2024 record of its own: only College Scorecard lists it, usually a branch campus whose parent college reports for it"
ivy-tech-community-college-lafayette,Ivy Tech Community College Lafayette,15098705,Ivy Tech Community College-Lafayette,"no IPEDS 2024 record of its own: only College Scorecard lists it, usually a branch campus whose parent college reports for it"
ivy-tech-community-college-richmond,Ivy Tech Community College Richmond,15098710,Ivy Tech Community College-Richmond,"no IPEDS 2024 record of its own: only College Scorecard lists it, usually a branch campus whose parent college reports for it"
lakewood-university,Lakewood University,496706,Lakewood University,open in IPEDS 2024 but missing from College Scorecard's June 2026 release (may have closed since)
miller-motte-college,Miller Motte College,198978,Miller-Motte College-Wilmington,"the audit corrected this match (matched to this college instead, UNITID 460817): review first"
miller-motte-college-wilmington,Miller Motte College Wilmington,198978,Miller-Motte College-Wilmington,open in IPEDS 2024 but missing from College Scorecard's June 2026 release (may have closed since)
ohio-business-college-columbus,Ohio Business College Columbus,501211,Ohio Business College-Columbus,"no IPEDS 2024 record of its own: only College Scorecard lists it, usually a branch campus whose parent college reports for it"
pacific-states-university,Pacific States University,120838,Pacific States University,"not operating according to College Scorecard, no closing date in IPEDS (audit: unconfirmed)"
polytechnic-university-of-puerto-rico-miami-campus,Polytechnic University of Puerto Rico Miami Campus,456481,Polytechnic University of Puerto Rico-Miami,"not operating according to College Scorecard, no closing date in IPEDS (audit: unconfirmed)"
rainy-river-community-college,Rainy River Community College,17373504,Minnesota North College - Rainy River,"no IPEDS 2024 record of its own: only College Scorecard lists it, usually a branch campus whose parent college reports for it"
reformed-university,Reformed University,490230,Reformed University,open in IPEDS 2024 but missing from College Scorecard's June 2026 release (may have closed since)
san-diego-state-university-imperial-valley-campus,San Diego State University Imperial Valley Campus,12240901,San Diego State University-Imperial Valley Campus,"no IPEDS 2024 record of its own: only College Scorecard lists it, usually a branch campus whose parent college reports for it"
san-joaquin-valley-college-fresno,San Joaquin Valley College Fresno,262457,San Joaquin Valley College-Fresno,"not operating according to College Scorecard, no closing date in IPEDS (audit: unconfirmed)"
south-college-asheville,South College Asheville,22055202,South College-Asheville,"no IPEDS 2024 record of its own: only College Scorecard lists it, usually a branch campus whose parent college reports for it"
the-university-of-america,The University of America,475237,The University of America,open in IPEDS 2024 but missing from College Scorecard's June 2026 release (may have closed since)
university-of-maine-at-machias,University of Maine at Machias,16125301,University of Maine - Machias,"no IPEDS 2024 record of its own: only College Scorecard lists it, usually a branch campus whose parent college reports for it"
west-virginia-junior-college-bridgeport,West Virginia Junior College Bridgeport,442383,West Virginia Junior College-Bridgeport,"not operating according to College Scorecard, no closing date in IPEDS (audit: unconfirmed)"
wichita-area-technical-college,Wichita Area Technical College,156134,Wichita Technical Institute,"the audit corrected this match (matched to this college instead, UNITID 156107): review first"
