checkpoint,slug,action,target,reason
N,alabama-southern-community-college,301,https://gpacalculator.net/admissions/coastal-alabama-community-college/,"merged into Coastal Alabama Community College (IPEDS NEWID, audit); now part of Coastal Alabama Community College, which gets a page"
N,asnuntuck-community-college,301,https://gpacalculator.net/admissions/connecticut-state-community-college/,"merged into Connecticut State Community College (IPEDS NEWID, audit); now part of Connecticut State Community College, which gets a page"
N,capital-community-college,301,https://gpacalculator.net/admissions/connecticut-state-community-college/,"consolidated: same name, city and state as UNITID 129367, now Connecticut State Community College, which 11 other colleges merged into; now part of Connecticut State Community College, which gets a page"
N,castleton-state-college,301,https://gpacalculator.net/admissions/vermont-state-university/,"merged into Vermont State University (IPEDS NEWID, audit); now part of Vermont State University, which gets a page"
N,gateway-community-college-new-haven,301,https://gpacalculator.net/admissions/connecticut-state-community-college/,"merged into Connecticut State Community College (IPEDS NEWID, audit); now part of Connecticut State Community College, which gets a page"
N,housatonic-community-college,301,https://gpacalculator.net/admissions/connecticut-state-community-college/,"merged into Connecticut State Community College (IPEDS NEWID, audit); now part of Connecticut State Community College, which gets a page"
N,james-h-faulkner-state-community-college,301,https://gpacalculator.net/admissions/coastal-alabama-community-college/,"consolidated: same name, city and state as UNITID 101161, now Coastal Alabama Community College, which 2 other colleges merged into; now part of Coastal Alabama Community College, which gets a page"
N,jefferson-davis-community-college,301,https://gpacalculator.net/admissions/coastal-alabama-community-college/,"merged into Coastal Alabama Community College (IPEDS NEWID, audit); now part of Coastal Alabama Community College, which gets a page"
N,johnson-state-college,301,https://gpacalculator.net/admissions/vermont-state-university/,"merged into Vermont State University (IPEDS NEWID, audit); now part of Vermont State University, which gets a page"
N,long-island-university-brooklyn-campus,301,https://gpacalculator.net/admissions/long-island-university/,"merged into Long Island University (IPEDS NEWID, audit); now part of Long Island University, which gets a page"
N,long-island-university-c-w-post-campus,301,https://gpacalculator.net/admissions/long-island-university/,"consolidated: same name, city and state as UNITID 192448, now Long Island University, which 5 other colleges merged into; now part of Long Island University, which gets a page"
N,lyndon-state-college,301,https://gpacalculator.net/admissions/vermont-state-university/,"merged into Vermont State University (IPEDS NEWID, audit); now part of Vermont State University, which gets a page"
N,manchester-community-college-ct,301,https://gpacalculator.net/admissions/connecticut-state-community-college/,"merged into Connecticut State Community College (IPEDS NEWID, audit); now part of Connecticut State Community College, which gets a page"
N,metropolitan-community-college-blue-river,301,https://gpacalculator.net/admissions/metropolitan-community-college-kansas-city/,"merged into Metropolitan Community College-Kansas City (IPEDS NEWID, audit); now part of Metropolitan Community College-Kansas City, which gets a page"
N,metropolitan-community-college-business-and-technology,301,https://gpacalculator.net/admissions/metropolitan-community-college-kansas-city/,"merged into Metropolitan Community College-Kansas City (IPEDS NEWID, audit); now part of Metropolitan Community College-Kansas City, which gets a page"
N,metropolitan-community-college-longview,301,https://gpacalculator.net/admissions/metropolitan-community-college-kansas-city/,"consolidated: same name, city and state as UNITID 177995, now Metropolitan Community College-Kansas City, which 5 other colleges merged into; now part of Metropolitan Community College-Kansas City, which gets a page"
N,metropolitan-community-college-maple-woods,301,https://gpacalculator.net/admissions/metropolitan-community-college-kansas-city/,"merged into Metropolitan Community College-Kansas City (IPEDS NEWID, audit); now part of Metropolitan Community College-Kansas City, which gets a page"
N,metropolitan-community-college-penn-valley,301,https://gpacalculator.net/admissions/metropolitan-community-college-kansas-city/,"merged into Metropolitan Community College-Kansas City (IPEDS NEWID, audit); now part of Metropolitan Community College-Kansas City, which gets a page"
N,middlesex-community-college-ct,301,https://gpacalculator.net/admissions/connecticut-state-community-college/,"merged into Connecticut State Community College (IPEDS NEWID, audit); now part of Connecticut State Community College, which gets a page"
N,montgomery-county-community-college-central-campus,301,https://gpacalculator.net/admissions/montgomery-county-community-college/,"consolidated: same name, city and state as UNITID 214111, now Montgomery County Community College, which 1 other college merged into; now part of Montgomery County Community College, which gets a page"
N,montgomery-county-community-college-west-campus,301,https://gpacalculator.net/admissions/montgomery-county-community-college/,"merged into Montgomery County Community College (IPEDS NEWID, audit); now part of Montgomery County Community College, which gets a page"
N,naugatuck-valley-community-college,301,https://gpacalculator.net/admissions/connecticut-state-community-college/,"merged into Connecticut State Community College (IPEDS NEWID, audit); now part of Connecticut State Community College, which gets a page"
N,northwestern-connecticut-community-college,301,https://gpacalculator.net/admissions/connecticut-state-community-college/,"merged into Connecticut State Community College (IPEDS NEWID, audit); now part of Connecticut State Community College, which gets a page"
N,norwalk-community-college,301,https://gpacalculator.net/admissions/connecticut-state-community-college/,"merged into Connecticut State Community College (IPEDS NEWID, audit); now part of Connecticut State Community College, which gets a page"
N,pierce-college-at-fort-steilacoom,301,https://gpacalculator.net/admissions/pierce-college-district/,"consolidated: same name, city and state as UNITID 235237, now Pierce College District, which 1 other college merged into; now part of Pierce College District, which gets a page"
N,pierce-college-at-puyallup,301,https://gpacalculator.net/admissions/pierce-college-district/,"merged into Pierce College District (IPEDS NEWID, audit); now part of Pierce College District, which gets a page"
N,quinebaug-valley-community-college,301,https://gpacalculator.net/admissions/connecticut-state-community-college/,"merged into Connecticut State Community College (IPEDS NEWID, audit); now part of Connecticut State Community College, which gets a page"
N,three-rivers-community-college-ct,301,https://gpacalculator.net/admissions/connecticut-state-community-college/,"merged into Connecticut State Community College (IPEDS NEWID, audit); now part of Connecticut State Community College, which gets a page"
N,tunxis-community-college,301,https://gpacalculator.net/admissions/connecticut-state-community-college/,"merged into Connecticut State Community College (IPEDS NEWID, audit); now part of Connecticut State Community College, which gets a page"
N,vermont-technical-college,301,https://gpacalculator.net/admissions/vermont-state-university/,"consolidated: same name, city and state as UNITID 231165, now Vermont State University, which 2 other colleges merged into; now part of Vermont State University, which gets a page"
P,baker-college-of-flint,301,https://gpacalculator.net/admissions/baker-college/,"each IPEDS record with this name and city leads to UNITID 168847 (NEWID); now part of Baker College, whose page S adds"
P,hibbing-community-college-a-technical-and-community-college,301,https://gpacalculator.net/admissions/minnesota-north-college/,"consolidated: same name, city and state as UNITID 173735, now Minnesota North College, which 5 other colleges merged into; now part of Minnesota North College, whose page S adds"
P,illinois-eastern-community-colleges-olney-central-college,301,https://gpacalculator.net/admissions/illinois-eastern-community-colleges/,"consolidated: same name, city and state as UNITID 145707, now Illinois Eastern Community Colleges, which 4 other colleges merged into; now part of Illinois Eastern Community Colleges, whose page S adds"
P,itasca-community-college,301,https://gpacalculator.net/admissions/minnesota-north-college/,"merged into Minnesota North College (IPEDS NEWID, audit); now part of Minnesota North College, whose page S adds"
P,ivy-tech-community-college-bloominton,301,https://gpacalculator.net/admissions/ivy-tech-community-college/,"near-exact name in the same city and state: Ivy Tech Community College-Bloomington; a campus Ivy Tech Community College reports for, whose page S adds"
P,ivy-tech-community-college-central-indiana,301,https://gpacalculator.net/admissions/ivy-tech-community-college/,"consolidated: same name, city and state as UNITID 150987, now Ivy Tech Community College, which 6 other colleges merged into; now part of Ivy Tech Community College, whose page S adds"
P,ivy-tech-community-college-east-central,301,https://gpacalculator.net/admissions/ivy-tech-community-college/,Ivy Tech's regional colleges became campuses of one college after 2011; IPEDS lists an Ivy Tech campus in this city under Ivy Tech Community College
P,ivy-tech-community-college-northcentral,301,https://gpacalculator.net/admissions/ivy-tech-community-college/,Ivy Tech's regional colleges became campuses of one college after 2011; IPEDS lists an Ivy Tech campus in this city under Ivy Tech Community College
P,ivy-tech-community-college-northeast,301,https://gpacalculator.net/admissions/ivy-tech-community-college/,Ivy Tech's regional colleges became campuses of one college after 2011; IPEDS lists an Ivy Tech campus in this city under Ivy Tech Community College
P,ivy-tech-community-college-northwest,301,https://gpacalculator.net/admissions/ivy-tech-community-college/,Ivy Tech's regional colleges became campuses of one college after 2011; IPEDS lists an Ivy Tech campus in this city under Ivy Tech Community College
P,ivy-tech-community-college-south-central,301,https://gpacalculator.net/admissions/ivy-tech-community-college/,Ivy Tech's regional colleges became campuses of one college after 2011; IPEDS lists an Ivy Tech campus in this city under Ivy Tech Community College
P,ivy-tech-community-college-southeast,301,https://gpacalculator.net/admissions/ivy-tech-community-college/,Ivy Tech's regional colleges became campuses of one college after 2011; IPEDS lists an Ivy Tech campus in this city under Ivy Tech Community College
P,ivy-tech-community-college-southwest,301,https://gpacalculator.net/admissions/ivy-tech-community-college/,Ivy Tech's regional colleges became campuses of one college after 2011; IPEDS lists an Ivy Tech campus in this city under Ivy Tech Community College
P,ivy-tech-community-college-wabash-valley,301,https://gpacalculator.net/admissions/ivy-tech-community-college/,Ivy Tech's regional colleges became campuses of one college after 2011; IPEDS lists an Ivy Tech campus in this city under Ivy Tech Community College
P,mesabi-range-community-and-technical-college,301,https://gpacalculator.net/admissions/minnesota-north-college/,"merged into Minnesota North College (IPEDS NEWID, audit); now part of Minnesota North College, whose page S adds"
P,vermilion-community-college,301,https://gpacalculator.net/admissions/minnesota-north-college/,"merged into Minnesota North College (IPEDS NEWID, audit); now part of Minnesota North College, whose page S adds"
R,antonelli-institute,retire,,"left IPEDS after HD2017 without a closing date; closed 2018-05-04 (FSA's closed-school file lists OPEID 00743000 (Antonelli Institute, Erdenheim, PA), matched by OPEID)"
R,broadview-university-west-jordan,retire,,"left IPEDS after HD2022 without a closing date; closed 2022-12-30 (FSA's closed-school file lists OPEID 01116600 (Broadview College, West Jordan, UT), matched by OPEID)"
R,bryan-university-topeka,retire,,"no IPEDS directory since 2002 lists this name in this state; closed 2018-05-27 (FSA's closed-school file lists OPEID 03066200 (Bryan University, Topeka, KS), matched by name, city and state)"
R,california-jazz-conservatory,retire,,"open in IPEDS 2024 but missing from College Scorecard's June 2026 release (may have closed since); closed 2024-12-20 (FSA's closed-school file lists OPEID 04237600 (California Jazz Conservatory, Berkeley, CA), matched by OPEID)"
R,central-bible-college,retire,,"left IPEDS after HD2013 without a closing date; closed 2013-08-21 (FSA's closed-school file lists OPEID 00245200 (Central Bible College, Springfield, MO), matched by OPEID)"
R,chatfield-college,retire,,"left IPEDS after HD2023 without a closing date; closed 2023-01-31 (FSA's closed-school file lists OPEID 01088000 (Chatfield College, Saint Martin, OH), matched by OPEID)"
R,city-college-altamonte-springs,retire,,"open in IPEDS 2024 but missing from College Scorecard's June 2026 release (may have closed since); closed 2025-03-31 (FSA's closed-school file lists OPEID 03079900 (City College, Altamonte Springs, FL), matched by OPEID)"
R,coleman-university,retire,,"left IPEDS after HD2017 without a closing date; closed 2018-08-05 (FSA's closed-school file lists OPEID 00729600 (Coleman University, San Diego, CA), matched by OPEID)"
R,colorado-academy-of-veterinary-technology,retire,,"open in IPEDS 2024 but missing from College Scorecard's June 2026 release (may have closed since); closed 2025-06-13 (FSA's closed-school file lists OPEID 04185000 (Colorado Academy of Veterinary Technology, Colorado Springs, CO), matched by OPEID)"
R,crossroads-college,retire,,"left IPEDS after HD2016 without a closing date; closed 2016-08-21 (FSA's closed-school file lists OPEID 00236600 (Crossroads College, Rochester, MN), matched by OPEID)"
R,daymar-college-bellevue,retire,,"left IPEDS after HD2017 without a closing date; closed 2018-03-26 (FSA's closed-school file lists OPEID 00931305 (Daymar College - Bellevue, Bellevue, KY), matched by OPEID)"
R,daymar-college-chillicothe,retire,,"left IPEDS after HD2016 without a closing date; closed 2016-09-19 (FSA's closed-school file lists OPEID 02056800 (Daymar College, New Boston, OH), matched by OPEID)"
R,daymar-college-owensboro,retire,,"left IPEDS after HD2017 without a closing date; closed 2018-06-18 (FSA's closed-school file lists OPEID 00931300 (Daymar College, Owensboro, KY), matched by OPEID)"
R,devry-university-colorado,retire,,"each IPEDS record with this name and city leads to UNITID 482440 (NEWID); UNITID 482440 closed 06/25/2022 (IPEDS CLOSEDAT, HD2023)"
R,devry-university-indiana,retire,,"each IPEDS record with this name and city leads to UNITID 482486 (NEWID); UNITID 482486 closed 06/26/2021 (IPEDS CLOSEDAT, HD2022)"
R,devry-university-kentucky,retire,,"each IPEDS record with this name and city leads to UNITID 482495 (NEWID); UNITID 482495 closed 12/21/2014 (IPEDS CLOSEDAT, HD2014)"
R,devry-university-maryland,retire,,"each IPEDS record with this name and city leads to UNITID 482501 (NEWID); UNITID 482501 closed 12/21/2014 (IPEDS CLOSEDAT, HD2015)"
R,devry-university-michigan,retire,,"each IPEDS record with this name and city leads to UNITID 482510 (NEWID); UNITID 482510 closed 10/25/2015 (IPEDS CLOSEDAT, HD2016)"
R,devry-university-minnesota,retire,,"each IPEDS record with this name and city leads to UNITID 482529 (NEWID); UNITID 482529 closed 12/23/2015 (IPEDS CLOSEDAT, HD2016)"
R,devry-university-missouri,retire,,"each IPEDS record with this name and city leads to UNITID 482538 (NEWID); UNITID 482538 closed 06/25/2022 (IPEDS CLOSEDAT, HD2023)"
R,devry-university-north-carolina,retire,,"each IPEDS record with this name and city leads to UNITID 482565 (NEWID); UNITID 482565 closed 04/22/2023 (IPEDS CLOSEDAT, HD2023)"
R,devry-university-oklahoma,retire,,"each IPEDS record with this name and city leads to UNITID 482583 (NEWID); UNITID 482583 closed 02/26/2018 (IPEDS CLOSEDAT, HD2018)"
R,devry-university-oregon,retire,,"each IPEDS record with this name and city leads to UNITID 482592 (NEWID); UNITID 482592 closed 12/23/2015 (IPEDS CLOSEDAT, HD2016)"
R,devry-university-pennsylvania,retire,,"each IPEDS record with this name and city leads to UNITID 482608 (NEWID); UNITID 482608 closed 06/25/2022 (IPEDS CLOSEDAT, HD2022)"
R,devry-university-tennessee,retire,,"each IPEDS record with this name and city leads to UNITID 482617 (NEWID); UNITID 482617 closed 06/25/2022 (IPEDS CLOSEDAT, HD2023)"
R,devry-university-utah,retire,,"each IPEDS record with this name and city leads to UNITID 482644 (NEWID); UNITID 482644 closed 06/01/2015 (IPEDS CLOSEDAT, HD2015)"
R,devry-university-washington,retire,,"each IPEDS record with this name and city leads to UNITID 482662 (NEWID); UNITID 482662 closed 12/23/2015 (IPEDS CLOSEDAT, HD2016)"
R,devry-university-wisconsin,retire,,"each IPEDS record with this name and city leads to UNITID 482671 (NEWID); UNITID 482671 closed 09/09/2016 (IPEDS CLOSEDAT, HD2016)"
R,grace-university,retire,,"left IPEDS after HD2017 without a closing date; closed 2018-05-11 (FSA's closed-school file lists OPEID 00254700 (Grace University, Omaha, NE), matched by OPEID)"
R,international-professional-school-of-bodywork,retire,,"left IPEDS after HD2016 without a closing date; closed 2016-12-18 (FSA's closed-school file lists OPEID 04134700 (International Professional School of Bodywork, San Diego, CA), matched by OPEID)"
R,kaplan-university-cedar-falls-campus,retire,,"no IPEDS directory since 2002 lists this name in this state; closed 2019-02-19 (FSA's closed-school file lists OPEID 00458607 (Purdue University Global - Cedar Falls, Cedar Falls, IA), matched by name, city and state)"
R,kaplan-university-council-bluffs-campus,retire,,"no IPEDS directory since 2002 lists this name in this state; closed 2013-02-27 (FSA's closed-school file lists OPEID 00458610 (Kaplan University - Council Bluffs, Council Bluffs, IA), matched by name, city and state)"
R,kaplan-university-hagerstown-campus,retire,,"no IPEDS directory since 2002 lists this name in this state; closed 2019-09-18 (FSA's closed-school file lists OPEID 00458612 (Purdue University Global - Hagerstown, Hagerstown, MD), matched by name, city and state)"
R,kaplan-university-mason-city-campus,retire,,"no IPEDS directory since 2002 lists this name in this state; closed 2019-07-23 (FSA's closed-school file lists OPEID 00458606 (Purdue University Global - Mason City, Mason City, IA), matched by name, city and state)"
R,kaplan-university-omaha-campus,retire,,"no IPEDS directory since 2002 lists this name in this state; closed 2019-05-07 (FSA's closed-school file lists OPEID 00458608 (Purdue University Global - Omaha, Omaha, NE), matched by name, city and state)"
R,lincoln-college,retire,,"left IPEDS after HD2022 without a closing date; closed 2022-05-13 (FSA's closed-school file lists OPEID 00170900 (Lincoln College, Lincoln, IL), matched by OPEID)"
R,lincoln-college-of-new-england-hartford,retire,,"left IPEDS after HD2013 without a closing date; closed 2012-12-31 (FSA's closed-school file lists OPEID 00940702 (Lincoln College of New England - Hartford, Hartford, CT), matched by OPEID)"
R,marymount-college,retire,,"left IPEDS after HD2022 without a closing date; closed 2022-08-12 (FSA's closed-school file lists OPEID 01047400 (Marymount California University, Rancho Palos Verdes, CA), matched by OPEID)"
R,memphis-college-of-art,retire,,"left IPEDS after HD2020 without a closing date; closed 2020-05-09 (FSA's closed-school file lists OPEID 00350700 (Memphis College of Art, Memphis, TN), matched by OPEID)"
R,metro-business-college-cape-girardeau,retire,,"left IPEDS after HD2019 without a closing date; closed 2019-12-10 (FSA's closed-school file lists OPEID 02180200 (Metro Business College, Cape Girardeau, MO), matched by OPEID)"
R,metro-business-college-jefferson-city,retire,,"left IPEDS after HD2019 without a closing date; closed 2019-12-10 (FSA's closed-school file lists OPEID 02180201 (Metro Business College - Jefferson City, Jefferson City, MO), matched by OPEID)"
R,metro-business-college-rolla,retire,,"left IPEDS after HD2019 without a closing date; closed 2019-12-10 (FSA's closed-school file lists OPEID 02180202 (Metro Business College - Rolla, Rolla, MO), matched by OPEID)"
R,miller-motte-college-wilmington,retire,,"open in IPEDS 2024 but missing from College Scorecard's June 2026 release (may have closed since); closed 2025-04-20 (FSA's closed-school file lists OPEID 02306824 (Miller-Motte College - Wilmington, Wilmington, NC), matched by OPEID)"
R,milligan-college,301,https://gpacalculator.net/admissions/milligan-university/,each IPEDS record with this name and city leads to UNITID 486901 (NEWID); Milligan University already has a page
R,national-american-university-colorado-springs-south,retire,,"left IPEDS after HD2020 without a closing date; closed 2019-05-31 (FSA's closed-school file lists OPEID 00405725 (National American University - Colorado Springs South, Colorado Springs, CO), matched by OPEID)"
R,national-american-university-rio-rancho,retire,,"left IPEDS after HD2020 without a closing date; closed 2019-05-31 (FSA's closed-school file lists OPEID 00405716 (National American University - Albuquerque West, Albuquerque, NM), matched by OPEID)"
R,nebraska-christian-college,retire,,"left IPEDS after HD2020 without a closing date; closed 2020-05-31 (FSA's closed-school file lists OPEID 00125212 (Hope International University - Nebraska Christian College, Papillion, NE), matched by OPEID)"
R,new-york-career-institute,retire,,"left IPEDS after HD2017 without a closing date; closed 2017-05-31 (FSA's closed-school file lists OPEID 02163400 (New York Career Institute, New York, NY), matched by OPEID)"
R,northland-international-university,retire,,"left IPEDS after HD2015 without a closing date; closed 2015-07-31 (FSA's closed-school file lists OPEID 03872500 (Northland International University, Dunbar, WI), matched by OPEID)"
R,northwood-university-texas,301,https://gpacalculator.net/admissions/northwood-university-michigan/,"merged into Northwood University (IPEDS NEWID, audit); R imports that college's page"
R,omore,retire,,"left IPEDS after HD2017 without a closing date; closed 2018-05-08 (FSA's closed-school file lists OPEID 02106400 (O'More College of Design, Franklin, TN), matched by OPEID)"
R,ottawa-university-phoenix,retire,,"left IPEDS after HD2022 without a closing date; closed 2022-03-04 (FSA's closed-school file lists OPEID 00193701 (Ottawa University - Phoenix, Phoenix, AZ), matched by OPEID)"
R,professional-business-college,retire,,"left IPEDS after HD2016 without a closing date; closed 2014-07-23 (FSA's closed-school file lists OPEID 02306500 (Professional Business College, New York, NY), matched by OPEID)"
R,provo-college-american-fork,retire,,"no IPEDS directory since 2002 lists this name in this state; closed 2013-02-13 (FSA's closed-school file lists OPEID 02360802 (Provo College - American Fork Campus, American Fork, UT), matched by name, city and state)"
R,rockford-career-college,retire,,"left IPEDS after HD2019 without a closing date; closed 2018-12-14 (FSA's closed-school file lists OPEID 01091303 (Madison Media Institute - Rockford Career College, Rockford, IL), matched by OPEID)"
R,saint-gregorys-university,retire,,"left IPEDS after HD2017 without a closing date; closed 2018-01-31 (FSA's closed-school file lists OPEID 00318300 (Saint Gregory's University, Shawnee, OK), matched by OPEID)"
R,saint-louis-christian-college,retire,,"left IPEDS after HD2022 without a closing date; closed 2022-05-08 (FSA's closed-school file lists OPEID 01258000 (Saint Louis Christian College, Florissant, MO), matched by OPEID)"
R,san-joaquin-valley-college-fresno,retire,,"not operating according to College Scorecard, no closing date in IPEDS (audit: unconfirmed); closed 2026-04-10 (FSA's closed-school file lists OPEID 02120701 (San Joaquin Valley College - Fresno, Fresno, CA), matched by OPEID)"
R,santa-barbara-business-college-bakersfield,retire,,"left IPEDS after HD2022 without a closing date; closed 2021-12-31 (FSA's closed-school file lists OPEID 02577900 (Santa Barbara Business College, Bakersfield, CA), matched by OPEID)"
R,santa-fe-university-of-art-and-design,retire,,"left IPEDS after HD2017 without a closing date; closed 2018-05-11 (FSA's closed-school file lists OPEID 00264900 (Santa Fe University of Art and Design, Santa Fe, NM), matched by OPEID)"
R,southwest-georgia-technical-college,301,https://gpacalculator.net/admissions/southern-regional-technical-college/,each IPEDS record with this name and city leads to UNITID 487162 (NEWID); Southern Regional Technical College already has a page
R,union-institute-university,retire,,"left IPEDS after HD2023 without a closing date; closed 2024-06-30 (FSA's closed-school file lists OPEID 01092300 (Union Institute & University, Cincinnati, OH), matched by OPEID)"
R,university-of-phoenix-colorado-campus,retire,,"each IPEDS record with this name and city leads to UNITID 484640 (NEWID); UNITID 484640 closed 11/21/2019 (IPEDS CLOSEDAT, HD2019)"
R,university-of-phoenix-harrisburg-campus,retire,,"left IPEDS after HD2013 without a closing date; closed 2014-12-02 (FSA's closed-school file lists OPEID 42098864 (University of Phoenix - Harrisburg Campus (C), Harrisburg, PA), matched by OPEID)"
R,university-of-phoenix-philadelphia-campus,retire,,"left IPEDS after HD2013 without a closing date; closed 2013-10-28 (FSA's closed-school file lists OPEID 42098852 (University of Phoenix - Philadelphia Campus (C), Wayne, PA), matched by OPEID)"
R,university-of-phoenix-pittsburgh-campus,retire,,"left IPEDS after HD2013 without a closing date; closed 2013-09-16 (FSA's closed-school file lists OPEID 42098861 (University of Phoenix - Pittsburgh Campus (C), Pittsburgh, PA), matched by OPEID)"
R,virginia-intermont-college,retire,,"left IPEDS after HD2013 without a closing date; closed 2014-04-29 (FSA's closed-school file lists OPEID 00375200 (Virginia Intermont College, Bristol, VA), matched by OPEID)"
R,virginia-marti-college-of-art-and-design,retire,,"left IPEDS after HD2023 without a closing date; closed 2024-08-18 (FSA's closed-school file lists OPEID 01289600 (North Coast College, The, Lakewood, OH), matched by OPEID)"
R,wentworth-military-academy-and-junior-college,retire,,"left IPEDS after HD2016 without a closing date; closed 2017-05-10 (FSA's closed-school file lists OPEID 00252200 (Wentworth Military Academy and College, Lexington, MO), matched by OPEID)"
R,west-virginia-junior-college-bridgeport,retire,,"not operating according to College Scorecard, no closing date in IPEDS (audit: unconfirmed); closed 2025-11-09 (FSA's closed-school file lists OPEID 01057302 (West Virginia Junior College - Bridgeport, Bridgeport, WV), matched by OPEID)"
R,wood-tobe-coburn-school,retire,,"no IPEDS directory since 2002 lists this name in this state; closed 2017-12-22 (FSA's closed-school file lists OPEID 00740500 (Wood Tobe - Coburn School, New York, NY), matched by name, city and state)"
R,wright-career-college,retire,,"left IPEDS after HD2016 without a closing date; closed 2016-04-15 (FSA's closed-school file lists OPEID 02590900 (Wright Career College, Overland Park, KS), matched by OPEID)"
