slug,post_title,ipeds_unitid,ipeds_name,college_city,college_state,college_control,college_level,adm_year,adm_open_admission,open_admission_year,adm_applicants,adm_admits,acceptance_rate,enrollment,enrollment_year,net_price,net_price_year,net_price_scope,applicants_submitting_sat,applicant_submitting_act,act_range,average_sat_score,average_sat_score_source,sat_reading_25,sat_reading_50,sat_reading_75,sat_math_25,sat_math_50,sat_math_75,act_composite_25,act_composite_50,act_composite_75,act_english_25,act_english_50,act_english_75,act_math_25,act_math_50,act_math_75,admission_requirements_test_scores,admission_requirements_high_school_gpa,admission_requirements_high_school_class_rank,admission_requirements_completion_of_college_preparatory_program,admission_requirements_recommendations,admission_requirements_demonstration_of_competencies,admission_requirements_secondary_school_record,admission_requirements_personal_statement_or_essay,admission_requirements_legacy_status,admission_requirements_work_experience,admission_requirements_other_test,ap_credit,credit_for_life_experiences,credits_year,sat_composite_25,sat_composite_75,sat_range,act_reading_25,act_reading_75,average_act_score,dual_credit,ipeds_release,scorecard_release
american-indian-college-of-the-assemblies-of-god-inc,American Indian College of the Assemblies of God Inc,,,,,,,,,,,,,,,,,,,,,,,,,,,,,,,,,,,,,,,,,,,,,,,,,,,,,,,,,,,,
aquinas-college-tn,Aquinas College,,,,,,,,,,,,,,,,,,,,,,,,,,,,,,,,,,,,,,,,,,,,,,,,,,,,,,,,,,,,
arizona-college-of-allied-health,Arizona College of Allied Health,,,,,,,,,,,,,,,,,,,,,,,,,,,,,,,,,,,,,,,,,,,,,,,,,,,,,,,,,,,,
ats-institute-of-technology,ATS Institute of Technology,,,,,,,,,,,,,,,,,,,,,,,,,,,,,,,,,,,,,,,,,,,,,,,,,,,,,,,,,,,,
bacone-college,Bacone College,,,,,,,,,,,,,,,,,,,,,,,,,,,,,,,,,,,,,,,,,,,,,,,,,,,,,,,,,,,,
baton-rouge-college,Baton Rouge College,,,,,,,,,,,,,,,,,,,,,,,,,,,,,,,,,,,,,,,,,,,,,,,,,,,,,,,,,,,,
bergin-college-of-canine-studies,Bergin College of Canine Studies,,,,,,,,,,,,,,,,,,,,,,,,,,,,,,,,,,,,,,,,,,,,,,,,,,,,,,,,,,,,
beth-hatalmud-rabbinical-college,Beth Hatalmud Rabbinical College,,,,,,,,,,,,,,,,,,,,,,,,,,,,,,,,,,,,,,,,,,,,,,,,,,,,,,,,,,,,
bethel-college,Bethel College,,,,,,,,,,,,,,,,,,,,,,,,,,,,,,,,,,,,,,,,,,,,,,,,,,,,,,,,,,,,
bridgemont-community-and-technical-college,Bridgemont Community and Technical College,,,,,,,,,,,,,,,,,,,,,,,,,,,,,,,,,,,,,,,,,,,,,,,,,,,,,,,,,,,,
california-arts-university,California Arts University,,,,,,,,,,,,,,,,,,,,,,,,,,,,,,,,,,,,,,,,,,,,,,,,,,,,,,,,,,,,
california-university-of-management-and-sciences,California University of Management and Sciences,,,,,,,,,,,,,,,,,,,,,,,,,,,,,,,,,,,,,,,,,,,,,,,,,,,,,,,,,,,,
capital-area-technical-college-baton-rouge-campus,Capital Area Technical College Baton Rouge Campus,,,,,,,,,,,,,,,,,,,,,,,,,,,,,,,,,,,,,,,,,,,,,,,,,,,,,,,,,,,,
carver-bible-college,Carver Bible College,,,,,,,,,,,,,,,,,,,,,,,,,,,,,,,,,,,,,,,,,,,,,,,,,,,,,,,,,,,,
central-baptist-theological-seminary,Central Baptist Theological Seminary,,,,,,,,,,,,,,,,,,,,,,,,,,,,,,,,,,,,,,,,,,,,,,,,,,,,,,,,,,,,
centura-college-chesapeake,Centura College Chesapeake,,,,,,,,,,,,,,,,,,,,,,,,,,,,,,,,,,,,,,,,,,,,,,,,,,,,,,,,,,,,
christian-life-college,Christian Life College,,,,,,,,,,,,,,,,,,,,,,,,,,,,,,,,,,,,,,,,,,,,,,,,,,,,,,,,,,,,
computer-career-center,Computer Career Center,,,,,,,,,,,,,,,,,,,,,,,,,,,,,,,,,,,,,,,,,,,,,,,,,,,,,,,,,,,,
court-reporting-institute-of-louisiana,Court Reporting Institute of Louisiana,,,,,,,,,,,,,,,,,,,,,,,,,,,,,,,,,,,,,,,,,,,,,,,,,,,,,,,,,,,,
crossroads-bible-college,Crossroads Bible College,,,,,,,,,,,,,,,,,,,,,,,,,,,,,,,,,,,,,,,,,,,,,,,,,,,,,,,,,,,,
dellarte-international-school-of-physical-theatre,Dell'Arte International School of Physical Theatre,,,,,,,,,,,,,,,,,,,,,,,,,,,,,,,,,,,,,,,,,,,,,,,,,,,,,,,,,,,,
delta-school-of-business-and-technology,Delta School of Business and Technology,,,,,,,,,,,,,,,,,,,,,,,,,,,,,,,,,,,,,,,,,,,,,,,,,,,,,,,,,,,,
fairfax-university-of-america,Fairfax University of America,,,,,,,,,,,,,,,,,,,,,,,,,,,,,,,,,,,,,,,,,,,,,,,,,,,,,,,,,,,,
georgia-christian-university,Georgia Christian University,,,,,,,,,,,,,,,,,,,,,,,,,,,,,,,,,,,,,,,,,,,,,,,,,,,,,,,,,,,,
horizon-college-san-diego,Horizon College San Diego,,,,,,,,,,,,,,,,,,,,,,,,,,,,,,,,,,,,,,,,,,,,,,,,,,,,,,,,,,,,
institute-of-lutheran-theology,Institute of Lutheran Theology,,,,,,,,,,,,,,,,,,,,,,,,,,,,,,,,,,,,,,,,,,,,,,,,,,,,,,,,,,,,
kanawha-valley-community-and-technical-college,Kanawha Valley Community and Technical College,,,,,,,,,,,,,,,,,,,,,,,,,,,,,,,,,,,,,,,,,,,,,,,,,,,,,,,,,,,,
kaplan-university-davenport-campus,Purdue Global Davenport Campus,,,,,,,,,,,,,,,,,,,,,,,,,,,,,,,,,,,,,,,,,,,,,,,,,,,,,,,,,,,,
kol-yaakov-torah-center,Kol Yaakov Torah Center,,,,,,,,,,,,,,,,,,,,,,,,,,,,,,,,,,,,,,,,,,,,,,,,,,,,,,,,,,,,
lakewood-university,Lakewood University,,,,,,,,,,,,,,,,,,,,,,,,,,,,,,,,,,,,,,,,,,,,,,,,,,,,,,,,,,,,
maple-springs-baptist-bible-college-and-seminary,Maple Springs Baptist Bible College and Seminary,,,,,,,,,,,,,,,,,,,,,,,,,,,,,,,,,,,,,,,,,,,,,,,,,,,,,,,,,,,,
michigan-jewish-institute,Michigan Jewish Institute,,,,,,,,,,,,,,,,,,,,,,,,,,,,,,,,,,,,,,,,,,,,,,,,,,,,,,,,,,,,
midwestern-university,Midwestern University,,,,,,,,,,,,,,,,,,,,,,,,,,,,,,,,,,,,,,,,,,,,,,,,,,,,,,,,,,,,
miller-motte-college,Miller Motte College,,,,,,,,,,,,,,,,,,,,,,,,,,,,,,,,,,,,,,,,,,,,,,,,,,,,,,,,,,,,
national-college-lexington,National College Lexington,,,,,,,,,,,,,,,,,,,,,,,,,,,,,,,,,,,,,,,,,,,,,,,,,,,,,,,,,,,,
national-college-youngstown,National College Youngstown,,,,,,,,,,,,,,,,,,,,,,,,,,,,,,,,,,,,,,,,,,,,,,,,,,,,,,,,,,,,
pacific-states-university,Pacific States University,,,,,,,,,,,,,,,,,,,,,,,,,,,,,,,,,,,,,,,,,,,,,,,,,,,,,,,,,,,,
polytechnic-university-of-puerto-rico-miami-campus,Polytechnic University of Puerto Rico Miami Campus,,,,,,,,,,,,,,,,,,,,,,,,,,,,,,,,,,,,,,,,,,,,,,,,,,,,,,,,,,,,
rabbinical-college-of-chsan-sofer-new-york,Rabbinical College of Ch'san Sofer New York,,,,,,,,,,,,,,,,,,,,,,,,,,,,,,,,,,,,,,,,,,,,,,,,,,,,,,,,,,,,
reformed-university,Reformed University,,,,,,,,,,,,,,,,,,,,,,,,,,,,,,,,,,,,,,,,,,,,,,,,,,,,,,,,,,,,
san-joaquin-valley-college-online,San Joaquin Valley College Online,,,,,,,,,,,,,,,,,,,,,,,,,,,,,,,,,,,,,,,,,,,,,,,,,,,,,,,,,,,,
santa-barbara-business-college-ventura,Santa Barbara Business College Ventura,,,,,,,,,,,,,,,,,,,,,,,,,,,,,,,,,,,,,,,,,,,,,,,,,,,,,,,,,,,,
southeast-culinary-and-hospitality-college,Southeast Culinary &amp; Hospitality College,,,,,,,,,,,,,,,,,,,,,,,,,,,,,,,,,,,,,,,,,,,,,,,,,,,,,,,,,,,,
st-marys-seminary-and-university,St. Mary's Seminary & University,,,,,,,,,,,,,,,,,,,,,,,,,,,,,,,,,,,,,,,,,,,,,,,,,,,,,,,,,,,,
the-college-of-saint-thomas-more,The College of Saint Thomas More,,,,,,,,,,,,,,,,,,,,,,,,,,,,,,,,,,,,,,,,,,,,,,,,,,,,,,,,,,,,
the-continents-states-university,The Continents States University,,,,,,,,,,,,,,,,,,,,,,,,,,,,,,,,,,,,,,,,,,,,,,,,,,,,,,,,,,,,
the-university-of-america,The University of America,,,,,,,,,,,,,,,,,,,,,,,,,,,,,,,,,,,,,,,,,,,,,,,,,,,,,,,,,,,,
the-university-of-texas-at-brownsville,The University of Texas at Brownsville,,,,,,,,,,,,,,,,,,,,,,,,,,,,,,,,,,,,,,,,,,,,,,,,,,,,,,,,,,,,
university-of-phoenix-idaho-campus,University of Phoenix Idaho Campus,,,,,,,,,,,,,,,,,,,,,,,,,,,,,,,,,,,,,,,,,,,,,,,,,,,,,,,,,,,,
w-l-bonner-college,W L Bonner College,,,,,,,,,,,,,,,,,,,,,,,,,,,,,,,,,,,,,,,,,,,,,,,,,,,,,,,,,,,,
wichita-area-technical-college,Wichita Area Technical College,,,,,,,,,,,,,,,,,,,,,,,,,,,,,,,,,,,,,,,,,,,,,,,,,,,,,,,,,,,,
yellowstone-christian-college,Yellowstone Christian College,,,,,,,,,,,,,,,,,,,,,,,,,,,,,,,,,,,,,,,,,,,,,,,,,,,,,,,,,,,,
yeshivat-mikdash-melech,Yeshivat Mikdash Melech,,,,,,,,,,,,,,,,,,,,,,,,,,,,,,,,,,,,,,,,,,,,,,,,,,,,,,,,,,,,
