survivor,field,value,from_slug,check
louisiana-delta-community-college,admission_requirements_completion_of_college_preparatory_program,Not applicable,louisiana-delta-community-college-monroe-campus,open admission in IPEDS
louisiana-delta-community-college,admission_requirements_demonstration_of_competencies,Not applicable,louisiana-delta-community-college-monroe-campus,open admission in IPEDS
louisiana-delta-community-college,admission_requirements_high_school_class_rank,Not applicable,louisiana-delta-community-college-monroe-campus,open admission in IPEDS
louisiana-delta-community-college,admission_requirements_high_school_gpa,Not applicable,louisiana-delta-community-college-monroe-campus,open admission in IPEDS
louisiana-delta-community-college,admission_requirements_recommendations,Not applicable,louisiana-delta-community-college-monroe-campus,open admission in IPEDS
louisiana-delta-community-college,admission_requirements_test_scores,Not applicable,louisiana-delta-community-college-monroe-campus,open admission in IPEDS
louisiana-delta-community-college,ap_credit,Yes,louisiana-delta-community-college-monroe-campus,IPEDS ap_credit: Yes
louisiana-delta-community-college,credit_for_life_experiences,Yes,louisiana-delta-community-college-monroe-campus,IPEDS life_experience_credit: Yes
louisiana-delta-community-college,dual_credit,Yes,louisiana-delta-community-college-monroe-campus,not in the Phase 1 data
georgia-military-college,admission_requirements_completion_of_college_preparatory_program,Not applicable,georgia-military-college-milledgeville-campus,open admission in IPEDS
georgia-military-college,admission_requirements_demonstration_of_competencies,Not applicable,georgia-military-college-milledgeville-campus,open admission in IPEDS
georgia-military-college,admission_requirements_high_school_class_rank,Not applicable,georgia-military-college-milledgeville-campus,open admission in IPEDS
georgia-military-college,admission_requirements_high_school_gpa,Not applicable,georgia-military-college-milledgeville-campus,open admission in IPEDS
georgia-military-college,admission_requirements_recommendations,Not applicable,georgia-military-college-milledgeville-campus,open admission in IPEDS
georgia-military-college,admission_requirements_test_scores,Not applicable,georgia-military-college-milledgeville-campus,open admission in IPEDS
georgia-military-college,ap_credit,Yes,georgia-military-college-milledgeville-campus,IPEDS ap_credit: Yes
georgia-military-college,dual_credit,Yes,georgia-military-college-milledgeville-campus,not in the Phase 1 data
texas-state-technical-college,admission_requirements_completion_of_college_preparatory_program,Not applicable,texas-state-technical-college-waco,open admission in IPEDS
texas-state-technical-college,admission_requirements_demonstration_of_competencies,Not applicable,texas-state-technical-college-waco,open admission in IPEDS
texas-state-technical-college,admission_requirements_high_school_class_rank,Not applicable,texas-state-technical-college-waco,open admission in IPEDS
texas-state-technical-college,admission_requirements_high_school_gpa,Not applicable,texas-state-technical-college-waco,open admission in IPEDS
texas-state-technical-college,admission_requirements_recommendations,Not applicable,texas-state-technical-college-waco,open admission in IPEDS
texas-state-technical-college,admission_requirements_test_scores,Not applicable,texas-state-technical-college-waco,open admission in IPEDS
texas-state-technical-college,ap_credit,Yes,texas-state-technical-college-waco,IPEDS ap_credit: Yes
texas-state-technical-college,credit_for_life_experiences,Yes,texas-state-technical-college-waco,IPEDS life_experience_credit: Yes
texas-state-technical-college,dual_credit,Yes,texas-state-technical-college-waco,not in the Phase 1 data
