slug,unitid,old_title,new_title,kind,former_name,evidence
adams-state-college,126182,Adams State College,Adams State University,former name,Adams State College,IPEDS 2005-2011: Adams State College; 2024: Adams State University
adirondack-community-college,188438,Adirondack Community College,SUNY Adirondack,former name,Adirondack Community College,IPEDS 2005-2019: Adirondack Community College; 2024: SUNY Adirondack
ameritech-college-draper,447263,AmeriTech College Draper,Joyce University of Nursing and Health Sciences,former name,AmeriTech College Draper,IPEDS 2010-2021: AmeriTech College-Draper; 2024: Joyce University of Nursing and Health Sciences
anoka-ramsey-community-college,172963,Anoka Ramsey Community College,Anoka-Ramsey Community College,punctuation,,IPEDS 2024: Anoka-Ramsey Community College
arkansas-state-university-main-campus,106458,Arkansas State University Main Campus,Arkansas State University,campus name,,IPEDS 2005-2019: Arkansas State University-Main Campus; 2024: Arkansas State University
arlington-baptist-college,222877,Arlington Baptist College,Arlington Baptist University,former name,Arlington Baptist College,IPEDS 2005-2016: Arlington Baptist College; 2024: Arlington Baptist University
asheville-buncombe-technical-community-college,197887,Asheville Buncombe Technical Community College,Asheville-Buncombe Technical Community College,punctuation,,IPEDS 2024: Asheville-Buncombe Technical Community College
assumption-college,164562,Assumption College,Assumption University,former name,Assumption College,IPEDS 2005-2019: Assumption College; 2024: Assumption University
atlanta-metropolitan-college,138901,Atlanta Metropolitan College,Atlanta Metropolitan State College,former name,Atlanta Metropolitan College,IPEDS 2005-2011: Atlanta Metropolitan College; 2024: Atlanta Metropolitan State College
augsburg-college,173045,Augsburg College,Augsburg University,former name,Augsburg College,IPEDS 2005-2016: Augsburg College; 2024: Augsburg University
aviation-institute-of-maintenance-chesapeake,427973,Aviation Institute of Maintenance Chesapeake,Aviation Institute of Maintenance Norfolk,campus name,,IPEDS 2008-2019: Aviation Institute of Maintenance-Chesapeake; 2024: Aviation Institute of Maintenance-Norfolk
azusa-pacific-online-university,474863,Azusa Pacific Online University,Los Angeles Pacific University,former name,Azusa Pacific Online University,IPEDS 2011-2013: Azusa Pacific Online University; 2024: Los Angeles Pacific University
baldwin-wallace-college,201195,Baldwin Wallace College,Baldwin Wallace University,former name,Baldwin-Wallace College,IPEDS 2005-2011: Baldwin-Wallace College; 2024: Baldwin Wallace University
baptist-bible-college-and-graduate-school,176664,Baptist Bible College and Graduate School,Mission University,former name,Baptist Bible College and Graduate School,IPEDS 2005-2011: Baptist Bible College and Graduate School; 2024: Mission University
baptist-memorial-college-of-health-sciences,219639,Baptist Memorial College of Health Sciences,Baptist Health Sciences University,former name,Baptist Memorial College of Health Sciences,IPEDS 2005-2019: Baptist Memorial College of Health Sciences; 2024: Baptist Health Sciences University
bel-rea-institute-of-animal-technology,126359,Bel Rea Institute of Animal Technology,Bel-Rea Institute of Animal Technology,punctuation,,IPEDS 2024: Bel-Rea Institute of Animal Technology
belmont-technical-college,201283,Belmont Technical College,Belmont College,former name,Belmont Technical College,IPEDS 2005-2011: Belmont Technical College; 2024: Belmont College
benjamin-franklin-institute-of-technology,165884,Benjamin Franklin Institute of Technology,Benjamin Franklin Cummings Institute of Technology,former name,Benjamin Franklin Institute of Technology,IPEDS 2005-2021: Benjamin Franklin Institute of Technology; 2024: Benjamin Franklin Cummings Institute of Technology
bennett-college-for-women,197993,Bennett College for Women,Bennett College,former name,Bennett College for Women,IPEDS 2005-2012: Bennett College for Women; 2024: Bennett College
berks-technical-institute,213534,Berks Technical Institute,Miller-Motte College Berks Technical Institute,former name,Berks Technical Institute,IPEDS 2005-2017: Berks Technical Institute; 2024: Miller-Motte College-Berks Technical Institute
bethel-college-mishawaka,150145,Bethel College Mishawaka,Bethel University,former name,Bethel College Mishawaka,IPEDS 2010-2011: Bethel College-Mishawaka; 2024: Bethel University
bethesda-university-of-california,110060,Bethesda University of California,Bethesda University,campus name,,IPEDS 2011-2013: Bethesda University of California; 2024: Bethesda University
bethune-cookman-university,132602,Bethune Cookman University,Bethune-Cookman University,punctuation,,IPEDS 2024: Bethune-Cookman University
bloomfield-college,183822,Bloomfield College,Bloomfield College of Montclair State University,former name,Bloomfield College,IPEDS 2005-2023: Bloomfield College; 2024: Bloomfield College of Montclair State University
blue-mountain-college,175430,Blue Mountain College,Blue Mountain Christian University,former name,Blue Mountain College,IPEDS 2005-2021: Blue Mountain College; 2024: Blue Mountain Christian University
bluefield-college,231554,Bluefield College,Bluefield University,former name,Bluefield College,IPEDS 2005-2020: Bluefield College; 2024: Bluefield University
bluefield-state-college,237215,Bluefield State College,Bluefield State University,former name,Bluefield State College,IPEDS 2005-2021: Bluefield State College; 2024: Bluefield State University
brewton-parker-college,139205,Brewton Parker College,Brewton-Parker College,punctuation,,IPEDS 2024: Brewton-Parker College
broome-community-college,189547,Broome Community College,SUNY Broome Community College,former name,Broome Community College,IPEDS 2005-2012: Broome Community College; 2024: SUNY Broome Community College
bryanlgh-college-of-health-sciences,180878,BryanLGH College of Health Sciences,Bryan College of Health Sciences,former name,BryanLGH College of Health Sciences,IPEDS 2005-2011: BryanLGH College of Health Sciences; 2024: Bryan College of Health Sciences
burlington-county-college,183877,Burlington County College,Rowan College at Burlington County,former name,Burlington County College,IPEDS 2005-2014: Burlington County College; 2024: Rowan College at Burlington County
byu,230038,Brigham Young University Provo,Brigham Young University,campus name,,IPEDS 2010-2019: Brigham Young University-Provo; 2024: Brigham Young University
california-maritime-academy,111188,California Maritime Academy,California State University Maritime Academy,former name,California Maritime Academy,IPEDS 2005-2013: California Maritime Academy; 2024: California State University Maritime Academy
calvary-bible-college-and-theological-seminary,176789,Calvary Bible College and Theological Seminary,Calvary University,former name,Calvary Bible College and Theological Seminary,IPEDS 2005-2015: Calvary Bible College and Theological Seminary; 2024: Calvary University
calvin,169080,Calvin College,Calvin University,former name,Calvin College,IPEDS 2005-2018: Calvin College; 2024: Calvin University
canisius-college,189705,Canisius College,Canisius University,former name,Canisius College,IPEDS 2005-2022: Canisius College; 2024: Canisius University
capitol-college,162061,Capitol College,Capitol Technology University,former name,Capitol College,IPEDS 2005-2013: Capitol College; 2024: Capitol Technology University
carlos-albizu-university-miami,132842,Carlos Albizu University Miami,Albizu University Miami,former name,Carlos Albizu University Miami,IPEDS 2010-2019: Carlos Albizu University-Miami; 2024: Albizu University-Miami
carolina-bible-college,461032,Carolina Bible College,Carolina College of Biblical Studies,former name,Carolina Bible College,IPEDS 2011: Carolina Bible College; 2024: Carolina College of Biblical Studies
carson-newman-college,219806,Carson Newman College,Carson-Newman University,former name,Carson-Newman College,IPEDS 2005-2011: Carson-Newman College; 2024: Carson-Newman University
cascadia-community-college,439190,Cascadia Community College,Cascadia College,former name,Cascadia Community College,IPEDS 2005-2013: Cascadia Community College; 2024: Cascadia College
cbt-college-cutler-bay,456977,CBT College Cutler Bay,CBT Technology Institute Cutler Bay,former name,CBT College Cutler Bay,IPEDS 2011-2013: CBT College-Cutler Bay; 2024: CBT Technology Institute-Cutler Bay
central-louisiana-technical-college-alexandria-campus,158088,Central Louisiana Technical College Alexandria Campus,Central Louisiana Technical Community College,former name,Central Louisiana Technical College Alexandria Campus,IPEDS 2010-2011: Central Louisiana Technical College-Alexandria Campus; 2024: Central Louisiana Technical Community College
central-maine-medical-center-college-of-nursing-and-health-professions,161022,Central Maine Medical Center College of Nursing and Health Professions,Maine College of Health Professions,former name,Central Maine Medical Center College of Nursing and Health Professions,IPEDS 2007-2013: Central Maine Medical Center College of Nursing and Health Professions; 2024: Maine College of Health Professions
century-community-and-technical-college,175315,Century Community and Technical College,Century College,former name,Century Community and Technical College,IPEDS 2005-2011: Century Community and Technical College; 2024: Century College
chamberlain-college-of-nursing-arizona,454245,Chamberlain College of Nursing Arizona,Chamberlain University Arizona,former name,Chamberlain College of Nursing Arizona,IPEDS 2011-2016: Chamberlain College of Nursing-Arizona; 2024: Chamberlain University-Arizona
chamberlain-college-of-nursing-florida,457129,Chamberlain College of Nursing Florida,Chamberlain University Florida,former name,Chamberlain College of Nursing Florida,IPEDS 2011-2016: Chamberlain College of Nursing-Florida; 2024: Chamberlain University-Florida
chamberlain-college-of-nursing-illinois,454227,Chamberlain College of Nursing Illinois,Chamberlain University Illinois,former name,Chamberlain College of Nursing Illinois,IPEDS 2011-2016: Chamberlain College of Nursing-Illinois; 2024: Chamberlain University-Illinois
chamberlain-college-of-nursing-missouri,466921,Chamberlain College of Nursing Missouri,Chamberlain University Missouri,former name,Chamberlain College of Nursing Missouri,IPEDS 2011-2016: Chamberlain College of Nursing-Missouri; 2024: Chamberlain University-Missouri
chamberlain-college-of-nursing-ohio,454236,Chamberlain College of Nursing Ohio,Chamberlain University Ohio,former name,Chamberlain College of Nursing Ohio,IPEDS 2011-2016: Chamberlain College of Nursing-Ohio; 2024: Chamberlain University-Ohio
chamberlain-college-of-nursing-texas,466930,Chamberlain College of Nursing Texas,Chamberlain University Texas,former name,Chamberlain College of Nursing Texas,IPEDS 2011-2016: Chamberlain College of Nursing-Texas; 2024: Chamberlain University-Texas
chamberlain-college-of-nursing-virginia,460871,Chamberlain College of Nursing Virginia,Chamberlain University Virginia,former name,Chamberlain College of Nursing Virginia,IPEDS 2011-2016: Chamberlain College of Nursing-Virginia; 2024: Chamberlain University-Virginia
charter-college-anchorage,102845,Charter College Anchorage,Charter College,campus name,,IPEDS 2010-2015: Charter College-Anchorage; 2024: Charter College
city-colleges-of-chicago-kennedy-king-college,144157,City Colleges of Chicago Kennedy King College,City Colleges of Chicago Kennedy-King College,punctuation,,IPEDS 2024: City Colleges of Chicago-Kennedy-King College
city-colleges-of-chicago-olive-harvey-college,144175,City Colleges of Chicago Olive Harvey College,City Colleges of Chicago Olive-Harvey College,punctuation,,IPEDS 2024: City Colleges of Chicago-Olive-Harvey College
clark-state-community-college,201973,Clark State Community College,Clark State College,former name,Clark State Community College,IPEDS 2005-2020: Clark State Community College; 2024: Clark State College
cleveland-chiropractic-college,177038,Cleveland Chiropractic College,Cleveland University Kansas City,former name,Cleveland Chiropractic College,IPEDS 2011-2012: Cleveland Chiropractic College; 2024: Cleveland University-Kansas City
clinton-junior-college,217891,Clinton Junior College,Clinton College,former name,Clinton Junior College,IPEDS 2005-2012: Clinton Junior College; 2024: Clinton College
cogswell-college,112394,Cogswell College,University of Silicon Valley,former name,Cogswell College,IPEDS 2011-2019: Cogswell College; 2024: University of Silicon Valley
coker-college,217907,Coker College,Coker University,former name,Coker College,IPEDS 2005-2018: Coker College; 2024: Coker University
colby-sawyer-college,182634,Colby Sawyer College,Colby-Sawyer College,punctuation,,IPEDS 2024: Colby-Sawyer College
college-of-business-and-technology-flagler,449083,College of Business and Technology Flagler,CBT Technology Institute,former name,College of Business and Technology Flagler,IPEDS 2010-2017: College of Business and Technology-Flagler; 2024: CBT Technology Institute-Main Campus
college-of-business-and-technology-hialeah,449092,College of Business and Technology Hialeah,CBT Technology Institute Hialeah,former name,College of Business and Technology Hialeah,IPEDS 2010-2020: College of Business and Technology-Hialeah; 2024: CBT Technology Institute-Hialeah
college-of-mount-saint-vincent,193399,College of Mount Saint Vincent,University of Mount Saint Vincent,former name,College of Mount Saint Vincent,IPEDS 2005-2022: College of Mount Saint Vincent; 2024: University of Mount Saint Vincent
college-of-mount-st-joseph,204200,College of Mount St. Joseph,Mount St. Joseph University,former name,College of Mount St. Joseph,IPEDS 2013: College of Mount St Joseph; 2024: Mount St. Joseph University
college-of-saint-elizabeth,186618,College of Saint Elizabeth,Saint Elizabeth University,former name,College of Saint Elizabeth,IPEDS 2005-2019: College of Saint Elizabeth; 2024: Saint Elizabeth University
college-of-the-ouachitas,107521,College of the Ouachitas,Arkansas State University Three Rivers,former name,College of the Ouachitas,IPEDS 2011-2018: College of the Ouachitas; 2024: Arkansas State University Three Rivers
columbia-greene-community-college,190169,Columbia Greene Community College,Columbia-Greene Community College,punctuation,,IPEDS 2024: Columbia-Greene Community College
concordia-university-seward,180984,Concordia University Seward,Concordia University Nebraska,campus name,,IPEDS 2010-2012: Concordia University-Seward; 2024: Concordia University-Nebraska
converse,217961,Converse College,Converse University,former name,Converse College,IPEDS 2005-2020: Converse College; 2024: Converse University
copiah-lincoln-community-college,175573,Copiah Lincoln Community College,Copiah-Lincoln Community College,punctuation,,IPEDS 2024: Copiah-Lincoln Community College
corning-community-college,190442,Corning Community College,SUNY Corning Community College,former name,Corning Community College,IPEDS 2005-2018: Corning Community College; 2024: SUNY Corning Community College
crouse-hospital-college-of-nursing,190451,Crouse Hospital College of Nursing,Pomeroy College of Nursing at Crouse Hospital,former name,Crouse Hospital College of Nursing,IPEDS 2011-2014: Crouse Hospital College of Nursing; 2024: Pomeroy College of Nursing at Crouse Hospital
culver-stockton-college,177144,Culver Stockton College,Culver-Stockton College,punctuation,,IPEDS 2024: Culver-Stockton College
cumberland-county-college,184205,Cumberland County College,Rowan College of South Jersey Cumberland Campus,former name,Cumberland County College,IPEDS 2005-2020: Cumberland County College; 2024: Rowan College of South Jersey-Cumberland Campus
dabney-s-lancaster-community-college,231873,Dabney S Lancaster Community College,Mountain Gateway Community College,former name,Dabney S Lancaster Community College,IPEDS 2005-2021: Dabney S Lancaster Community College; 2024: Mountain Gateway Community College
daemen-college,190725,Daemen College,Daemen University,former name,Daemen College,IPEDS 2005-2020: Daemen College; 2024: Daemen University
davidson-county-community-college,198376,Davidson County Community College,Davidson-Davie Community College,former name,Davidson County Community College,IPEDS 2005-2020: Davidson County Community College; 2024: Davidson-Davie Community College
delaware-technical-and-community-college-terry,130907,Delaware Technical and Community College Terry,Delaware Technical Community College Terry,former name,Delaware Technical and Community College Terry,IPEDS 2005-2010: Delaware Technical and Community College-Terry; 2024: Delaware Technical Community College-Terry
denver-school-of-nursing,454856,Denver School of Nursing,Denver College of Nursing,former name,Denver School of Nursing,IPEDS 2009-2016: Denver School of Nursing; 2024: Denver College of Nursing
dixie-state-college-of-utah,230171,Dixie State College of Utah,Utah Tech University,former name,Dixie State College of Utah,IPEDS 2005-2011: Dixie State College of Utah; 2024: Utah Tech University
dominican-college-of-blauvelt,190761,Dominican College of Blauvelt,Dominican University New York,former name,Dominican College of Blauvelt,IPEDS 2005-2021: Dominican College of Blauvelt; 2024: Dominican University New York
dordt-college,153250,Dordt College,Dordt University,former name,Dordt College,IPEDS 2005-2018: Dordt College; 2024: Dordt University
dyouville-college,190716,D'Youville College,D'Youville University,former name,D'Youville College,IPEDS 2005-2021: D'Youville College; 2024: D'Youville University
east-georgia-college,139621,East Georgia College,East Georgia State College,former name,East Georgia College,IPEDS 2005-2011: East Georgia College; 2024: East Georgia State College
east-west-university,144883,East West University,East-West University,punctuation,,IPEDS 2024: East-West University
eastern-idaho-technical-college,142179,Eastern Idaho Technical College,College of Eastern Idaho,former name,Eastern Idaho Technical College,IPEDS 2005-2016: Eastern Idaho Technical College; 2024: College of Eastern Idaho
eastern-new-mexico-university-ruidoso-campus,383996,Eastern New Mexico University Ruidoso Campus,Eastern New Mexico University Ruidoso Branch Community College,former name,Eastern New Mexico University Ruidoso Campus,IPEDS 2010-2017: Eastern New Mexico University-Ruidoso Campus; 2024: Eastern New Mexico University Ruidoso Branch Community College
edmonds-community-college,235103,Edmonds Community College,Edmonds College,former name,Edmonds Community College,IPEDS 2005-2019: Edmonds Community College; 2024: Edmonds College
edward-waters-college,133526,Edward Waters College,Edward Waters University,former name,Edward Waters College,IPEDS 2005-2020: Edward Waters College; 2024: Edward Waters University
el-camino-college-compton-center,112686,El Camino College Compton Center,Compton College,former name,El Camino College Compton Center,IPEDS 2006-2017: El Camino College-Compton Center; 2024: Compton College
ellis-school-of-nursing,190956,Ellis School of Nursing,Belanger School of Nursing,former name,Ellis School of Nursing,IPEDS 2009-2012: Ellis School of Nursing; 2024: Belanger School of Nursing
elmhurst-college,144962,Elmhurst College,Elmhurst University,former name,Elmhurst College,IPEDS 2005-2019: Elmhurst College; 2024: Elmhurst University
embry-riddle,133553,Embry Riddle Aeronautical University Daytona Beach,Embry-Riddle Aeronautical University Daytona Beach,punctuation,,IPEDS 2024: Embry-Riddle Aeronautical University-Daytona Beach
embry-riddle-aeronautical-university-worldwide,426314,Embry Riddle Aeronautical University Worldwide,Embry-Riddle Aeronautical University Worldwide,punctuation,,IPEDS 2024: Embry-Riddle Aeronautical University-Worldwide
embry-riddle-prescott,104586,Embry Riddle Aeronautical University Prescott,Embry-Riddle Aeronautical University Prescott,punctuation,,IPEDS 2024: Embry-Riddle Aeronautical University-Prescott
emmanuel-college-ga,139630,Emmanuel College,Emmanuel University,former name,Emmanuel College,IPEDS 2005-2022: Emmanuel College; 2024: Emmanuel University
emory-and-henry-college,232025,Emory and Henry College,Emory & Henry University,former name,Emory and Henry College,IPEDS 2012-2022: Emory & Henry College; 2024: Emory & Henry University
epic-bible-college,124487,Epic Bible College,Epic Bible College & Graduate School,former name,Epic Bible College,IPEDS 2010-2020: Epic Bible College; 2024: Epic Bible College & Graduate School
fairleigh-dickinson-university-college-at-florham,184694,Fairleigh Dickinson University College at Florham,Fairleigh Dickinson University Florham Campus,former name,Fairleigh Dickinson University College at Florham,IPEDS 2005-2015: Fairleigh Dickinson University-College at Florham; 2024: Fairleigh Dickinson University-Florham Campus
faith-evangelical-college-and-seminary,443049,Faith Evangelical College & Seminary,Faith International University,former name,Faith Evangelical College & Seminary,IPEDS 2010-2015: Faith Evangelical College & Seminary; 2024: Faith International University
family-of-faith-college,443058,Family of Faith College,Family of Faith Christian University,former name,Family of Faith College,IPEDS 2005-2015: Family of Faith College; 2024: Family of Faith Christian University
felician-college,184612,Felician College,Felician University,former name,Felician College,IPEDS 2005-2014: Felician College; 2024: Felician University
fine-mortuary-college-llc,436599,FINE Mortuary College LLC,FINE Mortuary College,name form,,IPEDS 2006-2012: FINE Mortuary College LLC; 2024: FINE Mortuary College
flagler-college-st-augustine,133711,Flagler College St Augustine,Flagler College,campus name,,IPEDS 2010-2019: Flagler College-St Augustine; 2024: Flagler College
florence-darlington-technical-college,218025,Florence Darlington Technical College,Florence-Darlington Technical College,punctuation,,IPEDS 2024: Florence-Darlington Technical College
florida-hospital-college-of-health-sciences,133872,Florida Hospital College of Health Sciences,AdventHealth University,former name,Florida Hospital College of Health Sciences,IPEDS 2005-2011: Florida Hospital College of Health Sciences; 2024: AdventHealth University
florida-keys-community-college,133960,Florida Keys Community College,The College of the Florida Keys,former name,Florida Keys Community College,IPEDS 2005-2018: Florida Keys Community College; 2024: The College of the Florida Keys
fort-belknap-college,180203,Fort Belknap College,Aaniiih Nakoda College,former name,Fort Belknap College,IPEDS 2005-2011: Fort Belknap College; 2024: Aaniiih Nakoda College
fort-berthold-community-college,200086,Fort Berthold Community College,Nueta Hidatsa Sahnish College,former name,Fort Berthold Community College,IPEDS 2005-2014: Fort Berthold Community College; 2024: Nueta Hidatsa Sahnish College
fortis-college-centeville,205179,Fortis College Centeville,Fortis College Centerville,name form,,IPEDS 2010: Fortis College-Centeville; 2024: Fortis College-Centerville
fortis-college-fl,439792,Fortis College,Fortis College Orange Park,campus name,,IPEDS 2009-2012: Fortis College; 2024: Fortis College-Orange Park
fortis-college-ga,372921,Fortis College,Fortis College Smyrna,campus name,,IPEDS 2011-2012: Fortis College; 2024: Fortis College-Smyrna
fox-college-inc,145239,Fox College Inc,Fox College,name form,,IPEDS 2005-2012: Fox College Inc; 2024: Fox College
free-will-baptist-bible-college,220206,Free Will Baptist Bible College,Welch College,former name,Free Will Baptist Bible College,IPEDS 2005-2011: Free Will Baptist Bible College; 2024: Welch College
freed-hardeman-university,220215,Freed Hardeman University,Freed-Hardeman University,punctuation,,IPEDS 2024: Freed-Hardeman University
fulton-montgomery-community-college,191302,Fulton Montgomery Community College,Fulton-Montgomery Community College,punctuation,,IPEDS 2024: Fulton-Montgomery Community College
gardner-webb-university,198561,Gardner Webb University,Gardner-Webb University,punctuation,,IPEDS 2024: Gardner-Webb University
george-c-wallace-state-community-college-dothan,101286,George C Wallace State Community College Dothan,George C Wallace Community College Dothan,former name,George C Wallace State Community College Dothan,IPEDS 2010-2015: George C Wallace State Community College-Dothan; 2024: George C Wallace Community College-Dothan
glenville-state-college,237385,Glenville State College,Glenville State University,former name,Glenville State College,IPEDS 2005-2020: Glenville State College; 2024: Glenville State University
gloucester-county-college,184791,Gloucester County College,Rowan College of South Jersey Gloucester Campus,former name,Gloucester County College,IPEDS 2005-2013: Gloucester County College; 2024: Rowan College of South Jersey-Gloucester Campus
goldey-beacom-college,130989,Goldey Beacom College,Goldey-Beacom College,punctuation,,IPEDS 2024: Goldey-Beacom College
goodwin-college,129154,Goodwin College,Goodwin University,former name,Goodwin College,IPEDS 2005-2019: Goodwin College; 2024: Goodwin University
gordon-college-ga,139968,Gordon College,Gordon State College,former name,Gordon College,IPEDS 2005-2011: Gordon College; 2024: Gordon State College
grace-bible-college,170000,Grace Bible College,Grace Christian University,former name,Grace Bible College,IPEDS 2005-2017: Grace Bible College; 2024: Grace Christian University
grace-college-of-divinity,461528,Grace College of Divinity,Manna University,former name,Grace College of Divinity,IPEDS 2011-2020: Grace College of Divinity; 2024: Manna University
granite-state-college,183257,Granite State College,University of New Hampshire College of Professional Studies Online,former name,Granite State College,IPEDS 2005-2022: Granite State College; 2024: University of New Hampshire College of Professional Studies Online
grantham-university,442569,Grantham University,University of Arkansas Grantham,former name,Grantham University,IPEDS 2006-2021: Grantham University; 2024: University of Arkansas Grantham
grayson-county-college,225070,Grayson County College,Grayson College,former name,Grayson County College,IPEDS 2005-2011: Grayson County College; 2024: Grayson College
green-river-community-college,235343,Green River Community College,Green River College,former name,Green River Community College,IPEDS 2005-2014: Green River Community College; 2024: Green River College
gwynedd-mercy-college,212832,Gwynedd Mercy College,Gwynedd Mercy University,former name,Gwynedd Mercy College,IPEDS 2005-2012: Gwynedd Mercy College; 2024: Gwynedd Mercy University
h-councill-trenholm-state-technical-college,102313,H Councill Trenholm State Technical College,H Councill Trenholm State Community College,former name,H Councill Trenholm State Technical College,IPEDS 2005-2014: H Councill Trenholm State Technical College; 2024: H Councill Trenholm State Community College
hamilton-technical-college,153427,Hamilton Technical College,Orion Technical College,former name,Hamilton Technical College,IPEDS 2005-2020: Hamilton Technical College; 2024: Orion Technical College
hampden-sydney-college,232256,Hampden Sydney College,Hampden-Sydney College,punctuation,,IPEDS 2024: Hampden-Sydney College
hannibal-lagrange-university,177542,Hannibal LaGrange University,Hannibal-LaGrange University,punctuation,,IPEDS 2024: Hannibal-LaGrange University
hardin-simmons-university,225247,Hardin Simmons University,Hardin-Simmons University,punctuation,,IPEDS 2024: Hardin-Simmons University
harris-stowe-state-university,177551,Harris Stowe State University,Harris-Stowe State University,punctuation,,IPEDS 2024: Harris-Stowe State University
harrisburg-area-community-college-harrisburg,212878,Harrisburg Area Community College Harrisburg,Harrisburg Area Community College,campus name,,IPEDS 2005-2016: Harrisburg Area Community College-Harrisburg; 2024: Harrisburg Area Community College
henry-ford-community-college,170240,Henry Ford Community College,Henry Ford College,former name,Henry Ford Community College,IPEDS 2005-2014: Henry Ford Community College; 2024: Henry Ford College
herzing-university-kenner,433536,Herzing University Kenner,Herzing University New Orleans,campus name,,IPEDS 2010-2019: Herzing University-Kenner; 2024: Herzing University-New Orleans
herzing-university-winter-park,386472,Herzing University Winter Park,Herzing University Orlando,campus name,,IPEDS 2010-2019: Herzing University-Winter Park; 2024: Herzing University-Orlando
highline-community-college,235431,Highline Community College,Highline College,former name,Highline Community College,IPEDS 2005-2013: Highline Community College; 2024: Highline College
hillsdale-free-will-baptist-college,207157,Hillsdale Free Will Baptist College,Randall University,former name,Hillsdale Free Will Baptist College,IPEDS 2005-2015: Hillsdale Free Will Baptist College; 2024: Randall University
hondros-college,203386,Hondros College,Hondros College of Nursing,former name,Hondros College,IPEDS 2007-2015: Hondros College; 2024: Hondros College of Nursing
horry-georgetown-technical-college,218140,Horry Georgetown Technical College,Horry-Georgetown Technical College,punctuation,,IPEDS 2024: Horry-Georgetown Technical College
houghton-college,191676,Houghton College,Houghton University,former name,Houghton College,IPEDS 2005-2021: Houghton College; 2024: Houghton University
houston-baptist-university,225399,Houston Baptist University,Houston Christian University,former name,Houston Baptist University,IPEDS 2005-2022: Houston Baptist University; 2024: Houston Christian University
humboldt-state-university,115755,Humboldt State University,California State Polytechnic University Humboldt,former name,Humboldt State University,IPEDS 2005-2020: Humboldt State University; 2024: California State Polytechnic University-Humboldt
humphreys-college-stockton-and-modesto-campuses,115773,Humphreys College Stockton and Modesto Campuses,Humphreys University Stockton and Modesto Campuses,former name,Humphreys College Stockton and Modesto Campuses,IPEDS 2009-2015: Humphreys College-Stockton and Modesto Campuses; 2024: Humphreys University-Stockton and Modesto Campuses
huston-tillotson-university,225575,Huston Tillotson University,Huston-Tillotson University,punctuation,,IPEDS 2024: Huston-Tillotson University
indiana-university-purdue-university-fort-wayne,151102,Indiana University Purdue University Fort Wayne,Purdue University Fort Wayne,former name,Indiana University Purdue University Fort Wayne,IPEDS 2005-2017: Indiana University-Purdue University-Fort Wayne; 2024: Purdue University Fort Wayne
indiana-university-purdue-university-indianapolis,151111,Indiana University Purdue University Indianapolis,Indiana University Indianapolis,former name,Indiana University Purdue University Indianapolis,IPEDS 2005-2022: Indiana University-Purdue University-Indianapolis; 2024: Indiana University-Indianapolis
institute-of-american-indian-and-alaska-native-culture,187745,Institute of American Indian and Alaska Native Culture,Institute of American Indian and Alaska Native Culture and Arts Development,former name,Institute of American Indian and Alaska Native Culture,IPEDS 2005-2015: Institute of American Indian and Alaska Native Culture; 2024: Institute of American Indian and Alaska Native Culture and Arts Development
institute-of-business-and-medical-careers,372329,Institute of Business and Medical Careers,IBMC College,former name,Institute of Business and Medical Careers,IPEDS 2005-2012: Institute of Business and Medical Careers; 2024: IBMC College
international-baptist-college,436614,International Baptist College,International Baptist College and Seminary,former name,International Baptist College,IPEDS 2005-2012: International Baptist College; 2024: International Baptist College and Seminary
iona-college,191931,Iona College,Iona University,former name,Iona College,IPEDS 2005-2021: Iona College; 2024: Iona University
j-f-drake-state-technical-college,101462,J F Drake State Technical College,J. F. Drake State Community and Technical College,former name,J F Drake State Technical College,IPEDS 2005-2011: J F Drake State Technical College; 2024: J. F. Drake State Community and Technical College
jackson-community-college,170444,Jackson Community College,Jackson College,former name,Jackson Community College,IPEDS 2005-2012: Jackson Community College; 2024: Jackson College
james-a-rhodes-state-college,203678,James A Rhodes State College,James A. Rhodes State College,punctuation,,IPEDS 2024: James A. Rhodes State College
jamestown-college,200156,Jamestown College,University of Jamestown,former name,Jamestown College,IPEDS 2005-2012: Jamestown College; 2024: University of Jamestown
jarvis-christian-college,225885,Jarvis Christian College,Jarvis Christian University,former name,Jarvis Christian College,IPEDS 2005-2020: Jarvis Christian College; 2024: Jarvis Christian University
john-tyler-community-college,232450,John Tyler Community College,Brightpoint Community College,former name,John Tyler Community College,IPEDS 2005-2020: John Tyler Community College; 2024: Brightpoint Community College
king-college,220516,King College,King University,former name,King College,IPEDS 2005-2012: King College; 2024: King University
l-e-fletcher-technical-community-college,160481,L E Fletcher Technical Community College,Fletcher Technical Community College,name form,,IPEDS 2005-2013: L E Fletcher Technical Community College; 2024: Fletcher Technical Community College
la-roche-college,213358,La Roche College,La Roche University,former name,La Roche College,IPEDS 2005-2017: La Roche College; 2024: La Roche University
laboure-college,165264,Laboure College,Laboure College of Healthcare,former name,Laboure College,IPEDS 2005-2021: Laboure College; 2024: Laboure College of Healthcare
lac-courte-oreilles-ojibwa-community-college,260372,Lac Courte Oreilles Ojibwa Community College,Lac Courte Oreilles Ojibwe University,former name,Lac Courte Oreilles Ojibwa Community College,IPEDS 2005-2018: Lac Courte Oreilles Ojibwa Community College; 2024: Lac Courte Oreilles Ojibwe University
lake-area-technical-institute,219143,Lake Area Technical Institute,Lake Area Technical College,former name,Lake Area Technical Institute,IPEDS 2005-2018: Lake Area Technical Institute; 2024: Lake Area Technical College
lake-sumter-community-college,135188,Lake Sumter State College,Lake-Sumter State College,punctuation,,IPEDS 2024: Lake-Sumter State College
landing-school-of-boat-building-and-design,161208,Landing School of Boat Building and Design,The Landing School,former name,Landing School of Boat Building and Design,IPEDS 2005-2012: Landing School of Boat Building and Design; 2024: The Landing School
laredo-community-college,226134,Laredo Community College,Laredo College,former name,Laredo Community College,IPEDS 2005-2017: Laredo Community College; 2024: Laredo College
lasell-college,166391,Lasell College,Lasell University,former name,Lasell College,IPEDS 2005-2018: Lasell College; 2024: Lasell University
latter-day-saints-business-college,230418,Latter day Saints Business College,Ensign College,former name,Latter-day Saints Business College,IPEDS 2008-2016: Latter-day Saints Business College; 2024: Ensign College
lawson-state-community-college-birmingham-campus,101569,Lawson State Community College Birmingham Campus,Lawson State Community College,campus name,,IPEDS 2005-2017: Lawson State Community College-Birmingham Campus; 2024: Lawson State Community College
le-moyne-owen-college,220604,Le Moyne Owen College,Le Moyne-Owen College,punctuation,,IPEDS 2024: Le Moyne-Owen College
lees-mcrae-college,198808,Lees McRae College,Lees-McRae College,punctuation,,IPEDS 2024: Lees-McRae College
lenoir-rhyne-university,198835,Lenoir Rhyne University,Lenoir-Rhyne University,punctuation,,IPEDS 2024: Lenoir-Rhyne University
lewis-clark-state-college,142328,Lewis Clark State College,Lewis-Clark State College,punctuation,,IPEDS 2024: Lewis-Clark State College
life-pacific-college,117104,Life Pacific College,Life Pacific University,former name,Life Pacific College,IPEDS 2005-2018: Life Pacific College; 2024: Life Pacific University
linn-benton-community-college,209074,Linn Benton Community College,Linn-Benton Community College,punctuation,,IPEDS 2024: Linn-Benton Community College
linn-state-technical-college,177977,Linn State Technical College,State Technical College of Missouri,former name,Linn State Technical College,IPEDS 2005-2013: Linn State Technical College; 2024: State Technical College of Missouri
longy-school-of-music,166489,Longy School of Music,Longy School of Music of Bard College,former name,Longy School of Music,IPEDS 2005-2011: Longy School of Music; 2024: Longy School of Music of Bard College
lord-fairfax-community-college,232575,Lord Fairfax Community College,Laurel Ridge Community College,former name,Lord Fairfax Community College,IPEDS 2005-2020: Lord Fairfax Community College; 2024: Laurel Ridge Community College
louisiana-college,159568,Louisiana College,Louisiana Christian University,former name,Louisiana College,IPEDS 2005-2021: Louisiana College; 2024: Louisiana Christian University
luther-rice-university,135364,Luther Rice University,Luther Rice College & Seminary,former name,Luther Rice University,IPEDS 2005-2011: Luther Rice University; 2024: Luther Rice College & Seminary
maccormac-college,146816,MacCormac College,Generations College,former name,MacCormac College,IPEDS 2005-2021: MacCormac College; 2024: Generations College
maharishi-university-of-management,153861,Maharishi University of Management,Maharishi International University,former name,Maharishi University of Management,IPEDS 2005-2019: Maharishi University of Management; 2024: Maharishi International University
maine-college-of-art,161509,Maine College of Art,Maine College of Art & Design,former name,Maine College of Art,IPEDS 2005-2020: Maine College of Art; 2024: Maine College of Art & Design
mandl-the-college-of-allied-health,192688,Mandl The College of Allied Health,Mandl School The College of Allied Health,former name,Mandl The College of Allied Health,IPEDS 2006-2011: Mandl The College of Allied Health; 2024: Mandl School-The College of Allied Health
manhattan-college,192703,Manhattan College,Manhattan University,former name,Manhattan College,IPEDS 2005-2023: Manhattan College; 2024: Manhattan University
manhattanville-college,192749,Manhattanville College,Manhattanville University,former name,Manhattanville College,IPEDS 2005-2023: Manhattanville College; 2024: Manhattanville University
maranatha-baptist-bible-college,239071,Maranatha Baptist Bible College,Maranatha Baptist University,former name,Maranatha Baptist Bible College,IPEDS 2010-2012: Maranatha Baptist Bible College; 2024: Maranatha Baptist University
marist-college,192819,Marist College,Marist University,former name,Marist College,IPEDS 2005-2023: Marist College; 2024: Marist University
martin-methodist-college,220701,Martin Methodist College,The University of Tennessee Southern,former name,Martin Methodist College,IPEDS 2005-2020: Martin Methodist College; 2024: The University of Tennessee Southern
mary-baldwin-college,232672,Mary Baldwin College,Mary Baldwin University,former name,Mary Baldwin College,IPEDS 2005-2015: Mary Baldwin College; 2024: Mary Baldwin University
massachusetts-college-of-pharmacy-and-health-sciences,166656,Massachusetts College of Pharmacy and Health Sciences,MCPHS University,former name,Massachusetts College of Pharmacy and Health Sciences,IPEDS 2008-2012: Massachusetts College of Pharmacy and Health Sciences; 2024: MCPHS University
masters-college,117751,The Master's College and Seminary,The Master's University and Seminary,former name,The Master's College and Seminary,IPEDS 2005-2015: The Master's College and Seminary; 2024: The Master's University and Seminary
medix-school-fortis-college,460020,Medix School Fortis College,Fortis College Columbia,former name,Medix School Fortis College,IPEDS 2010-2012: Medix School-Fortis College; 2024: Fortis College-Columbia
medvance-institute-baton-rouge,439738,Medvance Institute Baton Rouge,Fortis College Baton Rouge,former name,Medvance Institute Baton Rouge,IPEDS 2010-2011: Medvance Institute-Baton Rouge; 2024: Fortis College-Baton Rouge
memorial-hospital-school-of-nursing,192961,Memorial Hospital School of Nursing,St. Peter's Hospital College of Nursing,former name,Memorial Hospital School of Nursing,IPEDS 2005-2012: Memorial Hospital School of Nursing; 2024: St. Peter's Hospital College of Nursing
mercy-college,193016,Mercy College,Mercy University,former name,Mercy College,IPEDS 2008-2022: Mercy College; 2024: Mercy University
mercyhurst-college,213987,Mercyhurst College,Mercyhurst University,former name,Mercyhurst College,IPEDS 2005-2011: Mercyhurst College; 2024: Mercyhurst University
mesivta-keser-torah,461847,Mesivta Keser Torah,Keser Torah-Mayan Hatalmud,former name,Mesivta Keser Torah,IPEDS 2011-2017: Mesivta Keser Torah; 2024: Keser Torah-Mayan Hatalmud
mesivta-of-eastern-parkway-yeshiva-zichron-meilech,193061,Mesivta of Eastern Parkway Yeshiva Zichron Meilech,Mesivta of Eastern Parkway-Yeshiva Zichron Meilech,punctuation,,IPEDS 2024: Mesivta of Eastern Parkway-Yeshiva Zichron Meilech
messiah,213996,Messiah College,Messiah University,former name,Messiah College,IPEDS 2005-2018: Messiah College; 2024: Messiah University
methodist-college-of-nursing,147129,Methodist College of Nursing,Methodist College,former name,Methodist College of Nursing,IPEDS 2005-2011: Methodist College of Nursing; 2024: Methodist College
metropolitan-career-center-computer-technology-institute,214023,Metropolitan Career Center Computer Technology Institute,ASPIRA City College,former name,Metropolitan Career Center Computer Technology Institute,IPEDS 2005-2015: Metropolitan Career Center Computer Technology Institute; 2024: ASPIRA City College
metropolitan-state-college-of-denver,127565,Metropolitan State College of Denver,Metropolitan State University of Denver,former name,Metropolitan State College of Denver,IPEDS 2005-2011: Metropolitan State College of Denver; 2024: Metropolitan State University of Denver
miami-ad-school-miami-beach,428000,Miami Ad School Miami Beach,Miami Ad School,campus name,,IPEDS 2010-2013: Miami Ad School-Miami Beach; 2024: Miami Ad School
mid-america-christian-university,245953,Mid America Christian University,Mid-America Christian University,punctuation,,IPEDS 2024: Mid-America Christian University
mid-america-college-of-funeral-service,151962,Mid America College of Funeral Service,Mid-America College of Funeral Service,punctuation,,IPEDS 2024: Mid-America College of Funeral Service
mid-atlantic-christian-university,199458,Mid Atlantic Christian University,Mid-Atlantic Christian University,punctuation,,IPEDS 2024: Mid-Atlantic Christian University
mid-michigan-community-college,171155,Mid Michigan Community College,Mid Michigan College,former name,Mid Michigan Community College,IPEDS 2005-2017: Mid Michigan Community College; 2024: Mid Michigan College
mid-plains-community-college,181312,Mid Plains Community College,Mid-Plains Community College,punctuation,,IPEDS 2024: Mid-Plains Community College
mid-south-christian-college,481225,Mid South Christian College,Mid-South Christian College,punctuation,,IPEDS 2024: Mid-South Christian College
mid-south-community-college,107318,Mid South Community College,Arkansas State University Mid-South,former name,Mid-South Community College,IPEDS 2005-2014: Mid-South Community College; 2024: Arkansas State University Mid-South
mid-state-technical-college,239220,Mid State Technical College,Mid-State Technical College,punctuation,,IPEDS 2024: Mid-State Technical College
middlesex-county-college,185536,Middlesex County College,Middlesex College,former name,Middlesex County College,IPEDS 2005-2020: Middlesex County College; 2024: Middlesex College
miller-motte-college-fayetteville,458405,Miller Motte College Fayetteville,Miller-Motte College Fayetteville,punctuation,,IPEDS 2024: Miller-Motte College-Fayetteville
miller-motte-college-raleigh,456205,Miller Motte College Raleigh,Miller-Motte College Raleigh,punctuation,,IPEDS 2024: Miller-Motte College-Raleigh
miller-motte-technical-college-chattanooga,443650,Miller Motte Technical College Chattanooga,Miller-Motte College Chattanooga,former name,Miller-Motte Technical College Chattanooga,IPEDS 2005-2017: Miller-Motte Technical College-Chattanooga; 2024: Miller-Motte College-Chattanooga
miller-motte-technical-college-columbus,458441,Miller Motte Technical College Columbus,Miller-Motte College Columbus,former name,Miller-Motte Technical College Columbus,IPEDS 2010-2017: Miller-Motte Technical College-Columbus; 2024: Miller-Motte College-Columbus
miller-motte-technical-college-ga,460826,Miller Motte Technical College,Miller-Motte College Augusta,former name,Miller-Motte Technical College,IPEDS 2011-2012: Miller-Motte Technical College; 2024: Miller-Motte College-Augusta
miller-motte-technical-college-macon,475060,Miller Motte Technical College Macon,Miller-Motte College Macon,former name,Miller-Motte Technical College Macon,IPEDS 2011-2017: Miller-Motte Technical College-Macon; 2024: Miller-Motte College-Macon
mills-college,118888,Mills College,Northeastern University Oakland,former name,Mills College,IPEDS 2005-2021: Mills College; 2024: Northeastern University Oakland
minnesota-state-college-southeast-technical,175263,Minnesota State College Southeast Technical,Minnesota State College Southeast,former name,Minnesota State College Southeast Technical,IPEDS 2007-2015: Minnesota State College-Southeast Technical; 2024: Minnesota State College Southeast
mitchell-technical-institute,219189,Mitchell Technical Institute,Mitchell Technical College,former name,Mitchell Technical Institute,IPEDS 2005-2019: Mitchell Technical Institute; 2024: Mitchell Technical College
mohawk-valley-community-college-utica-branch,193283,Mohawk Valley Community College Utica Branch,Mohawk Valley Community College,campus name,,IPEDS 2005-2011: Mohawk Valley Community College-Utica Branch; 2024: Mohawk Valley Community College
molloy-college,193292,Molloy College,Molloy University,former name,Molloy College,IPEDS 2005-2023: Molloy College; 2024: Molloy University
monroe-college-main-campus,193308,Monroe College Main Campus,Monroe University,former name,Monroe College,IPEDS 2005-2012: Monroe College-Main Campus; 2024: Monroe University
montana-tech-college-of-technology,180081,Montana Tech College of Technology,Highlands College of Montana Tech,former name,Montana Tech College of Technology,IPEDS 2005-2011: Montana Tech-College of Technology; 2024: Highlands College of Montana Tech
montana-tech-of-the-university-of-montana,180416,Montana Tech of the University of Montana,Montana Technological University,former name,Montana Tech of the University of Montana,IPEDS 2005-2017: Montana Tech of the University of Montana; 2024: Montana Technological University
morningside-college,154004,Morningside College,Morningside University,former name,Morningside College,IPEDS 2005-2020: Morningside College; 2024: Morningside University
mount-marty-college,219198,Mount Marty College,Mount Marty University,former name,Mount Marty College,IPEDS 2005-2019: Mount Marty College; 2024: Mount Marty University
mount-mary-college,239390,Mount Mary College,Mount Mary University,former name,Mount Mary College,IPEDS 2005-2012: Mount Mary College; 2024: Mount Mary University
mount-olive-college,199069,Mount Olive College,University of Mount Olive,former name,Mount Olive College,IPEDS 2005-2013: Mount Olive College; 2024: University of Mount Olive
mount-st-marys-college,119173,Mount St. Mary's College,Mount Saint Mary's University,former name,Mount St. Mary's College,IPEDS 2013: Mount St Mary's College; 2024: Mount Saint Mary's University
mount-st-marys-university,163462,Mount St Mary's University,Mount St. Mary's University,punctuation,,IPEDS 2024: Mount St. Mary's University
national-college-salem,232797,National College Salem,American National University,former name,National College Salem,IPEDS 2006-2012: National College-Salem; 2024: American National University
national-paralegal-college,461023,National Paralegal College,Crestpoint University,former name,National Paralegal College,IPEDS 2011-2023: National Paralegal College; 2024: Crestpoint University
national-park-community-college,106980,National Park Community College,National Park College,former name,National Park Community College,IPEDS 2005-2015: National Park Community College; 2024: National Park College
navajo-technical-college,187596,Navajo Technical College,Navajo Technical University,former name,Navajo Technical College,IPEDS 2006-2012: Navajo Technical College; 2024: Navajo Technical University
nazareth-college,193584,Nazareth College,Nazareth University,former name,Nazareth College,IPEDS 2008-2022: Nazareth College; 2024: Nazareth University
nevada-state-college,441900,Nevada State College,Nevada State University,former name,Nevada State College,IPEDS 2007-2022: Nevada State College; 2024: Nevada State University
new-hope-christian-college-hi,457484,New Hope Christian College,Pacific Rim Christian University,former name,New Hope Christian College,IPEDS 2011-2012: New Hope Christian College; 2024: Pacific Rim Christian University
new-hope-christian-college-or,208725,New Hope Christian College,New Hope Christian College Eugene,campus name,,IPEDS 2010-2012: New Hope Christian College; 2024: New Hope Christian College-Eugene
new-life-theological-seminary,444778,New Life Theological Seminary,Charlotte Christian College and Theological Seminary,former name,New Life Theological Seminary,IPEDS 2005-2013: New Life Theological Seminary; 2024: Charlotte Christian College and Theological Seminary
new-mexico-state-university-carlsbad,188003,New Mexico State University Carlsbad,Southeast New Mexico College,former name,New Mexico State University Carlsbad,IPEDS 2005-2020: New Mexico State University-Carlsbad; 2024: Southeast New Mexico College
nhti-concords-community-college,183099,NHTI Concord's Community College,NHTI-Concord's Community College,punctuation,,IPEDS 2024: NHTI-Concord's Community College
north-american-college,461795,North American College,North American University,former name,North American College,IPEDS 2011-2012: North American College; 2024: North American University
north-carolina-wesleyan-college,199209,North Carolina Wesleyan College,North Carolina Wesleyan University,former name,North Carolina Wesleyan College,IPEDS 2005-2021: North Carolina Wesleyan College; 2024: North Carolina Wesleyan University
north-central-kansas-technical-college,155593,North Central Kansas Technical College,Fort Hays Tech North Central,former name,North Central Kansas Technical College,IPEDS 2005-2023: North Central Kansas Technical College; 2024: Fort Hays Tech North Central
north-florida-community-college,136145,North Florida Community College,North Florida College,former name,North Florida Community College,IPEDS 2005-2018: North Florida Community College; 2024: North Florida College
northeast-iowa-community-college-calmar,154110,Northeast Iowa Community College Calmar,Northeast Iowa Community College,campus name,,IPEDS 2005-2013: Northeast Iowa Community College-Calmar; 2024: Northeast Iowa Community College
northwest-christian-university,209409,Northwest Christian University,Bushnell University,former name,Northwest Christian University,IPEDS 2008-2019: Northwest Christian University; 2024: Bushnell University
northwest-college-of-art,377546,Northwest College of Art,Northwest College of Art & Design,former name,Northwest College of Art,IPEDS 2005-2011: Northwest College of Art; 2024: Northwest College of Art & Design
northwest-kansas-technical-college,155618,Northwest Kansas Technical College,Fort Hays State University Northwest Kansas Technical College,former name,Northwest Kansas Technical College,IPEDS 2005-2023: Northwest Kansas Technical College; 2024: Fort Hays State University-Northwest Kansas Technical College
northwest-louisiana-technical-college,160010,Northwest Louisiana Technical College,Northwest Louisiana Technical Community College,former name,Northwest Louisiana Technical College,IPEDS 2010-2019: Northwest Louisiana Technical College; 2024: Northwest Louisiana Technical Community College
northwest-shoals-community-college-muscle-shoals,101736,Northwest Shoals Community College Muscle Shoals,Northwest Shoals Community College,campus name,,IPEDS 2005-2011: Northwest Shoals Community College-Muscle Shoals; 2024: Northwest Shoals Community College
northwestern-college-mn,174491,Northwestern College,University of Northwestern St Paul,former name,Northwestern College,IPEDS 2005-2012: Northwestern College; 2024: University of Northwestern-St Paul
northwood-university-michigan,171492,Northwood University Michigan,Northwood University,campus name,,IPEDS 2010-2015: Northwood University-Michigan; 2024: Northwood University
nossi-college-of-art,368452,Nossi College of Art,Nossi College of Art and Design,former name,Nossi College of Art,IPEDS 2005-2022: Nossi College of Art; 2024: Nossi College of Art and Design
oakton-community-college,147800,Oakton Community College,Oakton College,former name,Oakton Community College,IPEDS 2005-2022: Oakton Community College; 2024: Oakton College
ohio-valley-college-of-technology,204884,Ohio Valley College of Technology,East Ohio College,former name,Ohio Valley College of Technology,IPEDS 2005-2020: Ohio Valley College of Technology; 2024: East Ohio College
ohlone-community-college,120290,Ohlone Community College,Ohlone College,former name,Ohlone Community College,IPEDS 2010-2012: Ohlone Community College; 2024: Ohlone College
oklahoma-state-university-institute-of-technology-okmulgee,207564,Oklahoma State University Institute of Technology Okmulgee,Oklahoma State University Institute of Technology,campus name,,IPEDS 2008-2012: Oklahoma State University Institute of Technology-Okmulgee; 2024: Oklahoma State University Institute of Technology
olivet-college,171599,Olivet College,The University of Olivet,former name,Olivet College,IPEDS 2005-2022: Olivet College; 2024: The University of Olivet
otero-junior-college,127778,Otero Junior College,Otero College,former name,Otero Junior College,IPEDS 2005-2021: Otero Junior College; 2024: Otero College
our-lady-of-holy-cross-college,160065,Our Lady of Holy Cross College,University of Holy Cross,former name,Our Lady of Holy Cross College,IPEDS 2005-2014: Our Lady of Holy Cross College; 2024: University of Holy Cross
our-lady-of-the-lake-college,160074,Our Lady of the Lake College,Franciscan Missionaries of Our Lady University,former name,Our Lady of the Lake College,IPEDS 2005-2016: Our Lady of the Lake College; 2024: Franciscan Missionaries of Our Lady University
our-lady-of-the-lake-university-san-antonio,227331,Our Lady of the Lake University San Antonio,Our Lady of the Lake University,campus name,,IPEDS 2005-2012: Our Lady of the Lake University-San Antonio; 2024: Our Lady of the Lake University
pace-university-new-york,194310,Pace University New York,Pace University,campus name,,IPEDS 2005-2017: Pace University-New York; 2024: Pace University
palm-beach-atlantic-university-west-palm-beach,136330,Palm Beach Atlantic University West Palm Beach,Palm Beach Atlantic University,campus name,,IPEDS 2005-2011: Palm Beach Atlantic University-West Palm Beach; 2024: Palm Beach Atlantic University
palmer-college-of-chiropractic-davenport,154174,Palmer College of Chiropractic Davenport,Palmer College of Chiropractic,campus name,,IPEDS 2010-2013: Palmer College of Chiropractic-Davenport; 2024: Palmer College of Chiropractic
pasco-hernando-community-college,136400,Pasco Hernando Community College,Pasco-Hernando State College,former name,Pasco-Hernando Community College,IPEDS 2005-2013: Pasco-Hernando Community College; 2024: Pasco-Hernando State College
patrick-henry-community-college,233019,Patrick Henry Community College,Patrick & Henry Community College,former name,Patrick Henry Community College,IPEDS 2005-2021: Patrick Henry Community College; 2024: Patrick & Henry Community College
pennsylvania-college-of-health-sciences,442356,Pennsylvania College of Health Sciences,Saint Joseph's University Lancaster,former name,Pennsylvania College of Health Sciences,IPEDS 2013-2023: Pennsylvania College of Health Sciences; 2024: Saint Joseph's University - Lancaster
philander-smith-college,107600,Philander Smith College,Philander Smith University,former name,Philander Smith College,IPEDS 2005-2022: Philander Smith College; 2024: Philander Smith University
phillips-beth-israel-school-of-nursing,189282,Phillips Beth Israel School of Nursing,Mount Sinai Phillips School of Nursing,former name,Phillips Beth Israel School of Nursing,IPEDS 2005-2015: Phillips Beth Israel School of Nursing; 2024: Mount Sinai Phillips School of Nursing
piedmont-college,140818,Piedmont College,Piedmont University,former name,Piedmont College,IPEDS 2005-2019: Piedmont College; 2024: Piedmont University
pikes-peak-community-college,127820,Pikes Peak Community College,Pikes Peak State College,former name,Pikes Peak Community College,IPEDS 2005-2021: Pikes Peak Community College; 2024: Pikes Peak State College
pine-technical-college,174570,Pine Technical College,Pine Technical & Community College,former name,Pine Technical College,IPEDS 2005-2013: Pine Technical College; 2024: Pine Technical & Community College
potomac-college-herndon,442639,Potomac College Herndon,University of the Potomac VA Campus,former name,Potomac College Herndon,IPEDS 2010-2011: Potomac College-Herndon; 2024: University of the Potomac-VA Campus
potomac-college-washington,384412,Potomac College Washington,University of the Potomac Washington DC Campus,former name,Potomac College Washington,IPEDS 2010-2012: Potomac College-Washington; 2024: University of the Potomac-Washington DC Campus
provo-college-provo,380438,Provo College Provo,Provo College,campus name,,IPEDS 2010-2012: Provo College-Provo; 2024: Provo College
pulaski-technical-college,107664,Pulaski Technical College,University of Arkansas Pulaski Technical College,former name,Pulaski Technical College,IPEDS 2005-2016: Pulaski Technical College; 2024: University of Arkansas-Pulaski Technical College
randolph-macon-college,233295,Randolph Macon College,Randolph-Macon College,punctuation,,IPEDS 2024: Randolph-Macon College
redstone-college,126605,Redstone College,Spartan College of Aeronautics and Technology,former name,Redstone College,IPEDS 2005-2015: Redstone College; 2024: Spartan College of Aeronautics and Technology
rich-mountain-community-college,107743,Rich Mountain Community College,University of Arkansas Community College Rich Mountain,former name,Rich Mountain Community College,IPEDS 2005-2015: Rich Mountain Community College; 2024: University of Arkansas Community College Rich Mountain
richard-bland-college-of-the-college-of-william-and-mary,233338,Richard Bland College of the College of William and Mary,Richard Bland College,former name,Richard Bland College of the College of William and Mary,IPEDS 2005-2015: Richard Bland College of the College of William and Mary; 2024: Richard Bland College
rivier-college,183211,Rivier College,Rivier University,former name,Rivier College,IPEDS 2005-2011: Rivier College; 2024: Rivier University
roanoke-chowan-community-college,199467,Roanoke Chowan Community College,Roanoke-Chowan Community College,punctuation,,IPEDS 2024: Roanoke-Chowan Community College
roberts-wesleyan-college,194958,Roberts Wesleyan College,Roberts Wesleyan University,former name,Roberts Wesleyan College,IPEDS 2005-2021: Roberts Wesleyan College; 2024: Roberts Wesleyan University
rochester-college,170967,Rochester College,Rochester University,former name,Rochester College,IPEDS 2005-2018: Rochester College; 2024: Rochester University
rose-hulman,152318,Rose Hulman Institute of Technology,Rose-Hulman Institute of Technology,punctuation,,IPEDS 2024: Rose-Hulman Institute of Technology
rosedale-technical-institute,215682,Rosedale Technical Institute,Rosedale Technical College,former name,Rosedale Technical Institute,IPEDS 2005-2014: Rosedale Technical Institute; 2024: Rosedale Technical College
rowan-cabarrus-community-college,199494,Rowan Cabarrus Community College,Rowan-Cabarrus Community College,punctuation,,IPEDS 2024: Rowan-Cabarrus Community College
saint-augustines-college,199582,Saint Augustines College,Saint Augustine's University,former name,Saint Augustines College,IPEDS 2005-2011: Saint Augustines College; 2024: Saint Augustine's University
saint-john-fisher-college,195720,Saint John Fisher College,St. John Fisher University,former name,Saint John Fisher College,IPEDS 2005-2021: Saint John Fisher College; 2024: St. John Fisher University
saint-josephs-college-new-york,195544,Saint Joseph's College New York,St. Joseph's University New York,former name,Saint Joseph's College New York,IPEDS 2016-2020: St. Joseph's College-New York; 2024: St. Joseph's University-New York
saint-louis,179159,Saint Louis University Main Campus,Saint Louis University,campus name,,IPEDS 2005-2012: Saint Louis University-Main Campus; 2024: Saint Louis University
saint-mary-of-the-woods-college,152381,Saint Mary of the Woods College,Saint Mary-of-the-Woods College,punctuation,,IPEDS 2024: Saint Mary-of-the-Woods College
saint-marys-college-of-california,123554,Saint Marys College of California,Saint Mary's College of California,punctuation,,IPEDS 2024: Saint Mary's College of California
saint-paul-college-a-community-and-technical-college,175041,Saint Paul College A Community and Technical College,Saint Paul College,former name,Saint Paul College A Community and Technical College,IPEDS 2010-2012: Saint Paul College-A Community and Technical College; 2024: Saint Paul College
salem-international-university,237783,Salem International University,Salem University,former name,Salem International University,IPEDS 2005-2017: Salem International University; 2024: Salem University
san-joaquin-valley-college-fresno-aviation,422020,San Joaquin Valley College Fresno Aviation,San Joaquin Valley College Trades Education Center,former name,San Joaquin Valley College Fresno Aviation,IPEDS 2010-2021: San Joaquin Valley College-Fresno Aviation; 2024: San Joaquin Valley College-Trades Education Center
san-joaquin-valley-college-rancho-cucamonga,442444,San Joaquin Valley College Rancho Cucamonga,San Joaquin Valley College Ontario,campus name,,IPEDS 2005-2012: San Joaquin Valley College-Rancho Cucamonga; 2024: San Joaquin Valley College-Ontario
school-of-advertising-art-inc,205391,School of Advertising Art Inc,The Modern College of Design,former name,School of Advertising Art Inc,IPEDS 2005-2012: School of Advertising Art Inc; 2024: The Modern College of Design
seattle-community-college-central-campus,236513,Seattle Community College Central Campus,Seattle Central College,former name,Seattle Community College Central Campus,IPEDS 2005-2012: Seattle Community College-Central Campus; 2024: Seattle Central College
seattle-community-college-north-campus,236072,Seattle Community College North Campus,North Seattle College,former name,Seattle Community College North Campus,IPEDS 2005-2013: Seattle Community College-North Campus; 2024: North Seattle College
seattle-community-college-south-campus,236504,Seattle Community College South Campus,South Seattle College,former name,Seattle Community College South Campus,IPEDS 2005-2013: Seattle Community College-South Campus; 2024: South Seattle College
seward-county-community-college-and-area-technical-school,155858,Seward County Community College and Area Technical School,Seward County Community College,former name,Seward County Community College and Area Technical School,IPEDS 2008-2015: Seward County Community College and Area Technical School; 2024: Seward County Community College
somerset-christian-college,440794,Somerset Christian College,Pillar College,former name,Somerset Christian College,IPEDS 2005-2012: Somerset Christian College; 2024: Pillar College
south-arkansas-community-college,107974,South Arkansas Community College,South Arkansas College,former name,South Arkansas Community College,IPEDS 2005-2022: South Arkansas Community College; 2024: South Arkansas College
south-florida-community-college,137315,South Florida Community College,South Florida State College,former name,South Florida Community College,IPEDS 2005-2011: South Florida Community College; 2024: South Florida State College
southeast-technical-institute,219426,Southeast Technical Institute,Southeast Technical College,former name,Southeast Technical Institute,IPEDS 2005-2019: Southeast Technical Institute; 2024: Southeast Technical College
southwest-career-college,451556,Southwest Career College,Southwest University at El Paso,former name,Southwest Career College,IPEDS 2009-2011: Southwest Career College; 2024: Southwest University at El Paso
southwest-collegiate-institute-for-the-deaf,382911,Southwest Collegiate Institute for the Deaf,Southwest College for the Deaf,former name,Southwest Collegiate Institute for the Deaf,IPEDS 2006-2021: Southwest Collegiate Institute for the Deaf; 2024: Southwest College for the Deaf
southwest-florida-college,366553,Southwest Florida College,Southern Technical College,former name,Southwest Florida College,IPEDS 2005-2013: Southwest Florida College; 2024: Southern Technical College
southwest-texas-junior-college,228316,Southwest Texas Junior College,Southwest Texas College,former name,Southwest Texas Junior College,IPEDS 2005-2023: Southwest Texas Junior College; 2024: Southwest Texas College
southwestern-assemblies-of-god-university,228325,Southwestern Assemblies of God University,Nelson University,former name,Southwestern Assemblies of God University,IPEDS 2005-2023: Southwestern Assemblies of God University; 2024: Nelson University
sowela-technical-community-college,160579,Sowela Technical Community College,SOWELA Technical Community College,punctuation,,IPEDS 2024: SOWELA Technical Community College
st-johns,163976,St John's College,St. John's College,punctuation,,IPEDS 2024: St. John's College
st-johns-college-nm,245652,St John's College,St. John's College,punctuation,,IPEDS 2024: St. John's College
st-johns-university-new-york,195809,St John's University New York,St. John's University New York,punctuation,,IPEDS 2024: St. John's University-New York
st-josephs-college-of-nursing-at-st-josephs-hospital-health-center,195191,St Joseph's College of Nursing at St Joseph's Hospital Health Center,St. Joseph's College of Nursing,former name,St Joseph's College of Nursing at St Joseph's Hospital Health Center,IPEDS 2005-2017: St Joseph's College of Nursing at St Joseph's Hospital Health Center; 2024: St. Joseph's College of Nursing
st-louis-college-of-pharmacy,179265,St Louis College of Pharmacy,University of Health Sciences and Pharmacy in St. Louis,former name,St. Louis College of Pharmacy,IPEDS 2017-2019: St. Louis College of Pharmacy; 2024: University of Health Sciences and Pharmacy in St. Louis
st-marys-college-of-maryland,163912,St Mary's College of Maryland,St. Mary's College of Maryland,punctuation,,IPEDS 2024: St. Mary's College of Maryland
suny-at-albany,196060,SUNY at Albany,University at Albany,former name,SUNY at Albany,IPEDS 2005-2022: SUNY at Albany; 2024: University at Albany
suny-at-geneseo,196167,SUNY at Geneseo,SUNY College at Geneseo,former name,SUNY at Geneseo,IPEDS 2006-2011: SUNY at Geneseo; 2024: SUNY College at Geneseo
suny-binghamton,196079,SUNY at Binghamton,Binghamton University,former name,SUNY at Binghamton,IPEDS 2005-2016: SUNY at Binghamton; 2024: Binghamton University
suny-college-at-brockport,196121,SUNY College at Brockport,SUNY Brockport,former name,SUNY College at Brockport,IPEDS 2005-2019: SUNY College at Brockport; 2024: SUNY Brockport
suny-college-at-buffalo,196130,SUNY College at Buffalo,SUNY Buffalo State University,former name,SUNY College at Buffalo,IPEDS 2005-2011: SUNY College at Buffalo; 2024: SUNY Buffalo State University
suny-college-at-cortland,196149,SUNY College at Cortland,State University of New York at Cortland,former name,SUNY College at Cortland,IPEDS 2005-2015: SUNY College at Cortland; 2024: State University of New York at Cortland
suny-college-at-old-westbury,196237,SUNY College at Old Westbury,SUNY Old Westbury,former name,SUNY College at Old Westbury,IPEDS 2005-2022: SUNY College at Old Westbury; 2024: SUNY Old Westbury
suny-college-at-oneonta,196185,SUNY College at Oneonta,SUNY Oneonta,former name,SUNY College at Oneonta,IPEDS 2005-2012: SUNY College at Oneonta; 2024: SUNY Oneonta
suny-college-at-oswego,196194,SUNY College at Oswego,State University of New York at Oswego,former name,SUNY College at Oswego,IPEDS 2005-2021: SUNY College at Oswego; 2024: State University of New York at Oswego
suny-college-at-plattsburgh,196246,SUNY College at Plattsburgh,State University of New York at Plattsburgh,former name,SUNY College at Plattsburgh,IPEDS 2005-2023: SUNY College at Plattsburgh; 2024: State University of New York at Plattsburgh
suny-empire-state-college,196264,SUNY Empire State College,Empire State University,former name,SUNY Empire State College,IPEDS 2005-2021: SUNY Empire State College; 2024: Empire State University
suny-institute-of-technology-at-utica-rome,196112,SUNY Institute of Technology at Utica Rome,SUNY Polytechnic Institute,former name,SUNY Institute of Technology at Utica-Rome,IPEDS 2005-2014: SUNY Institute of Technology at Utica-Rome; 2024: SUNY Polytechnic Institute
tallahassee-community-college,137759,Tallahassee Community College,Tallahassee State College,former name,Tallahassee Community College,IPEDS 2005-2023: Tallahassee Community College; 2024: Tallahassee State College
tennessee-wesleyan-college,221731,Tennessee Wesleyan College,Tennessee Wesleyan University,former name,Tennessee Wesleyan College,IPEDS 2005-2015: Tennessee Wesleyan College; 2024: Tennessee Wesleyan University
texas-a-m-university-commerce,224554,Texas A & M University Commerce,East Texas A&M University,former name,Texas A & M University Commerce,IPEDS 2005-2023: Texas A & M University-Commerce; 2024: East Texas A&M University
the-baptist-college-of-florida,132408,The Baptist College of Florida,Baptist University of Florida,former name,The Baptist College of Florida,IPEDS 2005-2022: The Baptist College of Florida; 2024: Baptist University of Florida
the-chicago-school-of-professional-psychology-at-chicago,143978,The Chicago School of Professional Psychology at Chicago,The Chicago School at Chicago,former name,The Chicago School of Professional Psychology at Chicago,IPEDS 2009-2022: The Chicago School of Professional Psychology at Chicago; 2024: The Chicago School at Chicago
the-chicago-school-of-professional-psychology-at-los-angeles,455664,The Chicago School of Professional Psychology at Los Angeles,The Chicago School at Los Angeles,former name,The Chicago School of Professional Psychology at Los Angeles,IPEDS 2009-2022: The Chicago School of Professional Psychology at Los Angeles; 2024: The Chicago School at Los Angeles
the-chicago-school-of-professional-psychology-at-san-diego,491190,The Chicago School of Professional Psychology at San Diego,The Chicago School at San Diego,former name,The Chicago School of Professional Psychology at San Diego,IPEDS 2017-2022: The Chicago School of Professional Psychology at San Diego; 2024: The Chicago School at San Diego
the-restaurant-school-at-walnut-hill-college,215637,The Restaurant School at Walnut Hill College,Walnut Hill College,former name,The Restaurant School at Walnut Hill College,IPEDS 2005-2019: The Restaurant School at Walnut Hill College; 2024: Walnut Hill College
the-sage-colleges,195128,The Sage Colleges,Russell Sage College,former name,The Sage Colleges,IPEDS 2010-2018: The Sage Colleges; 2024: Russell Sage College
the-university-of-texas-of-the-permian-basin,229018,The University of Texas of the Permian Basin,The University of Texas Permian Basin,name form,,IPEDS 2005-2019: The University of Texas of the Permian Basin; 2024: The University of Texas Permian Basin
the-university-of-texas-pan-american,227368,The University of Texas Pan American,The University of Texas Rio Grande Valley,former name,The University of Texas Pan American,IPEDS 2005-2014: The University of Texas-Pan American; 2024: The University of Texas Rio Grande Valley
thomas-edison-state-college,187046,Thomas Edison State College,Thomas Edison State University,former name,Thomas Edison State College,IPEDS 2005-2014: Thomas Edison State College; 2024: Thomas Edison State University
thomas-nelson-community-college,233754,Thomas Nelson Community College,Virginia Peninsula Community College,former name,Thomas Nelson Community College,IPEDS 2005-2020: Thomas Nelson Community College; 2024: Virginia Peninsula Community College
three-rivers-community-college-mo,179645,Three Rivers Community College,Three Rivers College,former name,Three Rivers Community College,IPEDS 2005-2015: Three Rivers Community College; 2024: Three Rivers College
tohono-oodham-community-college,442781,Tohono O'Odham Community College,Tohono O'odham Community College,punctuation,,IPEDS 2024: Tohono O'odham Community College
touro-college,196592,Touro College,Touro University,former name,Touro College,IPEDS 2005-2021: Touro College; 2024: Touro University
touro-college-los-angeles,459727,Touro College Los Angeles,Touro University Worldwide,former name,Touro College Los Angeles,IPEDS 2010-2011: Touro College Los Angeles; 2024: Touro University Worldwide
tri-county-community-college,199795,Tri County Community College,Tri-County Community College,punctuation,,IPEDS 2024: Tri-County Community College
tri-county-technical-college,218885,Tri County Technical College,Tri-County Technical College,punctuation,,IPEDS 2024: Tri-County Technical College
tri-state-bible-college,206154,Tri State Bible College,Tri-State Bible College,punctuation,,IPEDS 2024: Tri-State Bible College
tri-state-institute,455628,Tri State Institute,Fortis Institute Birmingham,former name,Tri-State Institute,IPEDS 2009-2011: Tri-State Institute; 2024: Fortis Institute-Birmingham
trine-university-regionalnon-traditional-campuses,414878,Trine University Regional/Non Traditional Campuses,Trine University Regional/Non-Traditional Campuses,punctuation,,IPEDS 2024: Trine University-Regional/Non-Traditional Campuses
trinidad-state-junior-college,128258,Trinidad State Junior College,Trinidad State College,former name,Trinidad State Junior College,IPEDS 2005-2020: Trinidad State Junior College; 2024: Trinidad State College
trinity-bible-college,200484,Trinity Bible College,Trinity Bible College and Graduate School,former name,Trinity Bible College,IPEDS 2005-2015: Trinity Bible College; 2024: Trinity Bible College and Graduate School
truett-mcconnell-college,141237,Truett McConnell College,Truett McConnell University,former name,Truett-McConnell College,IPEDS 2005-2015: Truett-McConnell College; 2024: Truett McConnell University
tusculum-college,221953,Tusculum College,Tusculum University,former name,Tusculum College,IPEDS 2005-2017: Tusculum College; 2024: Tusculum University
uah,100706,University of Alabama at Huntsville,University of Alabama in Huntsville,name form,,IPEDS 2010-2011: University of Alabama at Huntsville; 2024: University of Alabama in Huntsville
uiuc,145637,University of Illinois at Urbana Champaign,University of Illinois Urbana-Champaign,name form,,IPEDS 2005-2019: University of Illinois at Urbana-Champaign; 2024: University of Illinois Urbana-Champaign
union-college-ky,157863,Union College,Union Commonwealth University,former name,Union College,IPEDS 2005-2023: Union College; 2024: Union Commonwealth University
union-college-nb,181738,Union College,Union Adventist University,former name,Union College,IPEDS 2005-2022: Union College; 2024: Union Adventist University
union-county-college,187198,Union County College,"UCNJ Union College of Union County, New Jersey",former name,Union County College,"IPEDS 2005-2022: Union County College; 2024: UCNJ Union College of Union County, New Jersey"
united-states-sports-academy,102395,United States Sports Academy,United States Sports University,former name,United States Sports Academy,IPEDS 2005-2023: United States Sports Academy; 2024: United States Sports University
unity-college,161572,Unity College,Unity Environmental University,former name,Unity College,IPEDS 2005-2022: Unity College; 2024: Unity Environmental University
university-of-arkansas-community-college-hope,107725,University of Arkansas Community College Hope,University of Arkansas Hope-Texarkana,former name,University of Arkansas Community College Hope,IPEDS 2005-2018: University of Arkansas Community College-Hope; 2024: University of Arkansas Hope-Texarkana
university-of-cincinnati-raymond-walters-college,201955,University of Cincinnati Raymond Walters College,University of Cincinnati Blue Ash College,former name,University of Cincinnati Raymond Walters College,IPEDS 2005-2011: University of Cincinnati-Raymond Walters College; 2024: University of Cincinnati-Blue Ash College
university-of-connecticut-tri-campus,436818,University of Connecticut Tri Campus,University of Connecticut Waterbury Campus,former name,University of Connecticut Tri Campus,IPEDS 2005-2016: University of Connecticut-Tri-Campus; 2024: University of Connecticut-Waterbury Campus
university-of-great-falls,180258,University of Great Falls,University of Providence,former name,University of Great Falls,IPEDS 2005-2016: University of Great Falls; 2024: University of Providence
university-of-illinois-at-chicago,145600,University of Illinois at Chicago,University of Illinois Chicago,name form,,IPEDS 2005-2019: University of Illinois at Chicago; 2024: University of Illinois Chicago
university-of-illinois-at-springfield,148654,University of Illinois at Springfield,University of Illinois Springfield,name form,,IPEDS 2005-2019: University of Illinois at Springfield; 2024: University of Illinois Springfield
university-of-louisiana-monroe,159993,University of Louisiana Monroe,University of Louisiana at Monroe,name form,,IPEDS 2010-2012: University of Louisiana-Monroe; 2024: University of Louisiana at Monroe
university-of-management-and-technology-the,437097,University of Management and Technology (The),University of Management and Technology,name form,,IPEDS 2011-2012: University of Management and Technology (The); 2024: University of Management and Technology
university-of-mary-hardin-baylor,226471,University of Mary Hardin Baylor,University of Mary Hardin-Baylor,punctuation,,IPEDS 2024: University of Mary Hardin-Baylor
university-of-maryland-university-college,163204,University of Maryland University College,University of Maryland Global Campus,former name,University of Maryland University College,IPEDS 2005-2018: University of Maryland-University College; 2024: University of Maryland Global Campus
university-of-montana-helena-college-of-technology,180276,University of Montana Helena College of Technology,Helena College University of Montana,former name,University of Montana Helena College of Technology,IPEDS 2005-2011: University of Montana-Helena College of Technology; 2024: Helena College University of Montana
university-of-north-carolina-at-asheville,199111,University of North Carolina at Asheville,University of North Carolina Asheville,name form,,IPEDS 2005-2022: University of North Carolina at Asheville; 2024: University of North Carolina Asheville
university-of-north-carolina-at-wilmington,199218,University of North Carolina at Wilmington,University of North Carolina Wilmington,name form,,IPEDS 2010-2011: University of North Carolina at Wilmington; 2024: University of North Carolina Wilmington
university-of-south-florida-main-campus,137351,University of South Florida Main Campus,University of South Florida,campus name,,IPEDS 2009-2019: University of South Florida-Main Campus; 2024: University of South Florida
university-of-st-augustine-for-health-sciences,367954,University of St Augustine for Health Sciences,University of St. Augustine for Health Sciences,punctuation,,IPEDS 2024: University of St. Augustine for Health Sciences
urshan-college,494685,Urshan College,Urshan University,former name,Urshan College,IPEDS 2019-2023: Urshan College; 2024: Urshan University
utica-college,197045,Utica College,Utica University,former name,Utica College,IPEDS 2005-2020: Utica College; 2024: Utica University
vance-granville-community-college,199838,Vance Granville Community College,Vance-Granville Community College,punctuation,,IPEDS 2024: Vance-Granville Community College
virginia-wesleyan-college,234173,Virginia Wesleyan College,Virginia Wesleyan University,former name,Virginia Wesleyan College,IPEDS 2005-2016: Virginia Wesleyan College; 2024: Virginia Wesleyan University
voorhees-college,218919,Voorhees College,Voorhees University,former name,Voorhees College,IPEDS 2005-2021: Voorhees College; 2024: Voorhees University
waldorf-college,154518,Waldorf College,Waldorf University,former name,Waldorf College,IPEDS 2005-2015: Waldorf College; 2024: Waldorf University
warner-pacific-college,210304,Warner Pacific College,Warner Pacific University,former name,Warner Pacific College,IPEDS 2005-2017: Warner Pacific College; 2024: Warner Pacific University
washington-state-community-college,206446,Washington State Community College,Washington State College of Ohio,former name,Washington State Community College,IPEDS 2005-2023: Washington State Community College; 2024: Washington State College of Ohio
west-coast-ultrasound-institute,441229,West Coast Ultrasound Institute,Smith Chason College,former name,West Coast Ultrasound Institute,IPEDS 2005-2020: West Coast Ultrasound Institute; 2024: Smith Chason College
west-hills-college-coalinga,125462,West Hills College Coalinga,Coalinga College,former name,West Hills College Coalinga,IPEDS 2013-2022: West Hills College-Coalinga; 2024: Coalinga College
west-hills-college-lemoore,448594,West Hills College Lemoore,Lemoore College,former name,West Hills College Lemoore,IPEDS 2013-2022: West Hills College-Lemoore; 2024: Lemoore College
western-dakota-technical-institute,219480,Western Dakota Technical Institute,Western Dakota Technical College,former name,Western Dakota Technical Institute,IPEDS 2005-2019: Western Dakota Technical Institute; 2024: Western Dakota Technical College
western-state-college-of-colorado,128391,Western State Colorado University,Western Colorado University,former name,Western State Colorado University,IPEDS 2012-2018: Western State Colorado University; 2024: Western Colorado University
westminster-college-ut,230807,Westminster College,Westminster University,former name,Westminster College,IPEDS 2005-2022: Westminster College; 2024: Westminster University
wheaton-college-ma,168281,Wheaton College,Wheaton College (Massachusetts),campus name,,IPEDS 2005-2020: Wheaton College; 2024: Wheaton College (Massachusetts)
wheeling-jesuit-university,238078,Wheeling Jesuit University,Wheeling University,former name,Wheeling Jesuit University,IPEDS 2005-2018: Wheeling Jesuit University; 2024: Wheeling University
widener-university-main-campus,216852,Widener University Main Campus,Widener University,campus name,,IPEDS 2005-2015: Widener University-Main Campus; 2024: Widener University
wiley-college,229887,Wiley College,Wiley University,former name,Wiley College,IPEDS 2005-2022: Wiley College; 2024: Wiley University
william-mary,231624,College of William and Mary,William & Mary,former name,College of William and Mary,IPEDS 2005-2018: College of William and Mary; 2024: William & Mary
william-moore-college-of-technology,222105,William Moore College of Technology,William R Moore College of Technology,name form,,IPEDS 2005-2019: William Moore College of Technology; 2024: William R Moore College of Technology
williams-baptist-college,107877,Williams Baptist College,Williams Baptist University,former name,Williams Baptist College,IPEDS 2005-2017: Williams Baptist College; 2024: Williams Baptist University
winston-salem-state-university,199999,Winston Salem State University,Winston-Salem State University,punctuation,,IPEDS 2024: Winston-Salem State University
wisconsin-indianhead-technical-college,240198,Wisconsin Indianhead Technical College,Northwood Technical College,former name,Wisconsin Indianhead Technical College,IPEDS 2005-2020: Wisconsin Indianhead Technical College; 2024: Northwood Technical College
wor-wic-community-college,164313,Wor Wic Community College,Wor-Wic Community College,punctuation,,IPEDS 2024: Wor-Wic Community College
yakima-valley-community-college,237109,Yakima Valley Community College,Yakima Valley College,former name,Yakima Valley Community College,IPEDS 2005-2015: Yakima Valley Community College; 2024: Yakima Valley College
yeshiva-shaar-hatorah,197692,Yeshiva Shaar Hatorah,Yeshivath Shaar Hatorah,name form,,IPEDS 2005-2021: Yeshiva Shaar Hatorah; 2024: Yeshivath Shaar Hatorah
york-college,181853,York College,York University,former name,York College,IPEDS 2005-2021: York College; 2024: York University
york-college-pennsylvania,217059,York College Pennsylvania,York College of Pennsylvania,name form,,IPEDS 2005-2016: York College Pennsylvania; 2024: York College of Pennsylvania
zion-bible-college,217606,Zion Bible College,Northpoint Bible College,former name,Zion Bible College,IPEDS 2005-2011: Zion Bible College; 2024: Northpoint Bible College
