slug,unitid,college,cds_gpa,cds_gpa_year,cds_gpa_submit_pct,cds_gpa_basis,cds_gpa_source_url
agnes-scott,138600,Agnes Scott College,3.63,2025-26,,,https://www.agnesscott.edu/assets/documents/institutional-research/cds_2025_2026.pdf
alabama,100751,The University of Alabama,3.85,2025-26,98.9,,https://oira.ua.edu/d/sites/all/files/reports26/CDS%202025-26%20FINAL%209Dec2025.pdf
albion-college,168546,Albion College,3.51,2025-26,88.07,,https://www.albion.edu/wp-content/uploads/2026/04/UPDATED-4-13-26-FINAL-CDS-FALL-2025.xlsx
allegheny-college,210669,Allegheny College,3.59,2025-26,95.2,,https://sites.allegheny.edu/institutional-effectiveness/files/2026/04/CDS-2025-26_AlleghenyCollege_Final.xlsx
aquinas-college-mi,168786,Aquinas College,3.48,2024-25,100.0,,https://www.aquinas.edu/_files/Aquinas%20College%20cds-2024-2025.pdf
arcadia-university,211088,Arcadia University,3.4,2023-24,93.0,,https://www.arcadia.edu/wp-content/uploads/2024/04/CDS_2023-2024.pdf
ashland-university,201104,Ashland University,3.6,2023-24,98.8,,https://www.ashland.edu/sites/default/files/2025-03/CDS%202023_2024.pdf
auburn-university-at-montgomery,100830,Auburn University at Montgomery,3.44,2024-25,96.0,,https://www.aum.edu/wp-content/uploads/2025/05/CDS-2024-2025.pdf
augustana,219000,Augustana University,3.657,2025-26,87.0,,https://www.augie.edu/sites/default/files/documents/2026-06/2025-2026-CDS.xlsx
augustana-college,143084,Augustana College,3.4,2025-26,100.0,,https://www.augustana.edu/files/2026-04/2025-26_CDS_Augustana_College_IL_V2.pdf
aurora-university,143118,Aurora University,3.51,2025-26,99.76,,https://aurora.edu/documents/about/cds-2025-2026.pdf
austin-peay-state-university,219602,Austin Peay State University,3.35,2025-26,98.0,,https://www.apsu.edu/institutional-research/files/common-data-set-2025-2026.pdf
baldwin-wallace-college,201195,Baldwin Wallace University,3.72,2025-26,,,https://www.bw.edu/about/offices/institutional-research-assessment/_files/common-data-set-2025-26.pdf
barton-college,197911,Barton College,3.28,2025-26,99.0,,https://www.barton.edu/wp-content/uploads/2026/05/updated-5.26.26_barton-college_cdspdf20252026_02052026.pdf
beloit-college,238333,Beloit College,3.43,2025-26,,,https://www.beloit.edu/live/files/1104-common-data-set-cds-2025-26
benedictine-university,145619,Benedictine University,3.21,2024-25,100.0,,https://ben.edu/wp-content/uploads/2025/04/Benedictine-University-Common-Data-Set-2024-2025.pdf
bennington-college,230816,Bennington College,3.53,2024-25,49.35,,https://www.bennington.edu/sites/default/files/sources/docs/cds_bennington_2024-2025_final.pdf
bethel-university-mn,173160,Bethel University,3.67,2025-26,100.0,,https://www.bethel.edu/institutional-data-research/institutional-data/common-data-set/history/cds-2526.xlsx
boston-university,164988,Boston University,3.86,2025-26,,,https://www.bu.edu/asir/files/2026/07/CDS-2025-2026-updated.pdf
brandeis,165015,Brandeis University,3.84,2025-26,87.0,,https://www.brandeis.edu/institutional-research/docs/cds-2025-26.pdf
bucknell-university,211291,Bucknell University,3.62,2024-25,,,https://www.bucknell.edu/sites/default/files/institutional-research/common_data_set_2024-25.pdf
byu,230038,Brigham Young University,3.89,2025-26,98.78,,https://data.byu.edu/0000019d-e4b4-df27-a1df-eef579b00001/cds-2025-2026-pdf
cal-poly-slo,110422,California Polytechnic State University-San Luis Obispo,4.03,2025-26,99.62,weighted,https://content-calpoly-edu.s3.amazonaws.com/ir/1/images/CDS-PDF-2025-2026_final_web_0.pdf
california-lutheran-university,110413,California Lutheran University,3.74,2024-25,,,https://www.callutheran.edu/about/factbook/2024_2025_Common_Data_Set_Draft.pdf
california-state-university-chico,110538,California State University-Chico,3.4,2025-26,99.9,,https://www.csuchico.edu/ir/_assets/documents/cds-2026.pdf
california-state-university-sacramento,110617,California State University-Sacramento,3.38,2025-26,99.57,,https://www.csus.edu/information-resources-technology/institutional-research/common-data-set/cds_2025-2026-final.pdf
california-state-university-san-bernardino,110510,California State University-San Bernardino,3.39,2025-26,99.91,,https://www.csusb.edu/sites/default/files/upload/file/2026/CDS_2025-2026_NEW.pdf
california-state-university-san-marcos,366711,California State University-San Marcos,3.316,2025-26,99.67,,https://www.csusm.edu/ipa/cds-files/cds-doc/cds_2025-2026.xlsx
cameron-university,206914,Cameron University,3.25,2025-26,96.65,,https://www.cameron.edu/storage/departments/institutional-research-assessment-and-accountability/common-data-set/CDS-2025-2026-accessible.pdf
carnegie-mellon,211440,Carnegie Mellon University,3.89,2025-26,99.7,,https://www.cmu.edu/ira/CDS/pdf/cds_2025_26/cds_2025_full_pdf.pdf
case-western,201645,Case Western Reserve University,3.78,2025-26,,,https://case.edu/ir/sites/default/files/2026-02/CDS%202025-26%20Adjusted%20Final.pdf
central-college,153108,Central College,3.56,2024-25,,,https://departments.central.edu/wp-content/uploads/sites/17/files/2025/05/2024-25-CDS-FINAL-Central-College-IA.pdf
central-connecticut-state-university,128771,Central Connecticut State University,3.15,2025-26,98.0,,https://www.ccsu.edu/sites/default/files/2026-06/CDS%202025-2026.xlsx
centre-college,156408,Centre College,3.8,2025-26,98.32,,https://www.centre.edu/documents/2025-2026-common-data
chatham,211556,Chatham University,3.59,2024-25,90.5,,https://www.chatham.edu/_documents/_about/cds-2024-2025.pdf
christopher-newport,231712,Christopher Newport University,3.8,2023-24,100.0,,https://cnu.edu/institutionalresearch/_pdf/commondataset/cds_2023-2024.pdf
citadel,217864,Citadel Military College of South Carolina,3.75,2025-26,95.5,,https://www.citadel.edu/institutional-research/wp-content/uploads/sites/75/CDS-2025-26-Excel_For-Website.xlsx
clark-university,165334,Clark University,3.76,2024-25,,,https://www.clarku.edu/saair/wp-content/uploads/sites/95/Clark-CDS-2024-25.pdf
college-of-coastal-georgia,139250,College of Coastal Georgia,3.17,2023-24,,,https://www.ccga.edu/wp-content/uploads/2024/11/CDS_2023-2024.pdf
columbia-college-chicago,144281,Columbia College Chicago,3.52,2024-25,96.04,,https://about.colum.edu/effectiveness/columbia-college-chicago-cds_2024_2025-final-2-12-2025-publish-ready.pdf
concord-university,237330,Concord University,3.37,2024-25,,,https://www.concord.edu/wp-content/uploads/CDS_2024-2025_ConcordUniversity.pdf
cuny-city-college,190567,CUNY City College,3.4,2024-25,99.0,,https://www.ccny.cuny.edu/sites/default/files/2025-03/20250324_FINAL%20CDS-2024-2025.pdf
cuny-john-jay-college-of-criminal-justice,190600,CUNY John Jay College of Criminal Justice,3.17,2023-24,99.0,,https://www.jjay.cuny.edu/sites/default/files/2024-02/CDS2023_2024.WORK-FILE.pdf
dakota-state-university,219082,Dakota State University,3.47,2025-26,99.7,,https://blogs.dsu.edu/wp-content/uploads/sites/19/2026/04/CDS_2025-2026-Dakota-State-University_for-Publication.pdf
davidson,198385,Davidson College,3.85,2025-26,99.81,,https://www.davidson.edu/media/9718/download?attachment
delaware-state-university,130934,Delaware State University,3.16,2025-26,,,https://www.desu.edu/sites/flagship/files/common-data-set.pdf
desales-university,210739,DeSales University,3.41,2024-25,,,https://www.desales.edu/_files/pdfs/ier/CDS_2024-2025_FINAL.pdf
dominican-university,148496,Dominican University,3.75,2025-26,,,https://www.dom.edu/sites/default/files/2026-01/OIE_CDS_2025-2026_Final_12_11_25.pdf
dominican-university-of-california,113698,Dominican University of California,3.65,2024-25,,,https://www.dominican.edu/sites/default/files/2021-12/CDS_2021-2022_Dominican%20University%20of%20California.pdf
drury,177214,Drury University,3.81,2023-24,,,https://www.drury.edu/wp-content/uploads/files/academic-affairs/pdf/institutional_research/CDS_2023-2024_DruryU.pdf
duquesne,212106,Duquesne University,3.76,2025-26,98.64,,https://www.duq.edu/documents/institutionalresearch/cds-2025-2026.pdf
earlham-college,150455,Earlham College,3.43,2024-25,99.0,,https://earlham.edu/wp-content/uploads/2025/01/CDS-2024-2025-PDF.pdf
eastern-mennonite-university,232043,Eastern Mennonite University,3.49,2025-26,88.6,,https://emu.edu/ir/docs/EMU%20CDS%202025-2026%20public.pdf
eastern-michigan-university,169798,Eastern Michigan University,3.39,2025-26,94.39,,https://www.emich.edu/irim/documents/common-data-sets/cds2025v3.pdf
eastern-oregon-university,208646,Eastern Oregon University,3.46,2025-26,96.91,,https://static.eou.edu/ir/CDS/CDS_2025_26.pdf
eastern-washington-university,235097,Eastern Washington University,3.29,2025-26,,,https://inside.ewu.edu/institutional-research/wp-content/uploads/sites/65/2026/05/CDS-EWU-2025-2026-FINAL.pdf
emory,139658,Emory University,3.84,2024-25,,,https://provost.emory.edu/planning-administration/_includes/documents/sections/institutional-data/emory-common-data-set-2024-2025.pdf
farmingdale-state-college,196042,Farmingdale State College,3.27,2024-25,,,https://www.farmingdale.edu/institutional-research/pdf/cds_2024-2025_fsc.pdf
ferris-state-university,169910,Ferris State University,3.35,2025-26,99.73,,https://www.ferris.edu/admissions/testing/resources/common/CDS2025-2026.pdf
fitchburg-state-university,165820,Fitchburg State University,3.28,2024-25,,,https://www.fitchburgstate.edu/sites/default/files/documents/2026-05/IRP-CDS20252026-A.pdf
florida,134130,University of Florida,3.9,2025-26,95.0,,https://data-apps.ir.aa.ufl.edu/public/cds/CDS%202025-26_v7_07.15.2026.pdf
florida-agricultural-and-mechanical-university,133650,Florida Agricultural and Mechanical University,3.77,2025-26,99.3,,https://www.famu.edu/administration/strategic-planning-analysis-and-institutional-effectiveness/institutional-research/surveys/pdf/cds/CDS_2025-2026.pdf
florida-atlantic-university,133669,Florida Atlantic University,3.83,2024-25,99.79,,https://www.fau.edu/iea/documents/pdf/cds/cds-2024-2025.pdf
florida-international,133951,Florida International University,4.1,2024-25,99.0,weighted,https://aim.fiu.edu/cds/CDS2024.pdf
florida-polytechnic-university,482936,Florida Polytechnic University,4.2,2023-24,100.0,weighted,https://floridapoly.edu/wp-content/uploads/2025/09/cds_flpoly_2023_2024_04302024_final.pdf
george-mason-university,232186,George Mason University,3.69,2024-25,99.44,,https://oiep.gmu.edu/wp-content/uploads/2026/01/2024-2025-CDS-Final_Updated-after-Summer.pdf
georgia,139959,University of Georgia,4.15,2024-25,100.0,weighted,https://oir.uga.edu/wp-content/uploads/UGA_CDS_2024-2025.pdf
georgia-gwinnett-college,447689,Georgia Gwinnett College,2.99,2025-26,97.98,,https://www.ggc.edu/sites/default/files/2026-07/CDS_2025-2026_GGC%20Data.pdf
georgia-tech,139755,Georgia Institute of Technology-Main Campus,4.17,2025-26,,weighted,https://irp.gatech.edu/sites/default/files/CDS/CDS_2025-2026_FINAL_R4_03JUN2026.pdf
grand-valley-state-university,170082,Grand Valley State University,3.4,2025-26,98.87,,https://www.gvsu.edu/cms4/asset/EFAB4AD2-A926-8D16-A5685AB71E0C7DC3/cds_2025-2026.xlsx
gwynedd-mercy-college,212832,Gwynedd Mercy University,3.36,2024-25,,,https://www.gmercyu.edu/pdfs/legacy-cds_2024-2025_updated_4_11_2025_compressed.pdf
hiram-college,203128,Hiram College,3.22,2025-26,91.16,,https://www.hiram.edu/wp-content/uploads/2025/12/Hiram-College-CDS_2025-2026-5.4.pdf
hobart-william-smith-colleges,191630,Hobart William Smith Colleges,3.62,2024-25,95.1,,https://www.hws.edu/offices/irp/pdf/cds-2425.pdf
hollins,232308,Hollins University,3.63,2025-26,100.0,,https://www.hollins.edu/wp-content/uploads/2026/07/CDS-2025-2026-Hollins-University.pdf
howard-university,131520,Howard University,3.68,2025-26,100.0,,https://ira.howard.edu/sites/ira.howard.edu/files/2026-06/CDS%20PDF%202526_06.25.26.pdf
idaho-state-university,142276,Idaho State University,3.4,2023-24,97.7,,https://www.isu.edu/media/libraries/finance-and-business-affairs/CDS-2023_2024.pdf
illinois-state-university,145813,Illinois State University,3.62,2024-25,99.65,,https://prpa.illinoisstate.edu/downloads/CDS-2024-2025_ISU_FINAL.pdf
immaculata-university,213011,Immaculata University,3.42,2025-26,100.0,,https://www.immaculata.edu/wp-content/uploads/2026/03/Common-Data-Set-2025-2026-Immaculata-University-3-25-2026.pdf
indiana-university-of-pennsylvania-main-campus,213020,Indiana University of Pennsylvania-Main Campus,3.5,2024-25,98.0,,https://www.iup.edu/planningandassessment/files/university_data/common_data_set/common-data-set-2024-25.pdf
iowa,153658,University of Iowa,3.83,2024-25,99.06,,https://provost.uiowa.edu/sites/provost.uiowa.edu/files/2025-09/cds_2425_0.pdf
jacksonville-university,134945,Jacksonville University,3.73,2023-24,,,https://www.ju.edu/institutionalresearch/CDS_2023-2024.pdf
johns-hopkins,162928,Johns Hopkins University,3.93,2025-26,,,https://oira.jhu.edu/wp-content/uploads/2025-2026-CDS-Johns-Hopkins-University.pdf
kansas-state,155399,Kansas State University,3.86,2025-26,,,https://www.k-state.edu/data/institutional-research/resources/common-data-set/CDS_2025_2026.pdf
keene-state-college,183062,Keene State College,3.16,2024-25,,,https://keene.edu/office/ir/assets/document/cds/download/
kennesaw-state-university,486840,Kennesaw State University,3.48,2024-25,,,https://campus.kennesaw.edu/offices-services/data-strategy/institutional-research/publications/common-data-set/docs/cds-2024-2025-06232025.pdf
kenyon,203535,Kenyon College,3.9,2024-25,,,https://www.kenyon.edu/files/resources/kenyon-cds-202425-march-2025.pdf
kutztown-university-of-pennsylvania,213349,Kutztown University of Pennsylvania,3.36,2025-26,,,https://www.kutztown.edu/Departments-Offices/G-L/InstitutionalResearch/Documents/CDS_KU_2025%20COMMON%20DATA%20SET.pdf
lafayette-college,213385,Lafayette College,3.56,2025-26,,,https://oir.lafayette.edu/wp-content/uploads/sites/196/2026/01/CDS2025-2026.pdf
lawrence-technological-university,170675,Lawrence Technological University,3.45,2025-26,99.2,,https://ltu.edu/wp-content/uploads/2026/04/2025_2026_CDS_EXTERNAL.pdf
lawrence-university,239017,Lawrence University,3.47,2024-25,98.58,,https://inside.lawrence.edu/sites/default/files/2025-02/CDS%202024-25_0.pdf
lee-university,220613,Lee University,3.64,2025-26,,,https://www.leeuniversity.edu/wp-content/uploads/2025-2026-CDS-1-1.pdf
lenoir-rhyne-university,198835,Lenoir-Rhyne University,3.73,2025-26,100.0,,https://www.lr.edu/sites/default/files/2026-05/common-data-set-2025-2026.pdf
lewis-clark-state-college,142328,Lewis-Clark State College,3.18,2025-26,90.17,,https://www.lcsc.edu/media/ccvnocvu/cds_2025-2026_final_060326.pdf
life-university,140252,Life University,3.12,2024-25,92.92,,https://data.life.edu/wp-content/uploads/2025/01/Legacy-CDS_2024-2025.xlsx
lincoln-university-mo,177940,Lincoln University,2.9,2023-24,96.0,,https://www.lincolnu.edu/about-lincoln/oira/common-data-set-2023-2024.pdf
lindenwood-university,177968,Lindenwood University,3.36,2024-25,83.0,,https://www.lindenwood.edu/files/resources/cds_2024-2025.xlsx
linfield-college-mcminnville-campus,209065,Linfield University,3.64,2024-25,99.2,,https://www.linfield.edu/assets/files/institutional-research/CDS-2024-2025-PDF-Linfield-04.21.2025.pdf
lipscomb-university,219976,Lipscomb University,3.86,2024-25,99.0,,https://lipscomb.edu/sites/default/files/2025-10/CDS%202024%202025%20Lipscomb%20University%20Complete.pdf
loyola-university-chicago,146719,Loyola University Chicago,3.74,2025-26,,,https://www.luc.edu/media/lucedu/oie/CDS%202025-26%20-%20Loyola%20University%20Chicago%20-%20Final_af.pdf
loyola-university-maryland,163046,Loyola University Maryland,3.65,2024-25,100.0,,https://www.loyola.edu/_media/department/institutional-research/documents/cds/CDS_2024-2025_20250402.pdf
lsu,159391,Louisiana State University and Agricultural & Mechanical College,3.81,2023-24,,,https://www.lsu.edu/data/common-data-set/2023/3_2324_admissions.pdf
lycoming-college,213668,Lycoming College,3.44,2024-25,,,https://www.lycoming.edu/institutional-research/pdfs/cds-2024-2025.pdf
lynn-university,132657,Lynn University,3.3,2023-24,98.2,,https://www.lynn.edu/uploads/pdf/Lynn-University-Common-Data-Set-23-24.pdf
manhattan-college,192703,Manhattan University,3.6,2025-26,99.78,,https://content.manhattan.edu/institutional-research/2025-26-CDS.pdf
marshall-university,237525,Marshall University,3.6,2025-26,,,https://www.marshall.edu/irp/files/CDS-PDF-2025-2026-Excel_finalaccess.pdf
marymount-university,232706,Marymount University,3.3,2023-24,100.0,,https://marymount.edu/wp-content/uploads/2024/07/CDS_UNL2_2023_2024_Final_7.3.24.pdf
michigan,170976,University of Michigan-Ann Arbor,3.9,2025-26,97.8,,https://obp.umich.edu/wp-content/uploads/pubdata/cds/cds_2025-26_umaa.pdf
michigan-tech,171128,Michigan Technological University,3.86,2025-26,93.51,,https://www.mtu.edu/institutional-research/cds/files/cds-2025-2026.xlsx
middle-tennessee-state-university,220978,Middle Tennessee State University,3.62,2025-26,100.0,,https://iepr.mtsu.edu/wp-content/uploads/sites/23/2026/07/CDS_2025-2026.pdf
millersville-university-of-pennsylvania,214041,Millersville University of Pennsylvania,3.45,2024-25,,,https://www.millersville.edu/iea/ir/cds_2024-25_final.pdf
milwaukee-school-of-engineering,239318,Milwaukee School of Engineering,3.68,2025-26,,,https://msoe.s3.amazonaws.com/files/resources/cds-final-pdf-25-26-1.pdf
missouri-southern-state-university,178341,Missouri Southern State University,3.49,2025-26,95.39,,https://www.mssu.edu/academics/institutional-effectiveness/files/CDS-2025-2026-Missouri-Southern-State-University-Final.pdf
missouri-st,178411,Missouri University of Science and Technology,3.82,2025-26,97.76,,https://data.mst.edu/media/administrative/data/documents/cds/CDS%202025-26%20Gold%20for%20Posting.xlsx
missouri-western-state-university,178387,Missouri Western State University,3.13,2025-26,93.43,,https://www.missouriwestern.edu/ir/wp-content/uploads/sites/169/2026/05/CDS-PDF-2025-2026_MWSU_Final.pdf
montana-state-university,180461,Montana State University,3.51,2025-26,,,https://www.montana.edu/data/common-data-set/cds25.pdf
montclair-state-university,185590,Montclair State University,3.33,2024-25,,,https://irdata.montclair.edu/institutionalresearch/CDS/CDS%202024-2025.pdf
morehead-state-university,157386,Morehead State University,3.46,2024-25,,,https://www.moreheadstate.edu/_files/files/about-msu/leadership/ppe-institutional-research/cds-2024-2025.pdf
neumann-university,214272,Neumann University,3.25,2024-25,,,https://www.neumann.edu/hubfs/CDS%202025-26%20Neumann%20University%20(3).pdf?hsLang=en
new-jersey-institute-of-technology,185828,New Jersey Institute of Technology,3.73,2024-25,85.17,,https://www.njit.edu/oie/sites/njit.edu.oie/files/CDS_2024-2025_v12.xlsx
north-carolina-a-and-t-state-university,199102,North Carolina A & T State University,3.73,2024-25,,,https://www.ncat.edu/provost/ospie/cds_2024-2025_-final-20251201.pdf
north-carolina-central-university,199157,North Carolina Central University,3.25,2024-25,99.0,,https://myeol.nccu.edu/sites/default/files/2025-02/Common-Data-set-2024-2025.pdf
north-central-college,147660,North Central College,3.57,2024-25,,,https://www.northcentralcollege.edu/sites/default/files/Common%20Data%20Set_2024-2025.pdf
northeastern-state-university,207263,Northeastern State University,3.45,2024-25,95.2,,https://offices.nsuok.edu/_resources/documents/Legacy-CDS_2024-2025.xlsx
northern-arizona-university,105330,Northern Arizona University,3.7,2025-26,91.0,,https://in.nau.edu/wp-content/uploads/sites/129/2026/04/CDS-2025-2026.pdf
northern-kentucky-university,157447,Northern Kentucky University,3.34,2025-26,95.86,,https://inside.nku.edu/content/dam/IR/docs/CDS/CDS_Northern%20Kentucky%20University.pdf
northern-michigan-university,171456,Northern Michigan University,3.33,2024-25,99.1,,https://nmu.edu/institutionaleffectiveness/sites/institutionaleffectiveness/files/2025-03/Northern%20Michigan%20University%20-%20CDS%20-%202024-2025.xlsx
nyu,193900,New York University,3.814,2025-26,100.0,,https://www.nyu.edu/content/dam/nyu/institutionalResearch/documents/cds-2025-2026/CDS%202025-2026%20FINAL(including%20G%20July_2026).xlsx
ohio-wesleyan-university,204909,Ohio Wesleyan University,3.7,2023-24,100.0,,https://www.owu.edu/files/resources/ohio-wesleyan-university-cds-2023-2024.pdf
oklahoma-state-university-main-campus,207388,Oklahoma State University-Main Campus,3.76,2025-26,,,https://ira.okstate.edu/site-files/documents/cds/CDS-2025-2026-PDF.pdf
old-dominion-university,232982,Old Dominion University,3.43,2025-26,100.0,,https://www.odu.edu/sites/default/files/2026/documents/cds-2025-2026.pdf
oregon-institute-of-technology,209506,Oregon Institute of Technology,3.57,2025-26,99.8,,https://www.oit.edu/sites/default/files/2026/documents/CDS_202526.pdf
oregon-state-university,209542,Oregon State University,3.7,2025-26,,,https://institutionalresearch.oregonstate.edu/sites/institutionalresearch.oregonstate.edu/files/2026-06/CDS-2025-26_1.pdf
otis-college-of-art-and-design,120403,Otis College of Art and Design,3.28,2024-25,,,https://otis.edu/about/documents/CDS%202024-2025_03282025_FINALv2.pdf
pitt,215293,University of Pittsburgh-Pittsburgh Campus,4.06,2025-26,99.8,weighted,https://www.ir.pitt.edu/sites/default/files/2026-09/2025-2026%20Pittsburgh%20Common%20Data%20Set.pdf
plymouth-state-university,183080,Plymouth State University,3.21,2024-25,86.84,,https://www.plymouth.edu/sites/default/files/media/2025-07/FINAL%20CDS-2024-2025-Plymouth.pdf
portland-state-university,209807,Portland State University,3.36,2023-24,98.3,,https://www.pdx.edu/research-planning/sites/researchplanning.web.wdt.pdx.edu/files/2024-05/CDS_2023-2024%20(Updated%205-8-24%20AM).pdf
presbyterian-college,218539,Presbyterian College,3.2,2023-24,91.6,,https://www.presby.edu/wp-content/uploads/2025/07/CDS_2023_2024_PresbyterianCollege_updated052324.pdf
princeton,186131,Princeton University,3.96,2025-26,,,https://ir.princeton.edu/sites/g/files/toruqf2041/files/documents/CDS_2526_Princeton_v1.3.pdf
purdue-university-main-campus,243780,Purdue University-Main Campus,3.81,2025-26,92.76,,https://www.purdue.edu/idata/wp-content/uploads/2026/04/CDS-2025-2026.xlsx
quincy-university,148131,Quincy University,3.47,2025-26,97.0,,https://www.quincy.edu/wp-content/uploads/2026/03/CDS-PDF-2025-2026_PDF_Template-quincy-university-working-final.pdf
radford-university,233277,Radford University,3.52,2025-26,100.0,,https://www.radford.edu/institutional-research/_documents/cds-2025.pdf
ramapo-college-of-new-jersey,186201,Ramapo College of New Jersey,3.52,2024-25,97.3,,https://www.ramapo.edu/ir/wp-content/uploads/sites/52/2025/04/2024-2025-Common-Data-Set.pdf
regent-university,231651,Regent University,3.31,2023-24,,,https://www.regent.edu/wp-content/uploads/2024/06/Regent-University-Common-Data-Set-2023-2024.pdf
rhode-island-college,217420,Rhode Island College,3.19,2025-26,95.08,,https://www.ric.edu/documents/common-data-set-2025-2026
rhodes,221351,Rhodes College,3.75,2025-26,85.22,,https://www.rhodes.edu/sites/default/files/2026-05/CDS_2025-26_(New_Update).xlsx
rochester-institute-of-technology,195003,Rochester Institute of Technology,3.9,2025-26,98.6,,https://www.rit.edu/institutionalresearch/sites/rit.edu.institutionalresearch/files/documents/Common%20Data%20Set%20PDFs/RIT_CDS_2025_26_FINAL_20260603.pdf
rocky-mountain-college,180595,Rocky Mountain College,3.44,2025-26,100.0,,https://rocky.edu/wp-content/uploads/2025/11/CDS_2025-2026.pdf
rowan-university,184782,Rowan University,3.4,2025-26,100.0,,https://sites.rowan.edu/academic-affairs/ida/_docs/rowan_university_cds.pdf
saginaw-valley-state-university,172051,Saginaw Valley State University,3.55,2025-26,94.09,,https://www.svsu.edu/media/officeofinstitutionalresearch/CDS%202025-2026.xlsx
saint-ambrose-university,154235,Saint Ambrose University,3.32,2025-26,,,https://sau.edu/media/content-assets/pdfs/consumer-information/SAU-Common-Data-Set-2025-26.pdf
saint-john-fisher-college,195720,St. John Fisher University,3.52,2025-26,100.0,,https://www.sjf.edu/media/services/institutional-research/documents/CommonDataSet.pdf
saint-joseph-college,130314,University of Saint Joseph,3.41,2024-25,100.0,,https://www.usj.edu/wp-content/uploads/2025/05/USJ-CDS-2025.pdf
salem-state-university,167729,Salem State University,3.17,2024-25,99.42,,https://records.salemstate.edu/sites/default/files/reports/2026-04/CDS-2024-2025.pdf
salisbury-university,163851,Salisbury University,3.72,2025-26,100.0,,https://www.salisbury.edu/administration/university-analysis-reporting-and-assessment/_files/CDS-2025-2026.pdf
san-diego,122436,University of San Diego,4.02,2024-25,,weighted,https://www.sandiego.edu/facts/documents/cds/cds_2024-25.pdf
san-diego-state,122409,San Diego State University,3.82,2025-26,100.0,,https://asir.sdsu.edu/Documents/CommonDataSets/CDS_2025-2026_updated%207-28.pdf
shenandoah-university,233541,Shenandoah University,3.73,2024-25,99.4,,https://www.su.edu/wp-content/uploads/2014/11/CDS-2425-Final.pdf
southeast-missouri-state-university,179557,Southeast Missouri State University,3.53,2025-26,99.08,,https://semo.edu/institutional-research/_pdfs/accessible_version_cds-pdf-2025-2026-southeastmissouristateuniversity.pdf
southern-methodist-university,228246,Southern Methodist University,3.69,2025-26,100.0,,https://www.smu.edu/-/media/site/ir/commondatasets/2025/cds-2025-26-part-c-first-time-freshman-final.pdf
spelman,141060,Spelman College,3.96,2025-26,99.0,,https://www.spelman.edu/_1_Docs-and-Files/about/institutional-research/common-data-set/cds_2025-2026_spelman_college_1.26.2026.pdf
springfield-college,167899,Springfield College,3.22,2025-26,100.0,,https://springfield.edu/sites/default/files/springfield-college-common-data-set-2025-26.pdf
st-marys-college-of-maryland,163912,St. Mary's College of Maryland,3.49,2025-26,100.0,,https://www.smcm.edu/app/uploads/sites/60/2026/05/CDS_25-26.pdf
st-petersburg-college,137078,St Petersburg College,2.95,2024-25,73.0,,https://ir.spcollege.edu/wp-content/uploads/2025/06/CDS-2024-2025-Final-IR-Website.xlsx
suny-college-of-environmental-science-and-forestry,196103,SUNY College of Environmental Science and Forestry,3.41,2025-26,98.0,,https://www.esf.edu/institutional-research/documents/CDS_2025_2026_ESF.pdf
taylor,152530,Taylor University,3.8,2023-24,99.5,,https://www.taylor.edu/_docs/student-consumer-info/common-data-set-2023-24.pdf
texas-a-m-university-corpus-christi,224147,Texas A & M University-Corpus Christi,3.42,2025-26,,,https://www.tamucc.edu/president/pir/cds_files/cds_2025-2026-final3.pdf
texas-a-m-university-kingsville,228705,Texas A&M University-Kingsville,3.43,2024-25,99.76,,https://www.tamuk.edu/pes/_files_oir/CDS_reports/2024-2025_TAMUK_CDS.pdf
texas-womans-university,229179,Texas Woman's University,3.23,2024-25,,,https://twu.edu/media/documents/irdm/CDS_2024-2025_v2.pdf
the-university-of-tennessee-at-chattanooga,221740,The University of Tennessee-Chattanooga,3.62,2025-26,99.7,,https://www.utc.edu/sites/default/files/2026-09/cds-2025-2026.pdf
the-university-of-west-florida,138354,University of West Florida,3.64,2024-25,100.0,,https://uwf.edu/media/university-of-west-florida/academic-affairs/departments/institutional-research/docs/archive/cds/CDS_2024-25.pdf
thomas-jefferson-university,216366,Thomas Jefferson University,3.726,2024-25,99.43,,https://www.jefferson.edu/content/dam/academic/east-falls/institutional-research-and-planning/tju-common-data-set-2024-2025.xlsx
tiffin-university,206048,Tiffin University,3.2,2023-24,97.0,,https://www.tiffin.edu/wp-content/uploads/2024/02/CDS-Final-PDF-2023-24.pdf
troy-university,102368,Troy University,3.42,2024-25,,,https://www.troy.edu/_assets/irpe/_documents/cds-2024-2025.pdf
uc-riverside,110671,University of California-Riverside,3.75,2025-26,,,https://ir.ucr.edu/sites/default/files/2026-05/cds-2025-2026.pdf
uc-san-diego,110680,University of California-San Diego,3.88,2025-26,94.0,,https://ir.ucsd.edu/stats/undergrad/CDS-2025-2026-Final2.pdf
ucla,110662,University of California-Los Angeles,3.94,2025-26,99.8,,https://apb.ucla.edu/file/d1ab04b3-ee89-4cf2-9124-8dc0471b5e5a
umass-amherst,166629,University of Massachusetts-Amherst,4.05,2025-26,,weighted,https://www.umass.edu/uair/media/1062/download
umd,163286,University of Maryland-College Park,4.41,2025-26,,weighted,https://irpa.umd.edu/InstitutionalData/CommonDataSet/CDS_2025-2026.xlsx
unc,199120,University of North Carolina at Chapel Hill,4.47,2025-26,89.9,weighted,https://oira.unc.edu/wp-content/uploads/sites/297/2026/06/CDS_UNCCH_2025-26_20260615.pdf
university-of-akron-main-campus,200800,University of Akron Main Campus,3.47,2025-26,99.9,,https://www.uakron.edu/ir/docs/CDS/CDS%202025-2026%20University%20of%20Akron%20Main%20Campus.pdf
university-of-alaska-fairbanks,102614,University of Alaska Fairbanks,3.37,2024-25,64.17,,https://www.uaf.edu/pair/pair_reports/common-data-set/UAF_Common_Data_Set_2024_2025.pdf
university-of-arkansas,106397,University of Arkansas,3.83,2025-26,99.9,,https://osai.uark.edu/datasets/cds/cds25-26v4.pdf
university-of-cincinnati-main-campus,201885,University of Cincinnati-Main Campus,3.69,2024-25,99.74,,https://www.uc.edu/content/dam/refresh/provost-62/offices/ir/2025-2026ay/CDS-2024-2025-University%20of%20Cincinnati%20Clifton%20FINAL%20Update%20072125%20Tuition%20Information.pdf
university-of-hawaii-at-manoa,141574,University of Hawaii at Manoa,3.69,2023-24,84.0,,https://manoa.hawaii.edu/miro/wp-content/uploads/2023/11/AnalysisBrief_CommonDataSet_2023-2024_updated.pdf
university-of-houston,225511,University of Houston,3.46,2025-26,97.86,,https://www.uh.edu/ir/reports/common-data-sets/cds-data/common_data_set_2025-2026_final.xlsx
university-of-illinois-at-chicago,145600,University of Illinois Chicago,3.45,2025-26,98.61,,https://oir.uic.edu/wp-content/uploads/sites/213/2026/06/CDS_Final_2025_26.pdf
university-of-kentucky,157085,University of Kentucky,3.58,2025-26,100.0,,https://irads.uky.edu/sites/default/files/2026-07/university-of-kentucky-cds-2025-2026-flat.pdf
university-of-louisiana-at-lafayette,160658,University of Louisiana at Lafayette,3.38,2023-24,,,https://getdata.louisiana.edu/sites/instres/files/UL_CDS_2023-2024.pdf
university-of-memphis,220862,University of Memphis,3.48,2023-24,,,https://www.memphis.edu/oir/oirweb/WebReports/ProfilesAndFactbooks/CDS2023_2024.pdf
university-of-michigan-dearborn,171137,University of Michigan-Dearborn,3.64,2024-25,100.0,,https://umdearborn.edu/sites/default/files/unmanaged/pdf/ire/cds-2024-2025.pdf
university-of-missouri-kansas-city,178402,University of Missouri-Kansas City,3.47,2024-25,,,https://www.umkc.edu/data/docs/cds_2024-2025.pdf
university-of-missouri-st-louis,178420,University of Missouri-St Louis,3.41,2025-26,,,https://www.umsl.edu/~ir/common-data-set/pdf-archive/cds_2025_rv.pdf
university-of-nevada-reno,182290,University of Nevada-Reno,3.42,2025-26,,,https://dataden.unr.edu/Resources/CDS/CDS_2025-2026.pdf
university-of-new-hampshire-main-campus,183044,University of New Hampshire-Main Campus,3.64,2025-26,100.0,,https://www.unh.edu/institutional-research/sites/default/files/media/2026-09/CDS%202025-2026%20UNH%20Published%209.2.26.pdf
university-of-new-mexico-main-campus,187985,University of New Mexico-Main Campus,3.4,2025-26,75.5,,https://oia.unm.edu/resources/cds_25_26_updated.pdf
university-of-north-alabama,101879,University of North Alabama,3.54,2024-25,,,https://www.una.edu/research/Institutional%20Data/2024-2025-cds-university-of-north-alabama.pdf
university-of-north-carolina-at-charlotte,199139,University of North Carolina at Charlotte,3.56,2025-26,93.74,,https://ir.charlotte.edu/wp-content/uploads/sites/871/2026/06/CDS-2025-26.xlsx
university-of-north-carolina-at-pembroke,199281,University of North Carolina at Pembroke,3.43,2025-26,97.44,,https://www.uncp.edu/_files/2025-2026-common-data-set.pdf
university-of-north-georgia,482680,University of North Georgia,3.41,2025-26,98.29,,https://ung.edu/institutional-effectiveness-research-administration/_uploads/files/common-data-sets/cds-2025-2026.xlsx
university-of-northern-iowa,154095,University of Northern Iowa,3.61,2025-26,98.8,,https://ie.uni.edu/sites/default/files/inline-uploads/CDS-2025-2026%20Updated%208.18.26.pdf
university-of-pikeville,157535,University of Pikeville,3.53,2025-26,99.0,,https://www.upike.edu/wp-content/uploads/2025/11/common-data-set-2025.pdf
university-of-rhode-island,217484,University of Rhode Island,3.65,2025-26,99.18,,https://web.uri.edu/ir/wp-content/uploads/sites/276/CDS-PDF-2025-2026_fillablePDF.pdf
university-of-rochester,195030,University of Rochester,3.72,2024-25,,,https://www.rochester.edu/provost/wp-content/uploads/2025/06/CDS_2024-2025-completed-for-web.pdf
university-of-scranton,215929,University of Scranton,3.58,2025-26,,,https://www.scranton.edu/pir/institutional-research/institutional-research-reports/2025-2026-cds.pdf
university-of-south-alabama,102094,University of South Alabama,3.75,2025-26,99.81,,https://www.southalabama.edu/departments/institutionalresearch/resources/usa-cds-2025-2026.pdf
university-of-south-carolina-columbia,218663,University of South Carolina-Columbia,3.69,2024-25,,,http://oiraa.dw.sc.edu/cds/cds2024/CDS_2024-2025.pdf
university-of-south-dakota,219471,University of South Dakota,3.51,2024-25,94.57,,https://www.usd.edu/-/media/Project/USD/DotEdu/About/Departments-Offices-and-Resources/Institutional-Research-Planning-and-Assessment/USD-Common-Data-Set.pdf?rev=1ddcb14196e140a9bec776ebd5bc7b88&hash=F12AD65AC125F221B48CB947AD4702C0
university-of-south-florida-main-campus,137351,University of South Florida,4.06,2024-25,99.5,weighted,https://www.usf.edu/ods/documents/cds/cds-2024-2025-final.pdf
university-of-southern-indiana,151306,University of Southern Indiana,3.42,2024-25,,,https://www.usi.edu/media/clnodgfb/cds-24-25-all-combined_klc_20260819.pdf
university-of-southern-mississippi,176372,University of Southern Mississippi,3.4,2023-24,99.88,,https://www.usm.edu/institutional-research/cds_2023_2024_final.pdf
university-of-the-incarnate-word,225627,University of the Incarnate Word,3.54,2024-25,,,https://my.uiw.edu/ir/_docs/cds-24-25.pdf
university-of-wisconsin-eau-claire,240268,University of Wisconsin-Eau Claire,3.64,2025-26,,,https://www.uwec.edu/sites/default/files/2025-11/CDS2025-2026.pdf
university-of-wisconsin-green-bay,240277,University of Wisconsin-Green Bay,2.98,2025-26,98.89,,https://www.uwgb.edu/getmedia/e4d65779-195e-47a8-95a8-b4e72bc34978/CDS-2025-2026.xlsx
university-of-wisconsin-milwaukee,240453,University of Wisconsin-Milwaukee,3.2,2023-24,98.8,,https://uwm.edu/institutional-research/wp-content/uploads/sites/268/2024/03/CDS23_24_public.pdf
university-of-wisconsin-parkside,240374,University of Wisconsin-Parkside,3.11,2024-25,,,https://www.uwp.edu/wp-content/uploads/2026/07/CDS_2024-25-UW-Parkside.pdf
university-of-wisconsin-stevens-point,240480,University of Wisconsin-Stevens Point,3.2,2023-24,99.0,,https://www3.uwsp.edu/oire/Documents/CDS/CDS_UWSP-Main-AllCampuses/UWSP_CDS_ALLCAMPUSES-2023-2024_062624.pdf
usc,123961,University of Southern California,3.85,2025-26,,,https://oir.usc.edu/wp-content/uploads/sites/3/2026/10/CDS_2025-26_FINAL.pdf
utah-state-university,230728,Utah State University,3.6,2025-26,,,https://www.usu.edu/oda/files/common-data-sets/CDS2025-26.pdf
valparaiso,152600,Valparaiso University,3.68,2025-26,100.0,,https://www.valpo.edu/wp-content/uploads/2026/06/CDS_2025-2026-PDF_v4_2026.06.10.pdf
vanderbilt,221999,Vanderbilt University,3.895,2025-26,99.8,,https://cdn.vanderbilt.edu/vu-wpfsx/wp-content/uploads/sites/70/2026/07/CDS_2025-2026.xlsx
virginia-commonwealth-university,234030,Virginia Commonwealth University,3.63,2024-25,97.89,,https://irds.vcu.edu/media/decision-support/pdf/commondatasets/CommonDataSet2024-25.pdf
virginia-military-institute,234085,Virginia Military Institute,3.6,2025-26,99.1,,https://www.vmi.edu/wp-content/uploads/2026/06/CDS-2025-26-Tuition-Update.pdf
viterbo-university,240107,Viterbo University,3.57,2025-26,96.0,,https://www.viterbo.edu/sites/default/files/2026-04/vu_fa25_cds_final_20260416-a.pdf
wabash-college,152673,Wabash College,3.52,2025-26,91.3,,https://www.wabash.edu/institutional_research/docs/cds-2025-2026.xlsx
walla-walla-university,236896,Walla Walla University,3.6,2023-24,,,https://www.wallawalla.edu/fileadmin/user_upload/Institutional_Research/Common_Data_Set/CDS_2023-2024-1_-_final_01.pdf
washington,236948,University of Washington-Seattle Campus,3.84,2025-26,99.87,,https://cdn.uw.edu/wp-content/uploads/sites/162/2026/02/27111247/CDS_2025-2026_Seattle.pdf
washington-college,164216,Washington College,3.87,2024-25,100.0,,https://www.washcoll.edu/people_departments/offices/institutional-research/common_data_sets_cds/common-data-set-2024-2025.pdf
washington-state-university,236939,Washington State University,3.46,2025-26,99.23,,https://wpcdn.web.wsu.edu/wp-provost/uploads/sites/3285/2026/05/CDS_2025-2026-PDF_For-Website.pdf
wayne-state-university,172644,Wayne State University,3.42,2025-26,95.47,,https://irda.wayne.edu/common-data-set/2025-2026-cds.pdf
wentworth-institute-of-technology,168227,Wentworth Institute of Technology,3.48,2025-26,100.0,,https://wit.edu/sites/default/files/2026-07/Wentworth_CDS_25_26_final6.pdf
west-point,197036,United States Military Academy,4.1,2024-25,100.0,weighted,https://s3.amazonaws.com/usma-media/inline-images/about/g5/G5OIR_CDS_2024-2025.pdf
western-carolina-university,200004,Western Carolina University,3.43,2024-25,,,https://www.wcu.edu/_files/learn/provost/2024-2025-CDS.pdf
western-michigan-university,172699,Western Michigan University,3.55,2025-26,98.5,,https://files.wmich.edu/s3fs-public/2026-02/wmu_cds_2025-26.pdf
western-new-england-university,168254,Western New England University,3.52,2025-26,99.0,,https://wne.edu/institutional-research/doc/CDS-2025-2026.pdf
western-oregon-university,210429,Western Oregon University,3.29,2024-25,99.6,,https://cdn.wou.edu/institutionalresearch/files/2025/09/CDS-2024-2025.pdf
westfield-state-university,168263,Westfield State University,3.24,2023-24,100.0,,https://www.westfield.ma.edu/documents/cds2023-24pdf
westminster-college-ut,230807,Westminster University,3.75,2025-26,98.9,,https://westminsteru.edu/_resources/files/default-source/common-data-set-2025-2026.xlsx
westmont-college,125727,Westmont College,3.64,2024-25,98.0,,https://www.westmont.edu/sites/default/files/2025-11/CDS%202024-25%20Westmont%20College.xlsx
wichita-state-university,156125,Wichita State University,3.41,2025-26,,,https://www.wichita.edu/services/planning_and_analysis/documents/WSU_2025_2026_CDS_OPAweb.xlsx
wilkes-university,216931,Wilkes University,3.46,2025-26,,,https://www.wilkes.edu/about-wilkes/offices-and-administration/institutional-research/_assets/Wilkes%20University%20CDS_2025-26.pdf
worcester-state-university,168430,Worcester State University,3.41,2025-26,100.0,,https://webcdn.worcester.edu/wp-content/uploads/2026/03/WSU-Common-Data-Set-2025-2026_No_G.xlsx
xavier-university,206622,Xavier University,3.66,2023-24,,,https://www.xavier.edu/institutional-research/reports-and-documents/cds_2023-2024-1-legacy-final-12-sep-2024.pdf
yeshiva-university,197708,Yeshiva University,3.49,2023-24,99.9,,https://www.yu.edu/sites/default/files/inline-files/CDS_2023_2024.xlsx
