slug,successor_unitid,successor_name,recommendation
baker-college-center-for-graduate-studies,168847,Baker College,"add a page for Baker College (operating, 3,595 undergraduates) with E's import, then 301 this one to it"
baker-college-of-allen-park,168847,Baker College,"add a page for Baker College (operating, 3,595 undergraduates) with E's import, then 301 this one to it"
baker-college-of-auburn-hills,168847,Baker College,"add a page for Baker College (operating, 3,595 undergraduates) with E's import, then 301 this one to it"
baker-college-of-clinton-township,168847,Baker College,"add a page for Baker College (operating, 3,595 undergraduates) with E's import, then 301 this one to it"
baker-college-of-owosso,168847,Baker College,"add a page for Baker College (operating, 3,595 undergraduates) with E's import, then 301 this one to it"
baker-college-of-port-huron,168847,Baker College,"add a page for Baker College (operating, 3,595 undergraduates) with E's import, then 301 this one to it"
bloomsburg-university-of-pennsylvania,498562,Commonwealth University of Pennsylvania,"add a page for Commonwealth University of Pennsylvania (operating, 9,847 undergraduates) with E's import, then 301 this one to it"
florida-career-college-clearwater,133997,Florida Career College-Miami,retire (410): College Scorecard doesn't show Florida Career College-Miami as operating
fortis-institute,494436,Fortis Institute-Cookeville,keep the page and match it to IPEDS 494436 in E: the same Cookeville campus under a new ID
lock-haven-university,498562,Commonwealth University of Pennsylvania,"add a page for Commonwealth University of Pennsylvania (operating, 9,847 undergraduates) with E's import, then 301 this one to it"
mansfield-university-of-pennsylvania,498562,Commonwealth University of Pennsylvania,"add a page for Commonwealth University of Pennsylvania (operating, 9,847 undergraduates) with E's import, then 301 this one to it"
university-of-phoenix-austin-campus,484756,University of Phoenix-Texas,"301 to one University of Phoenix page (IPEDS 484613, Phoenix AZ, 89,828 undergraduates) added with E's import; University of Phoenix-Texas reports 5 undergraduates, too few for a page of its own"
university-of-phoenix-bay-area-campus,484631,University of Phoenix-California,"301 to one University of Phoenix page (IPEDS 484613, Phoenix AZ, 89,828 undergraduates) added with E's import; University of Phoenix-California reports 24 undergraduates, too few for a page of its own"
university-of-phoenix-central-valley-campus,484631,University of Phoenix-California,"301 to one University of Phoenix page (IPEDS 484613, Phoenix AZ, 89,828 undergraduates) added with E's import; University of Phoenix-California reports 24 undergraduates, too few for a page of its own"
university-of-phoenix-dallas-campus,484756,University of Phoenix-Texas,"301 to one University of Phoenix page (IPEDS 484613, Phoenix AZ, 89,828 undergraduates) added with E's import; University of Phoenix-Texas reports 5 undergraduates, too few for a page of its own"
university-of-phoenix-houston-campus,484756,University of Phoenix-Texas,"301 to one University of Phoenix page (IPEDS 484613, Phoenix AZ, 89,828 undergraduates) added with E's import; University of Phoenix-Texas reports 5 undergraduates, too few for a page of its own"
university-of-phoenix-las-vegas-campus,484710,University of Phoenix-Nevada,retire (410): University of Phoenix-Nevada closed 06/05/2023 (IPEDS HD2024 CLOSEDAT)
university-of-phoenix-northern-nevada-campus,484710,University of Phoenix-Nevada,retire (410): University of Phoenix-Nevada closed 06/05/2023 (IPEDS HD2024 CLOSEDAT)
university-of-phoenix-online-campus,484613,University of Phoenix-Arizona,"301 to one University of Phoenix page (IPEDS 484613, Phoenix AZ, 89,828 undergraduates) added with E's import"
university-of-phoenix-phoenix-hohokam-campus,484613,University of Phoenix-Arizona,"301 to one University of Phoenix page (IPEDS 484613, Phoenix AZ, 89,828 undergraduates) added with E's import"
university-of-phoenix-sacramento-valley-campus,484631,University of Phoenix-California,"301 to one University of Phoenix page (IPEDS 484613, Phoenix AZ, 89,828 undergraduates) added with E's import; University of Phoenix-California reports 24 undergraduates, too few for a page of its own"
university-of-phoenix-san-antonio-campus,484756,University of Phoenix-Texas,"301 to one University of Phoenix page (IPEDS 484613, Phoenix AZ, 89,828 undergraduates) added with E's import; University of Phoenix-Texas reports 5 undergraduates, too few for a page of its own"
university-of-phoenix-san-diego-campus,484631,University of Phoenix-California,"301 to one University of Phoenix page (IPEDS 484613, Phoenix AZ, 89,828 undergraduates) added with E's import; University of Phoenix-California reports 24 undergraduates, too few for a page of its own"
university-of-phoenix-southern-arizona-campus,484613,University of Phoenix-Arizona,"301 to one University of Phoenix page (IPEDS 484613, Phoenix AZ, 89,828 undergraduates) added with E's import"
university-of-phoenix-southern-california-campus,484631,University of Phoenix-California,"301 to one University of Phoenix page (IPEDS 484613, Phoenix AZ, 89,828 undergraduates) added with E's import; University of Phoenix-California reports 24 undergraduates, too few for a page of its own"
