checkpoint,slug,action,target,reason
C,acupuncture-and-massage-college,retire,,closed 09/02/2024 (IPEDS 439969)
C,ai-miami-international-university-of-art-and-design,retire,,closed 09/22/2023 (IPEDS 134811)
C,aib-college-of-business,retire,,closed 06/30/2016 (IPEDS 152822)
C,alderson-broaddus-college,retire,,closed 05/03/2023 (IPEDS 237118)
C,american-academy-of-art,retire,,closed 04/19/2024 (IPEDS 142887)
C,american-conservatory-theater,retire,,closed 05/27/2022 (IPEDS 109086)
C,american-intercontinental-university-south-florida,retire,,closed 07/12/2015 (IPEDS 438601)
C,ancilla-college,retire,,closed 06/30/2021 (IPEDS 150048)
C,antonelli-college-cincinnati,retire,,closed 10/31/2019 (IPEDS 201016)
C,antonelli-college-hattiesburg,retire,,closed 10/31/2019 (IPEDS 383950)
C,antonelli-college-jackson,retire,,closed 10/31/2019 (IPEDS 175528)
C,apex-school-of-theology,retire,,closed 03/20/2020 (IPEDS 441511)
C,asa-institute-of-business-and-computer-technology,retire,,closed 02/24/2023 (IPEDS 404994)
C,bauder-college,retire,,closed 02/23/2016 (IPEDS 139074)
C,blue-cliff-college-houma,retire,,closed 01/31/2022 (IPEDS 450021)
C,blue-cliff-college-shreveport,retire,,closed 12/31/2019 (IPEDS 439482)
C,boulder-college-of-massage-therapy,retire,,closed 06/14/2013 (IPEDS 126410)
C,bramson-ort-college,retire,,closed 02/20/2017 (IPEDS 189422)
C,broadview-entertainment-arts-university,retire,,closed 12/21/2018 (IPEDS 459091)
C,broadview-university-layton,retire,,closed 06/24/2016 (IPEDS 450429)
C,broadview-university-orem,retire,,closed 09/23/2016 (IPEDS 454591)
C,broadview-university,retire,,closed 09/22/2017 (IPEDS 467793)
C,bryan-university-rogers,retire,,closed 10/09/2022 (IPEDS 454458)
C,bryant-and-stratton-college-milwaukee,retire,,closed 08/13/2018 (IPEDS 239929)
C,business-informatics-center-inc,retire,,closed 12/31/2015 (IPEDS 189653)
C,cabrini-college,retire,,closed 05/11/2024 (IPEDS 211352)
C,california-christian-college,retire,,closed 06/25/2023 (IPEDS 110918)
C,cambria-rowe-business-college-indiana,retire,,closed 08/24/2016 (IPEDS 428329)
C,cambria-rowe-business-college-johnstown,retire,,closed 08/24/2016 (IPEDS 211398)
C,career-technical-college-shreveport,retire,,closed 05/25/2018 (IPEDS 446880)
C,centura-college-richmond-main,retire,,closed 12/15/2023 (IPEDS 427982)
C,centura-college-richmond-westend,retire,,closed 09/05/2013 (IPEDS 440378)
C,centura-institute,retire,,closed 02/10/2017 (IPEDS 446446)
C,chancellor-university,retire,,closed 08/25/2013 (IPEDS 202611)
C,chester-college-of-new-england,retire,,closed 7/2/2012 (IPEDS 183345)
C,cincinnati-christian-university,retire,,closed 01/20/2020 (IPEDS 201858)
C,city-college-gainesville,retire,,closed 08/15/2023 (IPEDS 406547)
C,city-college-miami,retire,,closed 04/01/2023 (IPEDS 434539)
C,college-america-cheyenne,retire,,closed 03/19/2017 (IPEDS 451705)
C,college-america-colorado-springs,retire,,closed 09/13/2020 (IPEDS 448752)
C,college-america-denver,retire,,closed 09/13/2020 (IPEDS 126872)
C,college-america-flagstaff,retire,,closed 02/08/2021 (IPEDS 103945)
C,college-america-fort-collins,retire,,closed 09/13/2020 (IPEDS 448761)
C,college-of-business-and-technology-kendall,retire,,closed 03/05/2018 (IPEDS 417318)
C,collins-college,retire,,closed 09/30/2015 (IPEDS 103723)
C,colorado-technical-university-kansas-city,retire,,closed 07/01/2014 (IPEDS 409838)
C,compass-college-of-cinematic-arts,retire,,closed 08/04/2023 (IPEDS 459417)
C,concordia-college-selma,retire,,closed 06/08/2018 (IPEDS 101073)
C,concordia-university-portland,retire,,closed 07/11/2020 (IPEDS 208488)
C,court-reporting-institute-wheeler-institute-of-texas,retire,,closed 03/26/2015 (IPEDS 224183)
C,daniel-webster-college,retire,,closed 09/14/2016 (IPEDS 182661)
C,daymar-college-bowling-green,retire,,closed 03/21/2022 (IPEDS 363439)
C,daymar-college-jackson,retire,,closed 06/20/2016 (IPEDS 205531)
C,daymar-college-lancaster,retire,,closed 05/26/2023 (IPEDS 205559)
C,daymar-college-madisonville,retire,,closed 12/11/2016 (IPEDS 449302)
C,daymar-college-new-boston,retire,,closed 09/30/2015 (IPEDS 205522)
C,daymar-college-online,retire,,closed 12/31/2014 (IPEDS 458557)
C,daymar-college-paducah-main,retire,,closed 09/14/2015 (IPEDS 156903)
C,daymar-college-scottsville,retire,,closed 09/30/2014 (IPEDS 455646)
C,daymar-institute-clarksville,retire,,closed 05/26/2023 (IPEDS 368443)
C,daymar-institute-murfreesboro,retire,,closed 05/26/2023 (IPEDS 444255)
C,daymar-institute-nashville,retire,,closed 05/26/2023 (IPEDS 220002)
C,dean-institute-of-technology,retire,,closed 05/14/2019 (IPEDS 211909)
C,delaware-college-of-art-and-design,retire,,closed 05/06/2024 (IPEDS 432524)
C,digital-media-arts-college,retire,,closed 10/18/2017 (IPEDS 451060)
C,duluth-business-university,retire,,closed 06/12/2018 (IPEDS 173489)
C,eagle-gate-college-salt-lake-city,retire,,closed 04/30/2015 (IPEDS 447625)
C,east-san-gabriel-valley-regional-occupational-program,retire,,closed 06/30/2020 (IPEDS 413802)
C,ecotech-institute,retire,,closed 12/07/2018 (IPEDS 460215)
C,erie-business-center-erie,retire,,closed 12/17/2014 (IPEDS 212425)
C,erie-business-center-new-castle,retire,,closed 12/17/2014 (IPEDS 213686)
C,expression-college-for-digital-arts,retire,,closed 12/15/2022 (IPEDS 447458)
C,fashion-careers-college,retire,,closed 01/31/2013 (IPEDS 114372)
C,finlandia-university,retire,,closed 05/07/2023 (IPEDS 172440)
C,forrest-college,retire,,closed 06/19/2020 (IPEDS 218043)
C,fortis-college-largo,retire,,closed 09/25/2016 (IPEDS 447360)
C,fortis-college-miami,retire,,closed 06/09/2014 (IPEDS 404921)
C,fortis-college-phoenix,retire,,closed 12/22/2019 (IPEDS 456180)
C,fortis-college-ravenna,retire,,closed 11/11/2018 (IPEDS 201399)
C,fortis-college-tampa,retire,,closed 12/26/2013 (IPEDS 136075)
C,fortis-college-winter-park,retire,,closed 11/15/2016 (IPEDS 132806)
C,fortis-institute-erie,retire,,closed 12/19/2019 (IPEDS 216418)
C,fountainhead-college-of-technology,retire,,closed 10/30/2018 (IPEDS 221795)
C,gallipolis-career-college,retire,,closed 12/13/2017 (IPEDS 205513)
C,golf-academy-of-america-altamonte-springs,retire,,closed 12/14/2018 (IPEDS 430157)
C,golf-academy-of-america-carlsbad,retire,,closed 12/14/2018 (IPEDS 122366)
C,golf-academy-of-america-chandler,retire,,closed 12/14/2018 (IPEDS 430166)
C,golf-academy-of-america-myrtle-beach,retire,,closed 12/14/2018 (IPEDS 434690)
C,hands-on-medical-massage-school,retire,,closed 12/31/2015 (IPEDS 461777)
C,herzing-university-toledo,retire,,closed 04/24/2019 (IPEDS 457022)
C,hesser-college,retire,,closed 04/23/2016 (IPEDS 182865)
C,hickey-college,retire,,closed 08/31/2018 (IPEDS 177579)
C,hiwassee-college,retire,,closed 05/10/2019 (IPEDS 220312)
C,hodges-university,retire,,closed 08/25/2024 (IPEDS 367884)
C,hussian-school-of-art,retire,,closed 05/26/2023 (IPEDS 212993)
C,institute-of-design-and-construction,retire,,closed 07/10/2015 (IPEDS 191764)
C,institute-of-production-and-recording,retire,,closed 03/17/2023 (IPEDS 454616)
C,international-business-college,retire,,closed 02/28/2020 (IPEDS 151458)
C,international-college-of-broadcasting,retire,,closed 07/05/2024 (IPEDS 203289)
C,iowa-wesleyan-college,retire,,closed 05/31/2023 (IPEDS 153621)
C,johnson-wales-university-denver,retire,,closed 05/08/2021 (IPEDS 439288)
C,johnson-wales-university-north-miami,retire,,closed 05/04/2021 (IPEDS 414823)
C,jones-international-university,retire,,closed 12/31/2015 (IPEDS 444723)
C,judson-college,retire,,closed 07/31/2021 (IPEDS 101541)
C,key-college,retire,,closed 08/14/2024 (IPEDS 134422)
C,kilian-community-college,retire,,closed 05/31/2016 (IPEDS 219055)
C,kings-college-nc,retire,,closed 12/21/2018 (IPEDS 382504)
C,laurel-university,retire,,closed 05/11/2018 (IPEDS 198747)
C,lebanon-college,retire,,closed 12/31/2014 (IPEDS 182908)
C,lincoln-christian-university,retire,,closed 05/31/2024 (IPEDS 146667)
C,lincoln-college-of-new-england-southington,retire,,closed 12/20/2018 (IPEDS 128683)
C,lincoln-college-of-new-england-suffield,retire,,closed 10/1/2012 (IPEDS 409333)
C,lincoln-college-of-technology-cleveland,retire,,closed 12/31/2013 (IPEDS 462266)
C,lincoln-college-of-technology-columbus,retire,,closed 12/31/2013 (IPEDS 462257)
C,lincoln-college-of-technology-dayton,retire,,closed 12/31/2013 (IPEDS 205726)
C,lincoln-college-of-technology-florence,retire,,closed 12/31/2013 (IPEDS 245032)
C,lincoln-college-of-technology-franklin-lct,retire,,closed 12/31/2012 (IPEDS 205692)
C,lincoln-college-of-technology-toledo,retire,,closed 12/31/2013 (IPEDS 456278)
C,lincoln-college-of-technology-tri-county,retire,,closed 12/31/2013 (IPEDS 205708)
C,lincoln-college-of-technology-vine-street,retire,,closed 12/31/2012 (IPEDS 205717)
C,lincoln-college-of-technology-west-palm-beach,retire,,closed 03/23/2017 (IPEDS 136066)
C,living-arts-college,retire,,closed 12/13/2022 (IPEDS 421832)
C,lon-morris-college,retire,,closed 08/19/2012 (IPEDS 226329)
C,macmurray-college,retire,,closed 07/01/2020 (IPEDS 146825)
C,marian-court-college,retire,,closed 06/30/2015 (IPEDS 166601)
C,marygrove-college,retire,,closed 12/17/2019 (IPEDS 170842)
C,marylhurst-university,retire,,closed 09/02/2018 (IPEDS 209108)
C,mccann-school-of-business-and-technology,retire,,closed 05/25/2018 (IPEDS 438212)
C,mcnally-smith-college-of-music,retire,,closed 12/15/2017 (IPEDS 367194)
C,medaille-college,retire,,closed 08/31/2023 (IPEDS 192925)
C,medtech-college-ft-wayne-campus,retire,,closed 09/16/2016 (IPEDS 456366)
C,medtech-college-greenwood-campus,retire,,closed 09/16/2016 (IPEDS 456357)
C,medtech-college-lexington-campus,retire,,closed 08/23/2016 (IPEDS 456375)
C,medtech-college,retire,,closed 09/16/2016 (IPEDS 448415)
C,medvance-institute-fort-lauderdale,retire,,closed 03/25/2016 (IPEDS 443438)
C,medvance-institute-miami,retire,,closed 07/01/2015 (IPEDS 445753)
C,medvance-institute-west-palm,retire,,closed 09/15/2016 (IPEDS 442745)
C,metro-business-college-arnold,retire,,closed 06/01/2015 (IPEDS 455673)
C,miami-jacobs-career-college-columbus,retire,,closed 04/20/2018 (IPEDS 369862)
C,miami-jacobs-career-college-dayton,retire,,closed 11/19/2017 (IPEDS 204060)
C,miami-jacobs-career-college-sharonville,retire,,closed 09/11/2016 (IPEDS 441201)
C,miami-jacobs-career-college-springboro,retire,,closed 09/18/2017 (IPEDS 449126)
C,miami-jacobs-career-college-troy,retire,,closed 11/19/2017 (IPEDS 450003)
C,miami-jacobs-career-college,retire,,closed 11/19/2017 (IPEDS 200633)
C,mid-continent-university,retire,,closed 06/30/2014 (IPEDS 157359)
C,midstate-college,retire,,closed 08/16/2019 (IPEDS 147165)
C,miller-motte-college-cary,retire,,closed 08/04/2019 (IPEDS 449117)
C,miller-motte-college-greenville,retire,,closed 05/25/2018 (IPEDS 455655)
C,miller-motte-technical-college-clarksville,retire,,closed 05/25/2018 (IPEDS 382771)
C,miller-motte-technical-college-gulfport,retire,,closed 04/05/2017 (IPEDS 475079)
C,miller-motte-technical-college-lynchburg,retire,,closed 05/25/2018 (IPEDS 233091)
C,miller-motte-technical-college-madison,retire,,closed 12/24/2017 (IPEDS 448664)
C,minneapolis-business-college,retire,,closed 12/20/2019 (IPEDS 174118)
C,missouri-tech,retire,,closed 07/31/2015 (IPEDS 178350)
C,mountain-state-college,retire,,closed 03/31/2024 (IPEDS 237598)
C,mt-sierra-college,retire,,closed 06/25/2019 (IPEDS 398130)
C,multnomah-university,retire,,closed 05/01/2024 (IPEDS 209287)
C,national-american-university-albuquerque,retire,,closed 11/30/2018 (IPEDS 248882)
C,national-american-university-austin,retire,,closed 11/30/2019 (IPEDS 451875)
C,national-american-university-bloomington,retire,,closed 04/22/2018 (IPEDS 436483)
C,national-american-university-brooklyn-center,retire,,closed 04/22/2018 (IPEDS 440767)
C,national-american-university-centennial,retire,,closed 11/30/2019 (IPEDS 466161)
C,national-american-university-colorado-springs,retire,,closed 11/30/2018 (IPEDS 127680)
C,national-american-university-denver,retire,,closed 11/30/2015 (IPEDS 127699)
C,national-american-university-ellsworth-afb-extension,retire,,closed 09/29/2023 (IPEDS 440749)
C,national-american-university-independence,retire,,closed 05/31/2019 (IPEDS 247700)
C,national-american-university-lees-summit,retire,,closed 11/30/2018 (IPEDS 466170)
C,national-american-university-overland-park,retire,,closed 11/30/2019 (IPEDS 442718)
C,national-american-university-roseville,retire,,closed 04/21/2019 (IPEDS 174385)
C,national-american-university-sioux-falls,retire,,closed 05/31/2019 (IPEDS 219213)
C,national-american-university-tulsa,retire,,closed 05/31/2019 (IPEDS 466152)
C,national-american-university-wichita,retire,,closed 08/31/2019 (IPEDS 451884)
C,national-american-university-zona-rosa,retire,,closed 11/30/2018 (IPEDS 448585)
C,national-college-cincinnati,retire,,closed 01/21/2017 (IPEDS 453473)
C,national-college-columbus,retire,,closed 01/23/2017 (IPEDS 457004)
C,national-college-dayton,retire,,closed 06/01/2019 (IPEDS 453455)
C,national-college-of-business-and-technology-nashville,retire,,closed 08/17/2019 (IPEDS 388043)
C,national-college-stow,retire,,closed 11/17/2014 (IPEDS 453482)
C,national-college-willoughby-hills,retire,,closed 11/17/2014 (IPEDS 459833)
C,northwest-technical-institute,retire,,closed 04/30/2014 (IPEDS 174482)
C,northwood-university-florida,retire,,closed 12/31/2015 (IPEDS 136206)
C,notre-dame-college,retire,,closed 05/02/2024 (IPEDS 204468)
C,oak-point-university,retire,,closed 04/19/2024 (IPEDS 149763)
C,ohio-college-of-massotherapy-inc,retire,,closed 09/22/2016 (IPEDS 204592)
C,ohio-mid-western-college,retire,,closed 03/20/2015 (IPEDS 206002)
C,ohio-valley-university,retire,,closed 12/17/2021 (IPEDS 237640)
C,olean-business-institute,retire,,closed 09/01/2013 (IPEDS 194204)
C,oregon-college-of-art-and-craft,retire,,closed 05/16/2019 (IPEDS 209533)
C,pennsylvania-institute-of-health-and-technology,retire,,closed 03/26/2023 (IPEDS 261861)
C,pinnacle-career-institute-lawrence,retire,,closed 08/15/2017 (IPEDS 367097)
C,pioneer-pacific-college,retire,,closed 05/08/2020 (IPEDS 210076)
C,platt-college-aurora,retire,,closed 12/14/2024 (IPEDS 260813)
C,platt-college-san-diego,retire,,closed 06/28/2023 (IPEDS 121275)
C,presentation-college,retire,,closed 08/04/2023 (IPEDS 219295)
C,prince-institute-of-professional-studies-inc,retire,,closed 03/16/2017 (IPEDS 101958)
C,prince-institute-rocky-mountains,retire,,closed 06/14/2014 (IPEDS 126924)
C,remington-college-cleveland-west-campus,retire,,closed 01/16/2014 (IPEDS 444121)
C,remington-college-colorado-springs-campus,retire,,closed 05/20/2014 (IPEDS 381741)
C,remington-college-honolulu-campus,retire,,closed 01/08/2020 (IPEDS 372958)
C,remington-college-houston-campus,retire,,closed 01/14/2016 (IPEDS 380094)
C,remington-college-little-rock-campus,retire,,closed 07/02/2020 (IPEDS 438869)
C,remington-college-tampa-campus,retire,,closed 04/07/2016 (IPEDS 135939)
C,remington-college,retire,,closed 01/29/2021 (IPEDS 460783)
C,sage-college,retire,,closed 12/22/2016 (IPEDS 410520)
C,saint-catharine-college,retire,,closed 07/31/2016 (IPEDS 157632)
C,saint-josephs-college,retire,,closed 06/30/2017 (IPEDS 152363)
C,san-francisco-art-institute,retire,,closed 07/15/2022 (IPEDS 122454)
C,santa-barbara-business-college-santa-maria,retire,,closed 08/01/2021 (IPEDS 122852)
C,shorter-university-college-of-adult-professional-programs,retire,,closed 12/08/2017 (IPEDS 448309)
C,sierra-nevada-college,retire,,closed 06/30/2022 (IPEDS 182458)
C,silver-lake-college-of-the-holy-family,retire,,closed 08/29/2020 (IPEDS 239743)
C,simmons-institute-of-funeral-service-inc,retire,,closed 08/31/2014 (IPEDS 195492)
C,skyline-college-roanoke,retire,,closed 11/30/2015 (IPEDS 261931)
C,sojourner-douglass-college,retire,,closed 06/30/2015 (IPEDS 163921)
C,southeastern-bible-college,retire,,closed 06/01/2017 (IPEDS 102261)
C,southwest-university-of-visual-arts-albuquerque,retire,,closed 05/05/2020 (IPEDS 402776)
C,southwest-university-of-visual-arts-tucson,retire,,closed 11/30/2020 (IPEDS 104188)
C,stenotype-institute-of-jacksonville-inc-jacksonville,retire,,closed 03/15/2016 (IPEDS 137537)
C,stenotype-institute-of-jacksonville-inc-orlando,retire,,closed 09/30/2013 (IPEDS 442684)
C,stratford-university,retire,,closed 10/07/2022 (IPEDS 438498)
C,the-creative-center,retire,,closed 07/21/2021 (IPEDS 430485)
C,the-illinois-institute-of-art-schaumburg,retire,,closed 12/14/2018 (IPEDS 428286)
C,the-national-hispanic-university,retire,,closed 06/28/2015 (IPEDS 119544)
C,trident-university-international,retire,,closed 03/02/2020 (IPEDS 450979)
C,trinity-international-university-florida,retire,,closed 06/03/2024 (IPEDS 135610)
C,trumbull-business-college,retire,,closed 03/21/2017 (IPEDS 206224)
C,university-of-phoenix-albuquerque-campus,retire,,closed 04/26/2020 (IPEDS 405997)
C,university-of-phoenix-birmingham-campus,retire,,closed 05/23/2017 (IPEDS 450456)
C,university-of-phoenix-boston-campus,retire,,closed 08/08/2018 (IPEDS 440420)
C,university-of-phoenix-cheyenne-campus,retire,,closed 03/28/2013 (IPEDS 446701)
C,university-of-phoenix-chicago-campus,retire,,closed 06/13/2019 (IPEDS 442161)
C,university-of-phoenix-cincinnati-campus,retire,,closed 06/04/2013 (IPEDS 443456)
C,university-of-phoenix-cleveland-campus,retire,,closed 10/30/2017 (IPEDS 439297)
C,university-of-phoenix-columbia-campus,retire,,closed 09/17/2018 (IPEDS 448567)
C,university-of-phoenix-columbus-ohio-campus,retire,,closed 06/04/2013 (IPEDS 443906)
C,university-of-phoenix-delaware,retire,,closed 07/11/2013 (IPEDS 462406)
C,university-of-phoenix-des-moines-campus,retire,,closed 03/08/2016 (IPEDS 446729)
C,university-of-phoenix-fairfield-county-campus,retire,,closed 08/09/2016 (IPEDS 448822)
C,university-of-phoenix-indianapolis-campus,retire,,closed 03/09/2017 (IPEDS 443544)
C,university-of-phoenix-jackson-campus,retire,,closed 02/24/2016 (IPEDS 462390)
C,university-of-phoenix-jersey-city-campus,retire,,closed 08/09/2021 (IPEDS 445300)
C,university-of-phoenix-louisville-campus,retire,,closed 04/03/2018 (IPEDS 445391)
C,university-of-phoenix-madison-campus,retire,,closed 08/01/2013 (IPEDS 448558)
C,university-of-phoenix-maryland-campus,retire,,closed 06/06/2018 (IPEDS 434973)
C,university-of-phoenix-milwaukee-campus,retire,,closed 03/29/2017 (IPEDS 440457)
C,university-of-phoenix-omaha-campus,retire,,closed 08/01/2014 (IPEDS 448521)
C,university-of-phoenix-oregon-campus,retire,,closed 11/14/2017 (IPEDS 432241)
C,university-of-phoenix-springfield-campus,retire,,closed 08/01/2013 (IPEDS 446710)
C,university-of-phoenix-utah-campus,retire,,closed 01/21/2021 (IPEDS 380465)
C,university-of-phoenix-western-washington-campus,retire,,closed 09/27/2020 (IPEDS 432223)
C,university-of-phoenix-wichita-campus,retire,,closed 07/11/2013 (IPEDS 443465)
C,university-of-saint-katherine,retire,,closed 04/25/2024 (IPEDS 488785)
C,valley-college-princeton,retire,,closed 10/31/2019 (IPEDS 377670)
C,victory-university,retire,,closed 05-07-2014 (IPEDS 220941)
C,watkins-college-of-art-design-and-film,retire,,closed 06/30/2020 (IPEDS 392840)
C,western-international-university,retire,,closed 02/12/2019 (IPEDS 106102)
C,yorktowne-business-institute,retire,,closed 06/15/2015 (IPEDS 217086)
C,acadiana-technical-college-lafayette-campus,301,https://gpacalculator.net/admissions/south-louisiana-community-college/,merged into South Louisiana Community College (IPEDS 434061)
C,altamaha-technical-college,301,https://gpacalculator.net/admissions/coastal-pines-technical-college/,merged into Coastal Pines Technical College (IPEDS 485458)
C,american-sentinel-university,301,https://gpacalculator.net/admissions/post-university/,merged into Post University (IPEDS 130183)
C,averett-university-non-traditional-programs,301,https://gpacalculator.net/admissions/averett-university/,merged into Averett University (IPEDS 231420)
C,bainbridge-college,301,https://gpacalculator.net/admissions/abraham-baldwin-agricultural-college/,merged into Abraham Baldwin Agricultural College (IPEDS 138558)
C,bryant-and-stratton-college-cleveland,301,https://gpacalculator.net/admissions/bryant-and-stratton-college-parma/,merged into Bryant & Stratton College-Parma (IPEDS 201469)
C,bryant-and-stratton-college-eastlake,301,https://gpacalculator.net/admissions/bryant-and-stratton-college-parma/,merged into Bryant & Stratton College-Parma (IPEDS 201469)
C,bryant-and-stratton-college-glendale,301,https://gpacalculator.net/admissions/bryant-and-stratton-college-wauwatosa/,merged into Bryant & Stratton College-Wauwatosa (IPEDS 451750)
C,colorado-technical-university-greenwood-village,301,https://gpacalculator.net/admissions/colorado-technical-university-colorado-springs/,merged into Colorado Technical University-Colorado Springs (IPEDS 126827)
C,colorado-technical-university-online,301,https://gpacalculator.net/admissions/colorado-technical-university-colorado-springs/,merged into Colorado Technical University-Colorado Springs (IPEDS 126827)
C,colorado-technical-university-sioux-falls,301,https://gpacalculator.net/admissions/colorado-technical-university-colorado-springs/,merged into Colorado Technical University-Colorado Springs (IPEDS 126827)
C,darton-college,301,https://gpacalculator.net/admissions/albany-state-university/,merged into Albany State University (IPEDS 138716)
C,georgia-military-college-atlanta-campus,301,https://gpacalculator.net/admissions/georgia-military-college/,merged into Georgia Military College (IPEDS 485111)
C,jefferson-college-of-health-sciences,301,https://gpacalculator.net/admissions/radford-university/,merged into Radford University (IPEDS 233277)
C,kendall-college,301,https://gpacalculator.net/admissions/national-louis-university/,merged into National Louis University (IPEDS 147536)
C,lyme-academy-college-of-fine-arts,301,https://gpacalculator.net/admissions/university-of-new-haven/,merged into University of New Haven (IPEDS 129941)
C,monroe-college-new-rochelle,301,https://gpacalculator.net/admissions/monroe-college-main-campus/,merged into Monroe University (IPEDS 193308)
C,moultrie-technical-college,301,https://gpacalculator.net/admissions/southern-regional-technical-college/,merged into Southern Regional Technical College (IPEDS 487162)
C,new-england-school-of-communications,301,https://gpacalculator.net/admissions/husson-university/,merged into Husson University (IPEDS 487524)
C,new-hampshire-institute-of-art,301,https://gpacalculator.net/admissions/new-england-college/,merged into New England College (IPEDS 182980)
C,northeast-louisiana-technical-college-delta-ouachita-campus,301,https://gpacalculator.net/admissions/louisiana-delta-community-college/,merged into Louisiana Delta Community College (IPEDS 483212)
C,okefenokee-technical-college,301,https://gpacalculator.net/admissions/coastal-pines-technical-college/,merged into Coastal Pines Technical College (IPEDS 485458)
C,piedmont-international-university,301,https://gpacalculator.net/admissions/carolina-university/,merged into Carolina University (IPEDS 489937)
C,polytechnic-institute-of-new-york-university,301,https://gpacalculator.net/admissions/nyu/,merged into New York University (IPEDS 193900)
C,prince-william-sound-community-college,301,https://gpacalculator.net/admissions/university-of-alaska-anchorage/,merged into University of Alaska Anchorage (IPEDS 102553)
C,robert-morris-university-illinois,301,https://gpacalculator.net/admissions/roosevelt-university/,merged into Roosevelt University (IPEDS 148487)
C,school-of-the-museum-of-fine-arts-boston,301,https://gpacalculator.net/admissions/tufts/,merged into Tufts University (IPEDS 168148)
C,south-central-louisiana-technical-college-young-memorial-campus,301,https://gpacalculator.net/admissions/south-louisiana-community-college/,merged into South Louisiana Community College (IPEDS 434061)
C,st-vincents-college,301,https://gpacalculator.net/admissions/sacred-heart-university/,merged into Sacred Heart University (IPEDS 130253)
C,tennessee-temple-university,301,https://gpacalculator.net/admissions/carolina-university/,merged into Carolina University (IPEDS 489937)
C,texas-a-m-university-galveston,301,https://gpacalculator.net/admissions/texas-a-and-m-university-college-station/,merged into Texas A&M University-College Station (IPEDS 228723)
C,texas-state-technical-college-harlingen,301,https://gpacalculator.net/admissions/texas-state-technical-college/,merged into Texas State Technical College (IPEDS 487320)
C,texas-state-technical-college-marshall,301,https://gpacalculator.net/admissions/texas-state-technical-college/,merged into Texas State Technical College (IPEDS 487320)
C,texas-state-technical-college-west-texas,301,https://gpacalculator.net/admissions/texas-state-technical-college/,merged into Texas State Technical College (IPEDS 487320)
C,university-of-phoenix-atlanta-campus,retire,,merged into University of Phoenix-Georgia (IPEDS 484677); the successor closed too
C,university-of-phoenix-augusta-campus,retire,,merged into University of Phoenix-Georgia (IPEDS 484677); the successor closed too
C,university-of-phoenix-baton-rouge,retire,,merged into University of Phoenix-Louisiana (IPEDS 484686); the successor closed too
C,university-of-phoenix-central-florida-campus,retire,,merged into University of Phoenix-Florida (IPEDS 484668); the successor closed too
C,university-of-phoenix-charlotte-campus,retire,,merged into University of Phoenix-North Carolina (IPEDS 484729); the successor closed too
C,university-of-phoenix-chattanooga-campus,retire,,merged into University of Phoenix-Tennessee (IPEDS 484747); the successor closed too
C,university-of-phoenix-columbus-georgia-campus,retire,,merged into University of Phoenix-Georgia (IPEDS 484677); the successor closed too
C,university-of-phoenix-kansas-city-campus,retire,,merged into University of Phoenix-Missouri (IPEDS 484701); the successor closed too
C,university-of-phoenix-knoxville,retire,,merged into University of Phoenix-Tennessee (IPEDS 484747); the successor closed too
C,university-of-phoenix-lafayette,retire,,merged into University of Phoenix-Louisiana (IPEDS 484686); the successor closed too
C,university-of-phoenix-little-rock-campus,retire,,merged into University of Phoenix-Arkansas (IPEDS 484622); the successor closed too
C,university-of-phoenix-louisiana-campus,retire,,merged into University of Phoenix-Louisiana (IPEDS 484686); the successor closed too
C,university-of-phoenix-memphis-campus,retire,,merged into University of Phoenix-Tennessee (IPEDS 484747); the successor closed too
C,university-of-phoenix-metro-detroit-campus,retire,,merged into University of Phoenix-Michigan (IPEDS 484695); the successor closed too
C,university-of-phoenix-nashville-campus,retire,,merged into University of Phoenix-Tennessee (IPEDS 484747); the successor closed too
C,university-of-phoenix-north-florida-campus,retire,,merged into University of Phoenix-Florida (IPEDS 484668); the successor closed too
C,university-of-phoenix-northern-virginia-campus,retire,,merged into University of Phoenix-Virginia (IPEDS 484765); the successor closed too
C,university-of-phoenix-northwest-arkansas-campus,retire,,merged into University of Phoenix-Arkansas (IPEDS 484622); the successor closed too
C,university-of-phoenix-northwest-indiana-campus,retire,,merged into University of Phoenix-Indiana (IPEDS 443544); the successor closed too
C,university-of-phoenix-oklahoma-city-campus,retire,,merged into University of Phoenix-Oklahoma (IPEDS 484738); the successor closed too
C,university-of-phoenix-raleigh-campus,retire,,merged into University of Phoenix-North Carolina (IPEDS 484729); the successor closed too
C,university-of-phoenix-richmond-campus,retire,,merged into University of Phoenix-Virginia (IPEDS 484765); the successor closed too
C,university-of-phoenix-savannah-campus,retire,,merged into University of Phoenix-Georgia (IPEDS 484677); the successor closed too
C,university-of-phoenix-shreveport-bossier,retire,,merged into University of Phoenix-Louisiana (IPEDS 484686); the successor closed too
C,university-of-phoenix-south-florida-campus,retire,,merged into University of Phoenix-Florida (IPEDS 484668); the successor closed too
C,university-of-phoenix-southern-colorado-campus,retire,,merged into University of Phoenix-Colorado (IPEDS 484640); the successor closed too
C,university-of-phoenix-st-louis-campus,retire,,merged into University of Phoenix-Missouri (IPEDS 484701); the successor closed too
C,university-of-phoenix-tulsa-campus,retire,,merged into University of Phoenix-Oklahoma (IPEDS 484738); the successor closed too
C,university-of-phoenix-west-florida-campus,retire,,merged into University of Phoenix-Florida (IPEDS 484668); the successor closed too
C,university-of-phoenix-west-michigan-campus,retire,,merged into University of Phoenix-Michigan (IPEDS 484695); the successor closed too
C,university-of-south-florida-st-petersburg-campus,301,https://gpacalculator.net/admissions/university-of-south-florida-main-campus/,merged into University of South Florida (IPEDS 137351)
C,university-of-the-sciences,301,https://gpacalculator.net/admissions/saint-josephs-university/,merged into Saint Joseph's University - Philadelphia (IPEDS 215770)
C,urbana-university,301,https://gpacalculator.net/admissions/franklin-university/,merged into Franklin University (IPEDS 202806)
C,utah-state-university-college-of-eastern-utah,301,https://gpacalculator.net/admissions/utah-state-university/,merged into Utah State University (IPEDS 230728)
C,wesley-college,301,https://gpacalculator.net/admissions/delaware-state-university/,merged into Delaware State University (IPEDS 130934)
C,widener-university-delaware-campus,301,https://gpacalculator.net/admissions/widener-university-main-campus/,merged into Widener University (IPEDS 216852)
D,pinnacle-career-institute-south-kansas-city,301,https://gpacalculator.net/admissions/pinnacle-career-institute-north-kansas-city/,same college as pinnacle-career-institute-north-kansas-city (IPEDS 177302)
D,louisiana-delta-community-college-monroe-campus,301,https://gpacalculator.net/admissions/louisiana-delta-community-college/,same college as louisiana-delta-community-college (IPEDS 483212)
D,georgia-military-college-milledgeville-campus,301,https://gpacalculator.net/admissions/georgia-military-college/,same college as georgia-military-college (IPEDS 485111)
D,texas-state-technical-college-waco,301,https://gpacalculator.net/admissions/texas-state-technical-college/,same college as texas-state-technical-college (IPEDS 487320)
