slug,post_title,ipeds_unitid,ipeds_name,college_city,college_state,college_control,college_level,location,owning,adm_year,adm_open_admission,open_admission_year,adm_applicants,adm_admits,acceptance_rate,enrollment,enrollment_year,net_price,net_price_year,net_price_scope,applicants_submitting_sat,applicant_submitting_act,act_range,average_sat_score,average_sat_score_source,sat_reading_25,sat_reading_50,sat_reading_75,sat_math_25,sat_math_50,sat_math_75,act_composite_25,act_composite_50,act_composite_75,act_english_25,act_english_50,act_english_75,act_math_25,act_math_50,act_math_75,admission_requirements_test_scores,admission_requirements_high_school_gpa,admission_requirements_high_school_class_rank,admission_requirements_completion_of_college_preparatory_program,admission_requirements_recommendations,admission_requirements_demonstration_of_competencies,admission_requirements_secondary_school_record,admission_requirements_personal_statement_or_essay,admission_requirements_legacy_status,admission_requirements_work_experience,admission_requirements_other_test,ap_credit,credit_for_life_experiences,credits_year,sat_composite_25,sat_composite_75,sat_range,act_reading_25,act_reading_75,average_act_score,dual_credit,ipeds_release,scorecard_release
connecticut-state-community-college,Connecticut State Community College,129367,Connecticut State Community College,New Britain,CT,Public,At least 2 but less than 4 years,"New Britain, Connecticut","Public, 2-year",,Yes,2024–25,,,,"36,315",2024,"$9,059",2022–23,in-state,,,,,,,,,,,,,,,,,,,,,,,,,,,,,,,,Yes,Yes,2024–25,,,,,,,,2024–25 provisional,"June 10, 2026"
coastal-alabama-community-college,Coastal Alabama Community College,101161,Coastal Alabama Community College,Bay Minette,AL,Public,At least 2 but less than 4 years,"Bay Minette, Alabama","Public, 2-year",,Yes,2024–25,,,,"7,553",2024,"$8,600",2022–23,in-state,,,,,,,,,,,,,,,,,,,,,,,,,,,,,,,,Yes,No,2024–25,,,,,,,,2024–25 provisional,"June 10, 2026"
metropolitan-community-college-kansas-city,Metropolitan Community College-Kansas City,177995,Metropolitan Community College-Kansas City,Kansas City,MO,Public,At least 2 but less than 4 years,"Kansas City, Missouri","Public, 2-year",,Yes,2024–25,,,,"13,523",2024,"$8,711",2022–23,in-state,,,,,,,,,,,,,,,,,,,,,,,,,,,,,,,,Yes,Yes,2024–25,,,,,,,,2024–25 provisional,"June 10, 2026"
vermont-state-university,Vermont State University,231165,Vermont State University,Randolph,VT,Public,Four or more years,"Randolph, Vermont","Public, 4-year",2024,No,2024–25,3529,2882,82%,"4,108",2024,"$21,253",2022–23,in-state,,,,,,,,,,,,,,,,,,,,,"Not considered for admission, even if submitted (Test Blind)",Required to be considered for admission,"Not considered for admission, even if submitted",Required to be considered for admission,"Not required for admission, but considered if submitted","Not considered for admission, even if submitted",Required to be considered for admission,Required to be considered for admission,"Not considered for admission, even if submitted","Not considered for admission, even if submitted","Not considered for admission, even if submitted (Test Blind)",Yes,Yes,2024–25,,,,,,,,2024–25 provisional,"June 10, 2026"
long-island-university,Long Island University,192448,Long Island University,Brookville,NY,Private not-for-profit,Four or more years,"Brookville, New York","Private nonprofit, 4-year",2024,No,2024–25,20564,17717,86%,"12,072",2024,"$22,620",2022–23,,24%,4%,21-30,1224,College Scorecard,560,620,670,550,600,680,21,26,30,20,25,30,18,24,26,"Not required for admission, but considered if submitted (Test Optional)",Required to be considered for admission,"Not required for admission, but considered if submitted","Not required for admission, but considered if submitted",Required to be considered for admission,"Not considered for admission, even if submitted",Required to be considered for admission,"Not considered for admission, even if submitted","Not considered for admission, even if submitted","Not considered for admission, even if submitted","Not considered for admission, even if submitted (Test Blind)",Yes,Yes,2024–25,,,,,,,,2024–25 provisional,"June 10, 2026"
pierce-college-district,Pierce College District,235237,Pierce College District,Lakewood,WA,Public,Four or more years,"Lakewood, Washington","Public, 4-year",,Yes,2024–25,,,,"8,137",2024,"$10,851",2022–23,in-state,,,,,,,,,,,,,,,,,,,,,,,,,,,,,,,,Yes,Yes,2024–25,,,,,,,,2024–25 provisional,"June 10, 2026"
montgomery-county-community-college,Montgomery County Community College,214111,Montgomery County Community College,Blue Bell,PA,Public,At least 2 but less than 4 years,"Blue Bell, Pennsylvania","Public, 2-year",,Yes,2024–25,,,,"9,278",2024,"$9,436",2022–23,in-state,,,,,,,,,,,,,,,,,,,,,,,,,,,,,,,,Yes,Yes,2024–25,,,,,,,,2024–25 provisional,"June 10, 2026"
pennsylvania-western-university,Pennsylvania Western University,498571,Pennsylvania Western University,California,PA,Public,Four or more years,"California, Pennsylvania","Public, 4-year",2024,No,2024–25,5930,5594,94%,"7,586",2024,"$19,579",2022–23,in-state,21%,3%,17-25,1063,College Scorecard,480,540,580,460,520,560,17,21,25,14,20,24,16,22,24,"Not required for admission, but considered if submitted (Test Optional)",Required to be considered for admission,"Not required for admission, but considered if submitted",Required to be considered for admission,"Not required for admission, but considered if submitted","Not considered for admission, even if submitted",Required to be considered for admission,"Not required for admission, but considered if submitted","Not required for admission, but considered if submitted","Not required for admission, but considered if submitted","Not considered for admission, even if submitted (Test Blind)",Yes,Yes,2024–25,,,,,,,,2024–25 provisional,"June 10, 2026"
purdue-university-global,Purdue University Global,489779,Purdue University Global,West Lafayette,IN,Public,Four or more years,"West Lafayette, Indiana","Public, 4-year",,Yes,2024–25,,,,"31,224",2024,"$9,494",2022–23,in-state,,,,,,,,,,,,,,,,,,,,,,,,,,,,,,,,Yes,Yes,2024–25,,,,,,,,2024–25 provisional,"June 10, 2026"
