slug,short_name,note
harvard,Harvard,
georgia,UGA,
florida-gulf-coast,FGCU,
cal-poly-slo,Cal Poly SLO,
florida-international,FIU,
west-point,West Point,
umass-amherst,UMass Amherst,
upenn,UPenn,
san-diego,University of San Diego,keep: USD is ambiguous
stanford,Stanford,
princeton,Princeton,
ucla,UCLA,
johns-hopkins,Johns Hopkins,
florida,UF,
olin,Olin College,
vanderbilt,Vanderbilt,
carnegie-mellon,Carnegie Mellon,
byu,BYU,
michigan,University of Michigan,keep: U of M is ambiguous
case-western,Case Western,
georgia-tech,Georgia Tech,
umd,UMD,
uc-riverside,UC Riverside,
brandeis,Brandeis,
iit,Illinois Tech,
usc,USC,
unc,UNC,
san-diego-state,SDSU,
washington,University of Washington,
uc-san-diego,UC San Diego,
missouri-st,Missouri S&T,
emory,Emory,
nyu,NYU,
boston-university,Boston University,
pitt,Pitt,
christopher-newport,Christopher Newport,
michigan-tech,Michigan Tech,
csu-fullerton,Cal State Fullerton,
colgate,Colgate,
lsu,LSU,
kansas-state,Kansas State,
alabama,University of Alabama,
valparaiso,Valparaiso,
virginia-commonwealth-university,VCU,
florida-atlantic-university,FAU,
michigan-state-university,Michigan State,
new-jersey-institute-of-technology,NJIT,
loyola-university-chicago,Loyola Chicago,
northern-arizona-university,NAU,
rochester-institute-of-technology,RIT,
cuny-bernard-m-baruch-college,Baruch College,
suny-college-of-environmental-science-and-forestry,SUNY ESF,
university-of-south-carolina-columbia,University of South Carolina,
university-of-cincinnati-main-campus,University of Cincinnati,
george-mason-university,George Mason,
southern-methodist-university,SMU,
purdue-university-main-campus,Purdue,
university-of-hawaii-at-manoa,UH Manoa,
university-of-massachusetts-lowell,UMass Lowell,
university-of-michigan-dearborn,UM-Dearborn,
grand-valley-state-university,Grand Valley State,
florida-agricultural-and-mechanical-university,FAMU,
milwaukee-school-of-engineering,MSOE,
university-of-south-florida-main-campus,USF,
middle-tennessee-state-university,MTSU,
oklahoma-state-university-main-campus,Oklahoma State,
north-carolina-a-and-t-state-university,NC A&T,
the-university-of-tennessee-at-chattanooga,UT Chattanooga,
university-of-northern-iowa,Northern Iowa,
the-university-of-west-florida,University of West Florida,
university-of-wisconsin-eau-claire,UW-Eau Claire,
university-of-new-hampshire-main-campus,UNH,
university-of-north-carolina-at-charlotte,UNC Charlotte,
university-of-missouri-kansas-city,UMKC,
southeast-missouri-state-university,Southeast Missouri State,
indiana-university-of-pennsylvania-main-campus,IUP,
california-state-university-northridge,CSUN,
california-state-university-chico,Chico State,
california-state-university-san-marcos,Cal State San Marcos,
california-state-university-sacramento,Sacramento State,
california-state-university-san-bernardino,Cal State San Bernardino,
university-of-north-carolina-at-asheville,UNC Asheville,
university-of-north-carolina-at-pembroke,UNC Pembroke,
university-of-new-mexico-main-campus,UNM,
university-of-illinois-at-chicago,UIC,
texas-a-m-university-kingsville,Texas A&M-Kingsville,
texas-a-m-university-corpus-christi,Texas A&M-Corpus Christi,
university-of-akron-main-campus,University of Akron,
university-of-missouri-st-louis,UMSL,
university-of-nevada-reno,UNR,
auburn-university-at-montgomery,Auburn Montgomery,
university-of-louisiana-at-lafayette,UL Lafayette,
university-of-wisconsin-parkside,UW-Parkside,
university-of-wisconsin-stevens-point,UW-Stevens Point,
university-of-wisconsin-milwaukee,UW-Milwaukee,
university-of-wisconsin-green-bay,UW-Green Bay,
cuny-john-jay-college-of-criminal-justice,John Jay College,
cuny-city-college,City College of New York,
old-dominion-university,Old Dominion,
massachusetts-college-of-liberal-arts,MCLA,
central-connecticut-state-university,Central Connecticut State,
north-carolina-central-university,NC Central,
university-of-southern-mississippi,Southern Miss,
